-- phpMyAdmin SQL Dump
-- version 5.2.0
-- https://www.phpmyadmin.net/
--
-- Hôte : 127.0.0.1
-- Généré le : mer. 01 fév. 2023 à 21:15
-- Version du serveur : 10.4.24-MariaDB
-- Version de PHP : 8.1.6

SET SQL_MODE = "NO_AUTO_VALUE_ON_ZERO";
START TRANSACTION;
SET time_zone = "+00:00";


/*!40101 SET @OLD_CHARACTER_SET_CLIENT=@@CHARACTER_SET_CLIENT */;
/*!40101 SET @OLD_CHARACTER_SET_RESULTS=@@CHARACTER_SET_RESULTS */;
/*!40101 SET @OLD_COLLATION_CONNECTION=@@COLLATION_CONNECTION */;
/*!40101 SET NAMES utf8mb4 */;

--
-- Base de données : `divineoil`
--

-- --------------------------------------------------------

--
-- Structure de la table `ci_interim`
--

CREATE TABLE `ci_interim` (
  `id` bigint(20) NOT NULL,
  `debut` varchar(255) DEFAULT NULL,
  `fin` varchar(255) DEFAULT NULL,
  `interimaire` varchar(255) DEFAULT NULL,
  `titulaire` varchar(255) DEFAULT NULL
) ENGINE=InnoDB DEFAULT CHARSET=utf8mb4;

-- --------------------------------------------------------

--
-- Structure de la table `doci_beneficiaire`
--

CREATE TABLE `doci_beneficiaire` (
  `id` bigint(20) NOT NULL,
  `contact` varchar(255) DEFAULT NULL,
  `fonction` varchar(255) DEFAULT NULL,
  `nom` varchar(255) DEFAULT NULL,
  `prenom` varchar(255) DEFAULT NULL,
  `clients_corporates_id` bigint(20) DEFAULT NULL,
  `identification` varchar(255) DEFAULT NULL,
  `plafonage_essence` double NOT NULL,
  `plafonage_gazoil` double NOT NULL
) ENGINE=MyISAM DEFAULT CHARSET=utf8mb4;

--
-- Déchargement des données de la table `doci_beneficiaire`
--

INSERT INTO `doci_beneficiaire` (`id`, `contact`, `fonction`, `nom`, `prenom`, `clients_corporates_id`, `identification`, `plafonage_essence`, `plafonage_gazoil`) VALUES
(608, '0709320594', NULL, 'COULIBALY', 'WAOPRON', 286, 'OP0045', 14, 34),
(609, '050708985254', NULL, 'OUATTARA', 'MAWAZE', 515, 'DP0042', 0, 0);

-- --------------------------------------------------------

--
-- Structure de la table `doci_bondecommande`
--

CREATE TABLE `doci_bondecommande` (
  `id` bigint(20) NOT NULL,
  `aaccepte` bit(1) NOT NULL,
  `adresse_livraison` varchar(255) DEFAULT NULL,
  `cond_es` varchar(255) DEFAULT NULL,
  `cond_gaz` varchar(255) DEFAULT NULL,
  `contact_vendeur` varchar(255) DEFAULT NULL,
  `datebc` date DEFAULT NULL,
  `designation_es` varchar(255) DEFAULT NULL,
  `designation_gaz` varchar(255) DEFAULT NULL,
  `mtn_es` varchar(255) DEFAULT NULL,
  `mtn_gaz` varchar(255) DEFAULT NULL,
  `mtn_global` varchar(255) DEFAULT NULL,
  `numbc` varchar(255) DEFAULT NULL,
  `pu_es` varchar(255) DEFAULT NULL,
  `pu_gaz` varchar(255) DEFAULT NULL,
  `qte_es` varchar(255) DEFAULT NULL,
  `qte_gaz` varchar(255) DEFAULT NULL,
  `ref_es` varchar(255) DEFAULT NULL,
  `ref_gaz` varchar(255) DEFAULT NULL,
  `type_operation` varchar(255) DEFAULT NULL,
  `vendeur` varchar(255) DEFAULT NULL,
  `doc_id` int(11) DEFAULT NULL
) ENGINE=InnoDB DEFAULT CHARSET=utf8mb4;

--
-- Déchargement des données de la table `doci_bondecommande`
--

INSERT INTO `doci_bondecommande` (`id`, `aaccepte`, `adresse_livraison`, `cond_es`, `cond_gaz`, `contact_vendeur`, `datebc`, `designation_es`, `designation_gaz`, `mtn_es`, `mtn_gaz`, `mtn_global`, `numbc`, `pu_es`, `pu_gaz`, `qte_es`, `qte_gaz`, `ref_es`, `ref_gaz`, `type_operation`, `vendeur`, `doc_id`) VALUES
(642, b'0', NULL, 'RAS', 'RAS', '0709320594', '2022-12-26', 'D2', 'D1', '5000', '2500', '7500', '00000001', '500', '500', '10', '5', 'R2', 'R1', NULL, 'SOCIETE IVOIRIENNE DE RAFINAGE', 641),
(690, b'1', NULL, 'RAS', 'RAS', '0709320594', '2023-01-24', 'DES2', 'DES1', '180000.0', '5625000.0', '5805000.0', '0045BC', '45.0', '750.0', '4000.0', '7500.0', 'REF2', 'REF1', NULL, 'SOCIETE IVOIRIENNE DE RAFINAGE', 695),
(693, b'0', NULL, 'RAS', 'RAS', '0709320594', '2023-01-24', 'DES2', 'DES1', '3279000.0', '5421500.0', '8700500.0', '899BC', '655.8', '774.5', '5000.0', '7000.0', 'REF2', 'REF1', NULL, 'SOCIETE IVOIRIENNE DE RAFINAGE', 692);

-- --------------------------------------------------------

--
-- Structure de la table `doci_bonlivraison`
--

CREATE TABLE `doci_bonlivraison` (
  `id` bigint(20) NOT NULL,
  `accepter` tinyint(1) DEFAULT NULL,
  `datebl` date DEFAULT NULL,
  `designation_es` varchar(255) DEFAULT NULL,
  `designation_gaz` varchar(255) DEFAULT NULL,
  `immatriculation` varchar(255) DEFAULT NULL,
  `mode_transport` varchar(255) DEFAULT NULL,
  `motif` varchar(255) DEFAULT NULL,
  `numbl` varchar(255) DEFAULT NULL,
  `qte_es` varchar(255) DEFAULT NULL,
  `qte_gaz` varchar(255) DEFAULT NULL,
  `ref_es` varchar(255) DEFAULT NULL,
  `ref_gaz` varchar(255) DEFAULT NULL,
  `rejeter` bit(1) NOT NULL,
  `saisie_essence` varchar(255) DEFAULT NULL,
  `saisie_gazoil` varchar(255) DEFAULT NULL,
  `doc_id` int(11) DEFAULT NULL,
  `gerant_id` bigint(20) DEFAULT NULL,
  `prestataire_id` bigint(20) DEFAULT NULL,
  `station_id` bigint(20) DEFAULT NULL,
  `user_id` bigint(20) DEFAULT NULL,
  `hierachie` bit(1) DEFAULT NULL,
  `cloturer` bit(1) NOT NULL
) ENGINE=InnoDB DEFAULT CHARSET=utf8mb4;

-- --------------------------------------------------------

--
-- Structure de la table `doci_clientcorporates`
--

CREATE TABLE `doci_clientcorporates` (
  `id` bigint(20) NOT NULL,
  `contact1` varchar(255) DEFAULT NULL,
  `date_enreg` date DEFAULT NULL,
  `email` varchar(255) DEFAULT NULL,
  `localisation` varchar(255) DEFAULT NULL,
  `nom` varchar(255) DEFAULT NULL,
  `stations_id` bigint(20) DEFAULT NULL,
  `num_doc` varchar(255) DEFAULT NULL,
  `user_id` bigint(20) DEFAULT NULL,
  `societe` varchar(255) DEFAULT NULL,
  `localistation` varchar(255) DEFAULT NULL,
  `remise_essence` bigint(20) NOT NULL,
  `remise_gazoil` bigint(20) NOT NULL,
  `plafonage_essence` double NOT NULL,
  `plafonage_gazoil` double NOT NULL,
  `interlocuteur` varchar(255) DEFAULT NULL,
  `nbre_beneficiaire` int(11) NOT NULL,
  `type_client` varchar(255) DEFAULT NULL,
  `cloturer` bit(1) NOT NULL
) ENGINE=MyISAM DEFAULT CHARSET=utf8mb4;

--
-- Déchargement des données de la table `doci_clientcorporates`
--

INSERT INTO `doci_clientcorporates` (`id`, `contact1`, `date_enreg`, `email`, `localisation`, `nom`, `stations_id`, `num_doc`, `user_id`, `societe`, `localistation`, `remise_essence`, `remise_gazoil`, `plafonage_essence`, `plafonage_gazoil`, `interlocuteur`, `nbre_beneficiaire`, `type_client`, `cloturer`) VALUES
(286, '0709320594', '2022-07-14', 'coulwao@gmail.com', 'BADIKAHA', 'DANIEL OUATTARA', 10, '478er1452', 15, NULL, NULL, 10, 10, 524, 544, 'BAMBA MOUSSA', 0, 'SIMPLE', b'0'),
(287, '0415010212', '2023-01-07', 'coulwao@gmail.com', 'Jean-Yves Irié Bi', 'Jean-Yves Irié Bi', 9, '7458er', 15, NULL, NULL, 0, 15, 500, 100, 'koné', 0, 'SIMPLE', b'0'),
(515, '010101', '2022-09-17', 'D@F', 'ABOBO', 'DUPON', 10, 'DEF01', 15, NULL, NULL, 2, 5, 100, 100, NULL, 0, 'SIMPLE', b'0'),
(688, '0709320594', '2023-01-22', 'coulwao@gmail.com', 'Abengourou', 'SOUPKA TRANSPORT', NULL, 'ABJ-01-A-45-ER-7', 15, NULL, NULL, 10, 10, 0, 0, 'KASSY Evrard', 0, 'DIRECTE', b'0');

-- --------------------------------------------------------

--
-- Structure de la table `doci_clientcorporates_beneficiaire_list`
--

CREATE TABLE `doci_clientcorporates_beneficiaire_list` (
  `clients_corporates_id` bigint(20) NOT NULL,
  `beneficiaire_list_id` bigint(20) NOT NULL
) ENGINE=MyISAM DEFAULT CHARSET=utf8mb4;

-- --------------------------------------------------------

--
-- Structure de la table `doci_clients`
--

CREATE TABLE `doci_clients` (
  `id` bigint(20) NOT NULL,
  `contact1` varchar(255) DEFAULT NULL,
  `contact2` varchar(255) DEFAULT NULL,
  `localistation` varchar(255) DEFAULT NULL,
  `nom` varchar(255) DEFAULT NULL,
  `prenom` varchar(255) DEFAULT NULL,
  `station_id` bigint(20) DEFAULT NULL
) ENGINE=InnoDB DEFAULT CHARSET=utf8mb4;

-- --------------------------------------------------------

--
-- Structure de la table `doci_clientscomptants`
--

CREATE TABLE `doci_clientscomptants` (
  `id` bigint(20) NOT NULL,
  `contact1` varchar(255) DEFAULT NULL,
  `date_enreg` date DEFAULT NULL,
  `email` varchar(255) DEFAULT NULL,
  `localisation` varchar(255) DEFAULT NULL,
  `nom` varchar(255) DEFAULT NULL,
  `num_piece` varchar(255) DEFAULT NULL,
  `type_piece` varchar(255) DEFAULT NULL,
  `type_client` varchar(255) DEFAULT NULL,
  `stations_id` bigint(20) DEFAULT NULL,
  `user_id` bigint(20) DEFAULT NULL,
  `localistation` varchar(255) DEFAULT NULL,
  `remise_essence` bigint(20) NOT NULL,
  `remise_gazoil` bigint(20) NOT NULL,
  `cloturer` bit(1) NOT NULL
) ENGINE=MyISAM DEFAULT CHARSET=utf8mb4;

--
-- Déchargement des données de la table `doci_clientscomptants`
--

INSERT INTO `doci_clientscomptants` (`id`, `contact1`, `date_enreg`, `email`, `localisation`, `nom`, `num_piece`, `type_piece`, `type_client`, `stations_id`, `user_id`, `localistation`, `remise_essence`, `remise_gazoil`, `cloturer`) VALUES
(147, ',0147845133365', '2022-07-04', 'd@gmail.com', NULL, ',openlab consulting', ',jjhgab774851aasa', 'ATTESTATION', '2', 12, 209, NULL, 15, 15, b'0'),
(150, ',01010101', '2022-07-06', 's@gmail.com', NULL, ',sertemef', ',cci0001', 'ATTESTATION', '2', 12, 209, NULL, 20, 20, b'0'),
(157, ',020102', '2022-07-06', ',s@gmail.com', 'bouake', ',SIB', ',SI', 'ATTESTATION', '2', 12, NULL, NULL, 0, 0, b'0'),
(284, ',010101', '2022-07-13', 'd@gmail.com', NULL, ',bbb', ',flflfl', 'ATTESTATION', '2', NULL, 209, NULL, 0, 0, b'0'),
(316, '05478451200', '2022-07-23', 'coulwao@gmail.com', NULL, 'Jean-Yves Irié Bi,', '01457820', 'ATTESTATION', '2', NULL, 209, NULL, 1, 0, b'0'),
(516, '01010,', '2022-09-17', 'e@u', NULL, 'kone,', 'CI00002,', 'ATTESTATION', '2', NULL, 209, NULL, 25, 35, b'0'),
(605, ',070932054875', '2022-11-07', ',coulwao@gmail.com', 'katiola', ',OPENLAB CONSULTING', ',CA4412ERS7845', 'ATTESTATION', '1', 9, NULL, NULL, 5, 10, b'0');

-- --------------------------------------------------------

--
-- Structure de la table `doci_corporate_directe`
--

CREATE TABLE `doci_corporate_directe` (
  `id` bigint(20) NOT NULL,
  `accepter` bit(1) DEFAULT NULL,
  `datebl` date DEFAULT NULL,
  `designation_es` varchar(255) DEFAULT NULL,
  `designation_gaz` varchar(255) DEFAULT NULL,
  `hierachie` bit(1) DEFAULT NULL,
  `immatriculation` varchar(255) DEFAULT NULL,
  `mode_transport` varchar(255) DEFAULT NULL,
  `motif` varchar(255) DEFAULT NULL,
  `numbl` varchar(255) DEFAULT NULL,
  `qte_es` bigint(20) NOT NULL,
  `qte_gaz` bigint(20) NOT NULL,
  `ref_es` varchar(255) DEFAULT NULL,
  `ref_gaz` varchar(255) DEFAULT NULL,
  `rejeter` bit(1) DEFAULT NULL,
  `saisie_essence` bigint(20) NOT NULL,
  `saisie_gazoil` bigint(20) NOT NULL,
  `doc_id` int(11) DEFAULT NULL,
  `prestataire_id` bigint(20) DEFAULT NULL,
  `user_id` bigint(20) DEFAULT NULL,
  `corporates_id` bigint(20) DEFAULT NULL,
  `ecart_essence` bigint(20) NOT NULL,
  `ecart_gazoil` bigint(20) NOT NULL,
  `cloturer` bit(1) NOT NULL
) ENGINE=MyISAM DEFAULT CHARSET=utf8mb4;

--
-- Déchargement des données de la table `doci_corporate_directe`
--

INSERT INTO `doci_corporate_directe` (`id`, `accepter`, `datebl`, `designation_es`, `designation_gaz`, `hierachie`, `immatriculation`, `mode_transport`, `motif`, `numbl`, `qte_es`, `qte_gaz`, `ref_es`, `ref_gaz`, `rejeter`, `saisie_essence`, `saisie_gazoil`, `doc_id`, `prestataire_id`, `user_id`, `corporates_id`, `ecart_essence`, `ecart_gazoil`, `cloturer`) VALUES
(655, b'1', '2023-01-07', 'Essence', 'Gasoil', b'0', 'GF001', 'KOFFI', NULL, 'CP001', 2000, 1000, 'RE', 'RG', b'0', 0, 0, 654, 18, 446, 287, 0, 0, b'1'),
(658, b'1', '2023-01-07', 'ESSENCE', 'GASOIL', b'0', '5503FD01', 'OUATTARA', NULL, 'CP002', 500, 300, 'RE', 'RG', b'0', 0, 0, 657, 18, 446, 515, 0, 0, b'1'),
(681, b'1', '2023-01-11', 'D1', 'D1', b'0', 'AZ10ET', 'MTI TRANSPORT', NULL, '00045', 100, 100, 'R1', 'R1', b'0', 0, 0, 680, 20, 679, 286, 0, 0, b'0'),
(687, b'0', '2023-01-22', 'DES2', 'DES1', b'0', '4578LG01', 'KOKO Daniel', NULL, 'B001', 1000, 2000, 'REF1', 'REF1', b'0', 0, 0, 686, 20, 446, 515, 0, 0, b'0');

-- --------------------------------------------------------

--
-- Structure de la table `doci_docs`
--

CREATE TABLE `doci_docs` (
  `id` int(11) NOT NULL,
  `data` longblob DEFAULT NULL,
  `doc_name` varchar(255) DEFAULT NULL,
  `doc_type` varchar(255) DEFAULT NULL
) ENGINE=MyISAM DEFAULT CHARSET=utf8mb4;

--
-- Déchargement des données de la table `doci_docs`
--

INSERT INTO `doci_docs` (`id`, `data`, `doc_name`, `doc_type`) VALUES
(641, NULL, NULL, NULL),
(654, NULL, NULL, NULL),
(657, NULL, NULL, NULL),
(680, NULL, NULL, NULL),
(686, NULL, NULL, NULL),
(689, NULL, NULL, NULL),
(692, NULL, NULL, NULL);
INSERT INTO `doci_docs` (`id`, `data`, `doc_name`, `doc_type`) VALUES
(695, 0x255044462d312e370a25b7beadaa0a312030206f626a0a3c3c0a2f54797065202f436174616c6f670a2f50616765732032203020520a3e3e0a656e646f626a0a322030206f626a0a3c3c0a2f54797065202f50616765730a2f4b696473205b203420302052205d0a2f436f756e7420310a3e3e0a656e646f626a0a332030206f626a0a3c3c0a2f50726f6475636572203c4645464630303639303036453030373430303733303036393030363730303245303036333030364630303644303032303030373030303634303036363030323030303730303037323030364630303634303037353030363330303635303037323e0a2f5469746c65203c4645464630303431303037363030363530303645303036313030364530303734303032303030353430303444303034333e0a2f417574686f72203c46454646303034333030363130303644303035333030363330303631303036453030364530303635303037323e0a2f5375626a656374203c4645464630303431303037363030363530303645303036313030364530303734303032303030353430303444303034333e0a2f4d6f6444617465203c464546463e0a2f4b6579776f726473203c464546463e0a3e3e0a656e646f626a0a342030206f626a0a3c3c0a2f54797065202f506167650a2f4d65646961426f78205b203020302038343220353935205d0a2f436f6e74656e74732035203020520a2f5265736f7572636573203c3c0a2f50726f63536574205b202f504446202f54657874202f496d61676542202f496d61676543202f496d61676549205d0a2f584f626a656374203c3c0a2f58312037203020520a2f5832203130203020520a3e3e0a3e3e0a2f506172656e742032203020520a2f416e6e6f7473205b203920302052205d0a3e3e0a656e646f626a0a352030206f626a0a3c3c0a2f4c656e6774682036203020520a3e3e0a73747265616d0d0a30203020302052470a302054720a710a312030203020312036333920313020636d0a313439203020302031372030203020636d0a2f583120446f0a510a710a3120302030203120342e333537313520323520636d0a3833332e323835373120302030203537302030203020636d0a2f583220446f0a510a0a656e6473747265616d0a656e646f626a0a362030206f626a0a3131390a656e646f626a0a372030206f626a0a3c3c0a2f4c656e6774682038203020520a2f54797065202f584f626a6563740a2f53756274797065202f496d6167650a2f486569676874203132310a2f576964746820313034380a2f436f6c6f725370616365202f4465766963655247420a2f42697473506572436f6d706f6e656e7420380a2f46696c746572205b202f4443544465636f6465205d0a3e3e0a73747265616d0d0affd8ffe000104a46494600010100000100010000ffe202404943435f50524f46494c450001010000023000000000021000006d6e74725247422058595a2000000000000000000000000061637370000000000000000000000000000000000000000000000000000000010000f6d6000100000000d32d0000000000000000000000000000000000000000000000000000000000000000000000000000000000000000000000000000000964657363000000f0000000747258595a00000164000000146758595a00000178000000146258595a0000018c0000001472545243000001a00000002867545243000001a00000002862545243000001a00000002877747074000001c80000001463707274000001dc000000546d6c756300000000000000010000000c656e5553000000580000001c0073005200470042000000000000000000000000000000000000000000000000000000000000000000000000000000000000000000000000000000000000000000000000000000000000000000000000000000000000000058595a200000000000006fa2000038f50000039058595a2000000000000062990000b785000018da58595a2000000000000024a000000f840000b6cf706172610000000000040000000266660000f2a700000d59000013d000000a5b000000000000000058595a20000000000000f6d6000100000000d32d6d6c756300000000000000010000000c656e5553000000380000001c0047006f006f0067006c006500200049006e0063002e00200032003000310036000000000000000000000000000000000000000000000000ffdb00430001010101010101010101010101010101010101010101010101010101010101010101010101010101010101010101010101010101010101010101010101010101ffdb00430101010101010101010101010101010101010101010101010101010101010101010101010101010101010101010101010101010101010101010101010101010101ffc00011080079041803012200021101031101ffc4001f000100030002030101010000000000000000090a0b0708040506010302ffc40047100000060300010302020508050c020300020304050607000108090a11131214157816212239b7172331343874b3b81a325797d8181924414251597798b4b6d733762561a1ffc400160101010100000000000000000000000000000102ffc4002d1101000102030802020203010100000000000111f02131415161718191b1c1d1a1e102f172c24292b212a2ffda000c03010002110311003f00bfc6318c06318c06318c06318c06318c06318c06318c06318c06318c06318c06318c06318c06318c06318c06318c06318c06318c06318c06318c06318c06318c06318c06318c06318c06318c06318c06318c06318c06318c06318c06318c06318c06318c06318c06318c06318c06318c06318c06318c06318c06318c06318c06318c06318c06318c06318c06318c06318c06318c06318c06318c06318c06318c06318c06318c06318c06318c06318c06318c06318c06318c06318c06318c06318c06318c06318c06318c06318c06318c06318c06318c06318c06318c06318c06318c06318c06318c06318c06318c06318c06318c06318c06318c0633fc8c602c0230c184b2c01d886318b4100021d7b884210b7a0843ad6b7bdef7bd6b5afd7bde7861746c18820038a118c62d04000ab4e210842deb410843a337b1085bdeb5ad6b5bdef7bd6b5af7c0f3b18c60318c60318c60318c60318c60318c60318c60318c60318c60318c60318c60318c60318c60318c60318c60318c60318c60318c60318c60318c60318c60318c60318c60318c60318c60318c60318c60318c60318c60318c60318c60318c60318c60318c60318c60318c60318c60318c60318c60318c60318c60318c60318c60318c60318c60318c60318c60318c607f830c2c92cc34d300514500461a6982080b2cb0076219860c5bd04000075b10842de8210eb7bdef5ad6f79446f30beaeb32ae9bcbf9cfc60b5c3e5eef175ae31c977584cdbc1288894f68c624ab53d230d3465b44a4a6a5a0349058130d3a44dd4f4e77e071190319cdf24592cfeaabedd96f1e78b59245eb7785cc161f58cf5af9cd1bdb51fa4ce6c5037b8fc8e5369b8a53bea098505da231a3e0071e9bfe989753a0ac48320e4e0524e78fe13fc68a9f2abde107e6d737b718bd5ac51d7bb6ef392b2fd017f6caaa1eb599b5c1146cc3d1ad44448253269245e20dab979262568dbf1cf862672fc2b4d6b85fac6bc7db8a6cef22fe513b566834738eaeeb3b9e4d20f9409a07149ccecb653c3b108c38962aa6b935ae2680b16c7bd9c4b1c5529620e801183602cbd078f9d20de4569d4a7d80f50fed4ab11232c4e2a66ce91fbce109529400efea5c7c915a46b2882c20d6fea5262d08421d6fdc7ad6b79b43f2b718f2df1256ed954f2cd2303a721eda8d3243c1166520b7f9118981a0e9d2672e57a53299abe1fb0fd6a5ee52f0ece678bdb4353f400b003b39bd685ad845ad0822d6f420ef5adeb7adebdb7adeb7fab7adebf56f5bfd5bd6063b3c55ea34f2bbc58fad1b6fe9394f4257289417b73aa3a71c9d6df627241f2922311374b9fdc0566c4fe2200614de18c4d5b5b12186fd6a1a57921fb616935e1f7cd1737f978a95c9fabd4c75657cd7c8900ee6e7d90bb26737e89ed68829d3ca628f05276fd4deb9735bf523412621b1b16a05df435c9195956a86ed38f473cdbfa72b9b3c82d5b33b6b9aabf84d13dbb1e6d5d208d49220d6df1286de2b5127d9e383db2ccd64266735d5f8b276898ac9292279132bb18de27f5cf51a20e6b05007c32a8ef3a17ca2536ebc9548db160ddd555926c5ae4a7e34caa132a555c85f3f462e482d9a7baa9698dc35ac6dc439b718f13d7566628c4c50b23b9cb133ab4211963745edf96cdd8cfcd6f7bd6b7bd6c3bdeb5bd877edee1def5fd1bfa7620fbebfa37f48b7af7fe8def5faf3f7018c63018c63018c63018c63018c63018c63018c63018c63018c63018c63018c63018c63018c678eace353a552a084872f3884e71c4a14c34c5a85869458865a44e62c3d2a301ca061d1250d5aa4c98260c223cf24ad0cc08530bd611e4e3546f3944fc7755b21d27b43a7d19330bacd6d58102f8c73e313b8cb6e6055f028295a33adb99b51883fd53085910864c5a1c09da57f4c23233fd22be20bf959b105e502fa8c04fad6a57b718f72c31bba7d8d2cc6db6d11cdd26b5bed4f07c2ad92ad108e648aaafa4f24eb1ce70714a6a376aecbd9deb3a4bd3b9e667c97f9219574975d44a035256776dc280f98489b6eb804ddc29da29b1490d6c71788475add5c953cba44abe6d42c2c898846044ef27d7e2ef024c5383a2d0686b4852d5af39d415bd134f4610c36b0a9e1ec9078446dbc1ad12dac2c28cb4697471bbd68d5ae2af601ae76745423173b3aa958e6bce3d6ab50718c3b6edf7fb8309d348ddbf1db18d3beb0e53c63180c63180c63180c63180c63180c63180c63180c63180c63180c63180c63180c63180c63180c63180c63180c63210fcf3f96767f13dc68be7517133bc74bdc8a9cabce71893a6c0a139323d37fcf20b35f1b77ee35d14ac102a46e6b526c3a21e248e7138ca9352a57e3d7230f92f30be7ff0093fc4e349d02585eef6eb377672dce31cf7137829bbf0046bcad98d924b765c146e696011f540d814b736690ba4c64448c939a5802cc6a89020cf17b33d477e59bb2de1e02e1d2f25e7caf5c0e1fd855dcc2a9c29d656d43f7061a046aa62c4bc569c8c2695b2885e091cedc902c0962081b92a738d4c2e9072c731f5af970ed34156c217bdda97dddd24769ad8f664edd57b810c8d435a4a99b5ab64c88e0aa549985902b4a1a93400395ad5aa5a634c0895bbb9b3b5a8d4bbc63fa7c7c7ff8dd8946dcd25671be81e8e4a9122892f44dc1196a91bf81fc058f6a8dac632ec17562aa198934f509db811c2c52939bb652791cb242717a3f4bbbea5ddf5653c9a3bdff006e2526c448c7d87672256505c93ce53365d5344aa483b7bd85793262887224e28dd8b7b0aa02d1007bdef7a337efbce5da23caaf93fe349684caa7b13a4e04e51e53a4ab605319b48a630e24f4c6004344f95459c292430d3cbf8fe1105c233b58414330a28c27460f5bdb5821080210002100001d04000eb4108421d6b410843ad6b410875ad6b5ad6b5ad6b5ad6b5ed9d23ed5f1c9c63e41e00e500eaba261562814a135232ce36d695a2d284a811269699ce1163b69244aa3cad198668f0a521c0c657011604cf6d2eade23911afaf8bc361f5afeb92b39e18bd58307eae98c3f98bc83b1c4291bb654b12c7e017b4606733d2d6348559c5a56a8e4c1a5d56ad3eae96bc9a6149db5d36eabe0cfeea60d26cc86283da5a9cae8398cbf9a1f0fb6c788ee9c22b4735ce361d116881ce43ce96e8d0849552e8f22569d3b9c4254991920448acb849cbdb5149513780281d51b8b1c9da93a148fe1676bd273d3bf67f7058fe34aa947de554d8b5fd955fa93a0f5f4b6d20690cd6e1a61b5b1a94c027322647258298b63d2246ad4c414ac97b53638ca90c75b25e139d4c7d56b76bf44e17d34efb93998c63018c63018c63018c63018c63018c63018c63018c6302323ca5f95ae67f13d4397705f2b96c8257293d73353f4c45d4250cead69321209395a56cfbafa9331c658cb54914cb664e6589b1812aa4841443abfba31303be6bfdc5ea7bf2add88f6f68e21732ce47aa168952769adf9b54a9873da66e344201227cb843ed69bbbced2ec24af54d1208b302937461e8a2cd7a336507817d40bdbb2dee2f295d352873785caebca567b24e73a6190d3f436c6481d4320748b2a716b24b108b006772e49249fa93ccf7583149094678c24b7a44c9ae4fe9b4f013cd358f2e531de1d5159462e8e8abe62acf6b564c7603491258352f5a4a1381e2bc58c712794836671b064f1b50d52f71963cb7ae571bd3937b2c4f6d86217678900dbfaf7afc68a052268f239d14903386f6ced9bd50add88e04c1122bdace48af640f6319c1901053e127ec91ef62119a563f8c7bdef7b0eff005e7b587765f925e3499a24f18e8eebee7c97328895c08b2fb0ad5870444fc83d9617982485c13b53c359e600cd1881f189735aad84613931bf48b5adc1892494e4949d3945909c82c0490412584a24924a0e805145140d04059658021000b007410075a0875ad6b5ace0be88e5ee77eb5af1d2a9e95a6abebaa00ee9cf4e7c7e7b1d42f404625010876bd85c4d2c2ef197a20402cd44ff001c706a7b6e50512a9038265049468061ef8288de24fd5fd6126984468cf298898e490d7b548589bfad6171f491c9244961fb2522670b8e051e4c9e36ff001b19a2d18e92b8234c71d5813806a94c5653a38e528741d647b669332b448e38ecdafd1e9035a07b627c665a99c9a1e599d5214bdadd9a9c5198723706d7142a0858856a538d4ca929c51e418328c08b791dfa82fc223af896bc9865f552b7c96f1c5ece2ebba95fde8462f7eade5484afc41de9d9abb8092c971588900c6ef067f3f442d93c613ae29616a9ea2cfee2aae93e93397769acf1c26571d5554d8f10aeab696270727d8363a1db2ac9d5332846a5cce8eb234bbacd4b54c6a03224cb0c8c491c5950c6dc6312e646287b839b7458f29bc2d1f8c63018c63018c63018c63018c63018c63018c63018c63018c63018c63018c63018c63018c63018c63018c63018c63018c63018c630295deb6a863fb9f12f224f112754747a25d3ced1e7d3492cc313a45d34aba4aad8cf59b000412403d43dd529279a2003e6500235b118a0b0eebcfe921ebdab397fc9eb843adc7f6688b2f5152cfb47c424cf871485025b40c99c26670b6458eca3614ede4cbc318788cb785418516e32a728c37007f70a4800f4a0effe25aabc887255bfc9570fdca38bda0c4592d9266d28b39ea0b35655643d42674c80344580e708bc8d120711a030d2933d37817312f1fe1ce8ac22c78bc8bf8c0eb9f17d73b8d5bd1f007342c8639a8056f73b0227057545acd050ce3513bc3259b4e048173da4274a5d622e462396c6ccde80eed441262454a873beb8e55d3ccedcd8cc9e7c7dfaacbc8ff16c7e3d5ada47c6bb329f8ea64edad4cd742d756fb558d9521241291a586e967d2a7956427013b010758ac163a94c419a4688d4a893a44e9eda5c9feb00f1797a89b596f6496e720cb55892a75075811736c4ad74b956821d1282795894f6f404851fbd967bacaa01106f20ad8152838923e712711155ad338d6034d5495539cf5eeb4ace0b027ab4e5ee560598f1128b33303b58138783046b9cb264e4da8d3ad923fac18b7f2ba3b9ead5fd1bf8c0604bd681af4346f46d03d370d4f6173b5d157ddf0951b083526aba6f1d9b35273f7f5684897a88fb82ed363892200cb52dae214abd29c5984a94c51a58c01e68c06319560f538f9aa90f8dfa4239cddcdb2321a7afba398dc17a79424380276a369c2d4a96770b19011b2cd0953196bba5708ad78a0f084a6e35ae592728c0b8c69ad3ad0ee97930f50a78f3f190ece35cd83327bba3a0d0165ed550b48276c91ca63861da2c44ff002872271726b874005b28d2d48d9de1e8d990909a52f45135c90e28e1d5ea7deb81bc563b29155dc1154c7188278c28cb9f5c92f9a3b1a98268b459aa4f8ec46048c83ce274110c8293a92d39bb1002a15043a18ab73e2e3c50f56f98ae809143ead5c1688d30a926537d744585b75788f424a922f547fddb91da376eb35b0a58a8a7452c51825712e0fea9338b8bbbb3333a4747d477cea57d1c5e2be03154adf6d48ba2ef9980c807e2d2675b112578ce259f1e826991f8b40d91bce694021ebe4291bd48e54aca16f6131d0f07b074bed7d632ac1bfd6e9f1ceb319608fbe67f5b942dde48dec7d77c56f1098dac52988576150d6297343da407a90946a9555b4d996307a9429081fdd2839bec052e1b2c830b48ceb0f30a2f2e7bca5d77ce5dbb4dc7afbe5db52376d56322d6c929e588e3895ecaec5104285b1a96c79c4946ff001095b616a9389ca37246d6d78485a84e79893ed95263cea577929f46b419aab6955a5e346cdb0164fa388153d6b9cae878639037cdd3224ff29ec75c58c8da238bd8248716499b676b9c15206e7b733c0894caa3498405008ccf4aac3fca4d5fde6375a2694b05572aad90a9ac3b5cb9f94b6095932236650bd01ea4b5b2529292b2f0abdf40350d9178da272978003758bbfa6648f481cdd5186a2b9d17eeef245c73e372b426ceeb5b81a2008dd44a0887435090a24765584e09f40d1adf0782338543e3ce8830d20a7179308471961da94c748df59d29c051bed6da32b7e8256b604da2d067db3e4d1185c9e4b1dade2e736a6924f9f191996b9354398543c2b40d49dda48b9310cede7b8ac4c8c952b0b3141c02822de637f72c5fc98798cf28aff5bd9d049eb876459d365b1e32aa9db73fc31a79fe1ad262873d475633c892854d6b5555f1d506b82a354a1dab5646d43c1a5c8a6125198f41682be3d6fc594fead07317080d6c58916bec6577c5b216b7f710ef62fab4aebfafa3ceedccc200740deb64d96fba336216b612b45eb66719d67eb80b812bea20dc9c175b3ec64c54581c4dacee194451f51a218c21394a222531599b7b9aa4e0d8cd2d11ea1a4a563d04813821d0b6a0328fc87e8def1e95741da0deb897da9d416a2a4294c93fe0d2e74a8ea96c71d97b1a9451164876d04e8f4841a6093fe2b229ba935d009c95a5b23008e39bc1f59d4fe8f0f1956a401e91f33adb6396ed1290ab322720227b21b660663bfc03d23226713b1973d3fb8b288efa347fe8d4ca30e64eb7f38552a097b467bcdebe3d9e6f5f1ed2d9e32bcd270df9568fadd73cce5c63d6cc79ac0eb34e7eb392a28d5b11b4011924287a44dc95c5d19a67162559e4a7324b0c787b44de3548089096c2e2bd3378a59b30ed97c73acfc47778bb4776eebaa5ea6e47b4cafb47d8ead34f406ad42590e2d0f0da70cb4ba9157d62c41cd1389489d1194925506936903e35813b92d6f0ec7be3a7b1a37dfdc4dce9d751a4a91b017257c89de48c2854ed5a68b580caad645ac98a10a07bf98e4f1a9e31c899919ea025a854891a6566945ecffa741dd03cdf84938edebeaf88a30dfa7dfdbeaf8c1b1fb7bfb6fdbdfdbdbdfdb7edff0076f2a27c6deae9e7cec5ea8a139698b90ade82bd5f36646ab369973f5890c71686171932c0a146b97a040d65ac5640540cb2fe04e600c3066043a187df7bd5b9d77f5259fdd547f823cc22796af97de59e96e7ee968cb5267e7fa02e8acae46a8fae587b7a0912bade64cf2e0475c57262ce5291b9ff004d2267705041269c5225a78cb28c1eb40dda61135a6331d29b96984698cf8fbcb6f06c37e4e7cd171078a68da01f42cd1ca456bc95b46e908a02b34a86456b49507d4a0825ed637ab706c6787c50c5898e4a1934bdd9a11ae393ad4ec053e382152801518b23d6ff00742b7e5bfc90f06d5ec3182d59a06edd916f4ae5afcad080e168950b43188c429bdbd5a8234119a8c81399288e188a02f5e02f47191c5e393c32f727a84ae7b3fba7a66d970ad29a9ccfdd564d6fb91321cff28b36489151699c61347c34f5adedfa8dc351104c4ca7c58e2921906250a18d31a092ad6275606cb5bc77d1cfe239a6205479e9c3a9e5520fb708144f5c2e2636d7e129d97bd18a12b531d7cdd114e5e8cdec69d3a88eaed94009659e72ade8c30d88e88f217ad769f994b5ae29dadca6f94ab038a94c94db6e9897aab458d9447ec60357c8eb8778fb0cad2b2a2de8b354a98c3ecd5ec648ccd238d2a389016a2ebb53db559ded5c43edea72731ab2ab19fb2a690c367110744cf31e90342bfab45aa42b928c60d8ca3406a55a90dd14b1b97a752debd3a65c954272b2b3f3bde9d79af89d6961bfa9b9f48af1e47954912c4163eca1a9bd258f50cadc539a6b1b55846b0109185f5864e248b09649c3533c71096f012634ecc8dcbd6b0aa90f7afd1d5e48e615af50c8bc71cf648a57d45d04c92a9ed32d4e6b8d30885ddb08643a4b236e8f146e844a16cb16be67902e7a4ba38b24c9143184d409b4bde5d0c582eef834a4c836f331e70eb3f0d877399362d133aba7fe51455b66b38a15298fc6ff0046ff009251d68070d3969f11aafbcfc5ff0094a45b47b4bb07dbfe18abe7d0be627da72733f9f5cd7f5df185fdd7b37fc6e55cb4cf7457e63daeddd1e616b6f1a3e56e9df233c5b25ede046cfe77aca1933b022b3005a3308f0d24591574d2c8f6f7277f939216d636b660363d94b4d395985968d31233941da08bf6601bb87d66fcaf4e4ade205c5d43c9baad4b32e50daaad697498ca82a95672619e50d6c3d1191c934ea62ddf3160016a5d19a069d596312a6f54b527c07a9a42d0dd27d9d7c72ac0fc37736b248646c575757c86e2550c87293ff486dc964961958c622f087cd0c495020afabe3eb677b15c4c715c5c7c2e2ea6caa4c36f490744e25dcc787fd16d4231431864fdff007cd8560596b91275cef58502e4d509ad62ea8f20a11cc2b66cfd1c7e98ce8c4467ca11bcb3a6af138cedfc64a2549c80ab593e539df4fae4e94467d6fdd1c95ec07cc7846927c8dfcdad98d719b6277157bd91efafa8007e746098a0d1dedf57b1a28e081efbd7b93edadfbdaabc53f9f3e22f2b833e0d5bb83e53bd16d4d66bbbb73e5a86b5a6933a36a400cc7079ade42dca4c63b1d95b8b00ce710b67e1f29684801383e44da5b069d69f111d73e8c5e239c57ef6ab8e6dbb868cb75137aa3a3082c791a1b42a67c712f403933649129ac0dd3a652966ca1a1d3fb4499c74d0155b703630ff00b4a1407e7b2facdd27e3d3ac5c19959d24a47a7f962d8193f78daabedde2233d843b68c4ce0d8b8afad23b33aef84a5adeb0afbc619546dc083c1f88323aebee05ddf86eb98ce8a78cdecc6af207c25cd5d72de9903738db95e255735656c34c350c7acc8caf5f0db358116ced054e9bdaa7b1e90a56a12a000f3da408150b420a800c7de738e253926a85069642720b30e3cf38c0944924941d8cd34d347b080b2cb0044330c18b410075b10b7ad6b7bc0f8ab2eceaea9981ca2d1b6a7115adab884b4a87d974e26cfadd1b8bc71a12eb5f32f777a7550950a22342100a2f671c111c79852720261e69658e9f5d9deb3de3fa8df9d61fc7542cf3ab5636a91231d8f2b7edd1f562b1076604c5b1a29c6372bb0e4694a10000d01de1f072d57d623922d35300a394d613d43de6c671e4cfa424750d4d2f706fe1ca4650b992b18e342f3c869b8e48c679edebef0959248c0079d3ba8d2b0d6c89700644721c625584a444feff0022314499787cf4903bf4c5570ce97f221399f535099eb7b6ca2bfe7aaeca6c66b59e226bcb257b43f59b2892b4bda58091214420284d096d8eae96859972752ecf90f7b09ace9c3da20f5bdf4e16eda39d38628858c5f207626d4166d82daedb2743dec60d3d286c754613045fb0426ed804108f5b33648c3bd17a9daf1d1eac5e04ed39547aa8bc58dff8a6e0929e91b990bb2e46d329a55fded69bf026646ab951218e059dc141beda24760c360ece71a7274289e97389e5251fd5ca7d235e195fe2ea981a2b4bba0eee7a41a7226f1abe666b64a88f115b2c2bc84532dcb21a62900f7a3b45aa8a28462303a0892ecadecbdd1e3ce27814b7fc424a63538659629baf936cd7c511f825b06b516d12489cb029553a135d5a0d28c673724902a6846b5c23d226930b6697236b773c96f625cdea99c95fc45f1ace738afe22f8d6739c75f30882308460104601874200c3bd082208b5ad844116b7bd0822d6f5bd6f5bdeb7adeb7adfb67faca3f7a46fcc14d6fb8f48bc6bf464ad7ca67351c28c9c734cd1fd59cb5e9eea9625285b251553b39aa188f71595e09c9a5da1023cd52b8c85287a69f74ed5086e00ef0380c63180ce2eba2eda8b9d6b494dc77ad8d11aa6af85378dca4f379bbca463616a4dadfd0516354acc06d4af5a7ec08dada91014ba3bb81c9db9ad1ab5ca084e6728e6581eaa8ea8eeabfbbf54739da1565c552738566fe28ef2ed64e8c8e84b0de0e4030b6670bcd9c6d225cc9633f4c5c9c44d514fc2d539ac8745d536c604decb29749790e4139fd77eb55e68afa40e716e34e629d7452640acc460b42cf947f22509722c056860758cc5431a984fde5b8d345a24244adbeb6740fd069834410e8ad1d1f8d1eb7ce9b25d8073f70c510e4c5a1876636b459d60323b08bd6c3f5000f4b1adfd18062d685a0982603021dec3bd943d077a17633c5d7a39e0ef559c52e0f275349f249cca5b923e26e62aa5edba329610857a7d1c99a6d5b034def0eced2a0927004ed1f829b1e451c712768b72c91ebe70153033ef4917863974596b0c6aa7b86ac79508cc212cda177d584eb206f5220ef45ae290590e33d891e6963f616c9551a353181d6c3f1077bfab4bbbae7cd74e7d3cd23844f9fe323d50fc15e4225d1da66708dfb917a1250a11b646a0f6abd353cd7b397e5bb28a4f1e815ba813b436ad7e54accd246d6599c7608e6faacd4a823899e9c9469182caf98c9799ff001056bf87de9266ad9fe4fbb269cb41b1d25f41dc4436ed8d449999957a748ff1992350142a25a27f0550e0cc09010dead5362e6f7b8ec85b8d481793599a2ff5e968f27f32f205c38fb57ddb253e55d05c7ef51caee4d28745a35b229dd59246b5aa6a69ac8d49e2daa5d210971f94c29edccfda854ee6c392c85d56a8777d5a3dafa97d5d96f31be7163be1d6434a26b2396ac8b921378b34a4f8e4fe113160626c6c9542d737972087bc23796953f6eb82d0fb1f7a6a53a5dfff002c9d5ba9442407e04a8e37f8f872f3d943f98694ddb038154f33a46754d3044e5db8cce64d1e912a9944a44e2e6cce4fac26319298452789bc26646f7d02a23d8b3258c2224d33679a02bdbfa8a38305df3e2eaf288c69974ef7051e983d1b4c8084ba52e6aa51593739aa92c5db4001147a85737ae56cc62cdc8426e893e42e2c2a8d24f310100d668be0c7b8f7e3f3c9bf365e0f0edb69ac9fe4e1a6eec30c38b2107f24f6b1a9634faecea33040d7d8421dcc8fd902004c008c530c4c0f7104422c6bd375f5dc9d7e3776f7b9b43633f022088211045a1045ad08220ef5b0883bd7be841debdf5bd6f5bd6f5bd6fdb7afd7acfdc2b817a93a1e0bc95ce37774cd9661da83d1b59cbaca90264a328b5eec9e2ed0a5c5347da7677f3427a922f29230321466f403dd9c91122deb466f7aac6f18fab46adee1ea7a3f93aa7e17ba089d5df3a6f883639b959d0731aa3adbf02976944b9e0a4acc3566b343628d8f72a7829180c586b633aa2d2166281160171cfacd7b5b75371853fc5b1776d112aeab9ffe974f521033367029ca595b63d851ac094307db064768384214b71877c85ac4f0c90a50922d8066131dde8afe16dc8ec9e89f2193167d0da6ba6dd73b52aad495b11664d65491be4d6cbf22f9090e8a5b1d870e1f1a4ab083cc09c8ec0922230b0089f7dafb6eba97785d76b443c8e8f20fe567887c6342d14a7abadc491e7f7f46a95c22a58aa5fd2cb827e049b1966191884223ca50535e9403688d954915c7a188d708a44e12348a4e28a1fa0f2e7e48e0be2c78a2c4e9c932441219aecd4f02a3ebf5ca8698160dc72546e06c61954889196a74c2ce91b5da612e3529852a2e271b7902033f14390146e4a10a87f73f9aceef2d991af7ebe7a8fa0e48a9c9e647235c7258ec4e3e843f338bdbe2e010a1be0354d78cba01299137220a0666b4edf1d8cb42e7658ceccbc2daf777adfddff1f5a8f9bf835b751620cd05ba47775bcab6fee84fb7becd5b0a81c634dcc266b7bfa749c89f48c22d07e4fb90fd5f183d1543eb819e92fede9efbe09883945cf50514eaed50dc6f2c8fed6977bfe7d6b7c7a671290373f282c3ff00e26c53278e166ef7fb6ee4eb5fae48f91fd1ade3eeb286b61dd6d3eb6ba6ecf568136e4206093aaa82aa6b70d8766284f15648a8013b52510619b4bf8a482727e9cca4c4ad2d8188679c883f9d7fe8d9f1ff0066c11d8de419b5a9ccd6c2342a4c8c82492d70b66a77770097a1a7452e689414b276893a934b0a7fc663b32009a8b507ad323b201124a0dafa7b33dd8768ef3d2a9d4f1c3e5d788bca54316c8397ec934c9a4790265f3ba467c913456e38112a06592154f3160af7148eec7f706949752c86bbc9a27b58696806f65b96c688126b987e3826ecef0f1dd8b5b82b9e68eeace5d9e96518a5ad66d5b62e0e8a4eb930c2603e24333acec48c2d4aab49959436995c3df0052d48102a3082f60af189ddd0cf249c494875bc41192c8ae7ec07375811028e19fb835a71558747ec18a04c3bd941ade8a428552c8e2c5402943ac55c189e0c24afc4345843bf39d59ebced7e5de0ea997dd9d5d7045ea2812530c48dea1e8d52b1fa54f00244a011e84c49a13af93cca426941d9a1688e3538ab25304c5cac099bc850a89f71d75d4955f15735dc5d4b753aedaab8a661abe56f5f10cad383cac08c96f8ec518c0708052891cc648b9a22b1d4a31800a5ede109261859631980c6fbb83b77afbcc8765113d9c2790cde7b624ad340280a161c2707a668032c85e80962757570ca1017b50a5429508cb777b12421d25af7b39f1e861198594902e17d2beb73af99a42b99391f8a2473b8fa6394929ac0be2c74901357ec850328a5092b884b1cd1469bd6120d2a4ea17cfdb5c00034052b664c704c007ad307f5c05f68de939964f06543218eed4074a92c1edf99c35e80944683eb1275efd179da1354164fd7b080c6d24b3cdfa35b1a70fbef3b39e3efd1835791058f4ebc8f5cd3977b19d9227735b46506f0c91d88c3b6a092ccd304b2ca7364913bccdd93686203a0e1a9624d489780699adf64680a2dd16f7baf1f47078b69fc4163753925e86a066e5a7376cd29413f4d64b1fdf7c061640e4b129cb52a50eeda138603d4236193c4569bb282029d931621844122de2efcfc705f94e56081d61247ba8fa149407b82ae7db840d8cd3077488c0a0d5cbebc7a6f5eba336320469929ebd626617004a1adb4b1393ec5da10eb47ee6eb3198e9df12be46fc71790280736c221b614e6f656fcdf3ce59b339eda24ce07594deccf2489ae75053db5389ce3ceb14702d37e9bb63a1a41b02561fb9785a74695b5485db5c0e237cea191f26d0cefda90d8fc07a9d4578ca55db1a8bbcb43eb311354601a258e442c6030f624eadfd3a74afceacccaadc1a23eece4b989adcdd10372770521da7c63180cc883d4efdb8e7d89e572ea8ea077fbdabf93ce1f335788132c19edc5b9c156a9ddb0f3f107404bf8aba5a6a64ed8a1710010d531c723490d50a0b6d4e20eb8b257c4d188e3fc9160046238f32babe2a2c02d04634cd284f5e7800217b84221149c7a0885fab5bdeb7bfd59828d87377bb327f39b224a6e8f91d8330934ddfce0ec5b09cf72b7a5afcea68763d887bd18b979e3d6c7bd8b7adfb8b7bdfbef05f6bfd350bf49078f766e63f1f44758cae3e59375f69ad1cb0b725c948fc51868a8cb92f69aca3c84fd6ce1908258710eb662b1a7348d3ba392458a714e23a3c8b655af7384f9aaa968a279d685a4d81110dac950d3559566d48530740212a08342d963298a2f5afe9fa4a6c0fd43def63305b11831086210b7cd9826bae9863a6e318c6071d4e6a0aa6cf7580bed915b4167af355ca7738ad1d2631564922f80cc76d4bd8ff4a622a9dd12b3a3effa687470401756c1265a04ea46101c1de8020f22e3180c848f26be7f3c7df8bd5aa607694d1e6d9e8002525517cfb4aa66d934dda4a55f0ed3299ebc2f726b87d749cc25412b80824cfa44ad73599a72638b3ca6d8442e4bf375d2fd69cabe3c6e5b1f89e9f9ddaf7caf21344595d2051dd4b9c29a617c4ebb726bad6c608fb874792a10d294fdb516dcd2f64b7c95c591ea42dc6455adf060cc63c4f788aea8f357d1533da195ba46ab98f3d6a4fd23d3f6001d25c7b7bc4a56aa711b7a302e5e4395896ccc1405c5ccb6d54f28cb2c92d6beca1f1bca31081d42c0b617ae06eb58f0b3754f0455b1e6009e68106ac2b965931783d304dde8950b051b884151253cf235a19a8c90ac2d29a3d9405cb00568e379af9cbd6eec6be4aded1d65c42b63915546925b84ea83b2c325756908cc2cb34e0d6d3d666029cc82c0230f188bb291a92c257c452456619ad86592a5f4897876804550b2cf20b75de921293040e3329e5d92f8c2e5ab041dece3d333d4a7d78c485304c16f49120d0ad349200516a96af3826a93e2f7cab7a3fe9369a52717578d17db198ecd8030394a4ee709ec8773d8e594d2c88cf5ee0c35cc9d7a526611e9ea94a51a2624524779533495c8b48c5f24644b76ee5b75e9b7f59f36ebd3399fd45272c2b71ee41ed1e66ef1a6d9ef8e56b5a3f6b576ea6ed0ab56d7b5089f22efc5104a859169ac5dd0947208849d094a08354333eb7a2526253d2b923d2b6b5a85729ed1e632de0efc9dcefc5f773d71620644b9350365c823d5bf4e434f5670185deb577750213664737ef7b4fa9455872f3a631b71d165aed1691e239f789da64ef259fb329469479459e41859c49c580d24e286130a34a303a1966166037b0185980de8401877b0883bd083bdeb7ade07473c92f72467c6f718dbfd993181bed991ca84daf0a7185469d5bd95ede3f942b421757a4da27274254214ff00872e9a267553a3ca17cc9111e415b09c6162d46b787bf505d45e5fae1b5a9f80f3e5814c39d55599166ad759a4c2372248f0da6ca1a62e621469d910a53531c9d43c27526a85066caf8ff6020d885f507c8f54b7ee2ded8fef5cd1fe6da89ccae797baeefce534d7fb450124718abdf4f516e9cd72f7763dab0494883cae7d5fcbdf93455422184f44fb21220ffa1462d2406ab047257224eddb4ce4a922e4a5a65be3ccc71d1a41792cf56cf1a71acde4d4bf33c15c7b3edb8938286594bec7e5a8e1344c69e921e14ebdac9b202d12a719d3a350f47056170d8caa8c0d415b4009a81696b49450d717f5bff412791947cd383a9b7888ed407e76a8bdb9368dc8c29363d7d7a29fdda372a6c1a8083df6110e3459660f5ad6c25eb7b16b967c5e7a39a3334ab22173f92fb12c68c4aa60d48244dfccd522d678cb8c31b9c13e94a36eb667aeecf22587c98d4c79237789441b9905185856d128973a2bdab4687b09e41fd1b3cd6e54dcb267e3ce7b69c2ef08ab1af7860aa6d395b5cdebdb38f6d4e7abd4551bf29666792c2a4cf5f4e91b43eaf7b7c8de96fdaa473696e4ca54be2167bb9f9efa724f8ca9d62e6b48cf4c160ef15fe69f8dbcb3c45dcfa29edde1770439b8b73b0f9fac6d3737d8d1a6d1a82917e9234edbd62c699a4286b8f4e903268f2a3bf0f3d637a492b6c75c9c91203bb09e407c9372478cca7f57175658c08ba17439537c160ac4942ff6659cf890a28d50cb028814a131ee86a40284c275785ea5ae2f1f2d5a43642fad452b4a33b1b8e32ea7b8fc78760d51d1b02fc6e376151762106c9a28afee5954beb2217013458b584a91292b47108a4ec7f8cc55f112c4df70de6291292809dcd0263889e18bd1fd93eabdf27b715b485f9c6a5e6980a94ada5cc660886fac1cf147fe20e055735cc7234dae0950ca2da989095ca48f0d289e5037b8c84d95481cdfd033256b20d45fd99ce915cb771f77325171fadfac33650e0473f709431042d3a9116d4e771daef8ef287649afa3e858e0c50a6164698fa933f9cd09b9348a4c513fb02d3a1fec20efb79c33eb3fa16d79cb2d7bdc1cf2bf9b11beae4ada96e9ae656b6ccae9a54aa16c1a553889ad606799c5988933e801aeec0a67e695b3b472d6c4284852b8bed7c4fd1bbe27d9a0808d49a49d513197188c65acb20eb5636c4ee05e694208d5b4c79a2bf2e268931070be44289cda1f4c28b01652e5ae5bd1a69b4b5f3a9e0f67be1eed785aa639839dbbcc37389e0154d9ae8d69db648cb2062d12a1e2b6b19336ebf082e5085b55a475677c6e29b9b264d5f882d6d696c54c8f8d6da3e74bbef2d7ca33268e4d238c33087bf33ca62929676e90c6a4b1e7248f0c3206178484b834bcb33b379ca10b935b9215042c42b919e7265498e2cf20c196308b7ef328d5e8c5f20d2db32b1bd7c7ad932354f86512dedf73505b735c254bdb2b0923d8582c885a409a1d1854762138738bbf3317f228d92a6c679461da54089b5306f2b81859776431febaedaec081ca53aa4b218874f5f11e7829696616a36b9aad1942438f1e8c016218156cad2a24fd07405049c59e56c4598016f5e0f06fd7b56763f8c2e4798d72feccbdeab5a5ab7a3ed88cb71c516be0b6854d0c648649191d5a75bd286925c84d2449a3613cb096e1157b6671483353a908f2b59ea78f4fa5a57858327f23fc3f0c5f3f993d33a137a6e878ca4356cc242b636d89da91db958b22700cf92bb1d1f6f40db3885349437c703dad2c9a3e81e9d1ce40486939c6fde3d91e36edf5d62f2edb12ea6a6c4a90324ea2ca1294b62d2e4ecab8cd1f16b2abb922554c4fa5a253a5a9400766b0bdc7941eb0f635ecaebbfbb2c73bdf15c35dbe5b91e3280bc7deb6828099ae3dde1c8ea0c5251494870b47975ec8169519a168a3d49d50598f0980985b07b2a3ce436d9a019bb34b48ce417b28b0da1f907cec78acedb50d4c74d75c57cd33d7730b4a92aeb78c574dd84a5c8c2f46e9a59d9ac421891cbdc025fb8f60833a4a08de806fd0a07b24ef8c52fa7b49559d4dd4b7536c759ae0ad60d6833c4660cb60c61a27f176696b5314e6365ad2e3f2d6d6e7c46b51a6903205c576da9d0b274ad00d49a6a534a377a1eb9235ad075a0875a0843ad6821d6b5ad6b5ad7b6b5ad6bf56b5ad7ead6b5fab5ac6b7a16b420ef4208b5ad845adeb7adeb7af7d6f5bd7eadeb7afd7adebf56f59fb80ce1fbe3a0295e60aba4d75741d9b10a8aac87a5d2a904d66aec434b424d99ee14a853fd7f52a757971375a4ad0c2d09973d3cad19685a902c5869440fecac09ec3eac824cecdb0a40dd138157915904de6b28773b499aa3b148ab52b7c903db89fbd6fe244d6d4855ad523d685b09248f610885edade3abe67fcbd5dbe5c7a79d1f8f5b2062e6e83c8dc98f9a68e4c7a9122686319fb6b49359034a6fe69dad39e27014bdf16185ab3994b5a4c3d9140da9b4272e0b6e75b7ad6b9ce0b20718c71b72c4e6fe4689528481b3ad796974b449c025003b25d23710491d9acd9e1b14982d8405ca035dba9602f6335b8021841ae86b17adf7a553bb84f9370a51aeec1a37421b6b15a73e8ebb888f6dfb9617c7065942201bbdfb6f476e3c306b5adebedf7efefafa9f173e8ea5f6ad7316bafc93d973caa472d6f6e7f63e6ba93f046bb0199a16921569036bcea4acf24431d7b5849857e21068ec6d53ab3123f85ca58d8fba58ced533d61fa3cfc46cb224a98e1c0e90ab24824ff004a19ac7ae00c89792ac1ec22ce5ccb398dc91816a63041fa55a54c81b0d34819804ab109db2d414a5d786ce1971c319297d3670f998d661ce5e317d4d7c0be46e5ac34d3bea41cafd1524348431cacade726957169dbb9c14c1032d6f6a37691313fbd1ea94691b647a48d50994bf9e1d823ec0e83d1802ac6b98e6f95bf05dd73e2cfa1205036e4722bfeb9b924226ee70b6eae893f18f73493a418149700728732ededde396d3797f12e4b1e6e58ee4c81bc3b788ab9386d13da162d377c2f3877daaf1f54bb6f925851f0ee918ca4551a128797d6d799c4bebb6c0250c0a5767266b3d612c563296737f0a93b6ab5eade959ed04c8247a6f913dbb343704a7a9529d1a73d5ab3c94a912926a952a549a0213a64e400469c79e71a2096492496111869a608202c0110c62d075bdeaab9e41bd5b1e3eb90a4d20ac6826392f6cda51d397373aa9ad9f5b62147b53da111658da94dc8e881fbf4887f599bdfe255c432751df7214261bf12b4a127d756bd619d77db155d0d5e73bd1d5e5ab11e62b59b9538748f49c59bd66e2cf7a50e26b2c7b9f1c252ca71c7449b9e7e335f26291f80cc54f11ac8f465a163a3497356855029e0e7d3213ef249076dea4ea6994b283e4f7854a0aaf5ba2689b436f5de42054622707d8ca8912074638440885c428428a58eec5225d24588d696cb1e034e9348cd0ee2ba7adefa74e74d9ccbc3343b7b2fcfb169bdd2ccb05e1d349bead6f456de123731a4d9fa0fd5ada8d31e8bd8b7a16930741d845265c45eb37e4eb9252cd04ecca2259ca0a9e1612dc9ed38b49477255090f3c65165ac97264f1a8bcf220de330622c47b5c7e789d1e82152e2b1122da85293bea8bd267e149230059cfa1ecf7371091a2772b5bd096e16fe33341d876a8499b64adf17d1fbdef43d8411b0a6fab5ad693e81ee0dd493cfc7a6cb5e32ebf2fadf9526f30b3b95b5226a8dd8b17b07f0d5d62526e5275fa6e8cbca991b23732b5cb6bd7a7b528a2c52f3995a5fa3afae31e40e1b9216f66bbb7375fbebecdd7d73d3d62d40e1b3388d8b138e4f20327609ac265eccdf228a4ba2aee81fa372461754c5ac6c79637a6c3d4b7ba362f4a696a122d46a0e4e792308cb3041deb79f4b99c87a3bfca0cd62579bcf8c6b4a4ea5deadb518e5b60f38a7785e61e641ad08b21512a9c4223da523dfdb472790f47239898d4498048df298aab5ade8befa60f6a4dd1bf020dbccc79c3acfc361dce64d8b44ceae9ff945156d9ace2854a63f1bfd1bfe49475a01c34e5a7c46abef3f17fe52916d1ed2ec1f6ff862af9f42f989f6e79f1a3e56e9df233c5b25ede046cfe77aca1933b022b3005a3308f0d24591574d2c8f6f7277f939216d636b660363d94b4d395985968d31233941da08bf66a93eb9afebbe30bfbaf66ff8dcab9542a1ba4fb3af8e5581f86ee6d6490c8d8aeaeaf90dc4aa190e527fe90db92c92c32b18c45e10f9a1892a0415f57c7d6cef62b898e2b8b8f85c5d4d954986de920e89c4bb3149cf489eb11bafa2cc63ca30e311fbebb977aee1f59bf2bd392b788171750f26eab52ccb9436aab5a5d2632a0aa559c98679435b0f4464724d3a98b77cc58005a9746681a75658c4a9bd52d49f01ea637e33eb7ee8e4af603e63c23493e46fe6d6cc6b8cdb13b8abdec8f7d7d4003f3a304c5068ef6fabd8d147040f7debdc9f6d6fdfbafc3fe8b6a118a18c327eff00be6c2b02cb5c893ae77ac281726a84d6b1754790508e615b367e8e3f4c67462233e508de59d35789c676fe32512a4e4055ace5ceb9f462f11ce2bf7b55c736ddc3465ba89bd51d184163c8d0da1533e3897a01c99b24894d606e9d3294b3650d0e9fda24ce3a680aadb81b187fda50a03e26cfbf9fa4bbf8a7f3e7c45e57067c1ab7707ca77a2da9acd7776e7cb50d6b4d26746d480198e0f35bc85b9498c763b2b716019ce216cfc3e52d09002707c89b4b60d3ad3e6ff30a37d66e93f1e9d62e0ccace92523d3fcb16c0c9fbc6d55f6ef1119ec21db4626706c5c57d691d99d77c252d6f5857de30caa36e041e0fc4191d75f71b38f8cdecc6af207c25cd5d72de9903738db95e255735656c34c350c7acc8caf5f0db358116ced054e9bdaa7b1e90a56a12a000f3da408150b420a800c61de63cdf84938edebeaf88a30dfa7dfdbeaf8c1b1fb7bfb6fdbdfdbdbdfdb7edff0076f2a27c6deae9e7cec5ea8a139698b90ade82bd5f36646ab369973f5890c71686171932c0a146b97a040d65ac5640540cb2fe04e600c3066043a187df7bd5b9d77f5259fdd547f823cc22796af97de59e96e7ee968cb5267e7fa02e8acae46a8fae587b7a0912bade64cf2e0475c57262ce5291b9ff004d2267705041269c5225a78cb28c1eb40dda61135a6331d29b96984698cf8fbcb6f06c37e4e7cd171078a68da01f42cd1ca456bc95b46e908a02b34a86456b49507d4a0825ed637ab706c6787c50c5898e4a1934bdd9a11ae393ad4ec053e382152801518b23d6ff00742b7e5bfc90f06d5ec3182d59a06edd916f4ae5afcad080e168950b43188c429bdbd5a8234119a8c81399288e188a02f5e02f47191c5e393c32f727a84ae7b3fba7a66d970ad29a9ccfdd564d6fb91321cff28b36489151699c61347c34f5adedfa8dc351104c4ca7c58e2921906250a18d31a092ad6275606cb5bc77d1cfe239a6205479e9c3a9e5520fb708144f5c2e2636d7e129d97bd18a12b531d7cdd114e5e8cdec69d3a88eaed94009659e72ade8c30d88e88f217ad769f994b5ae29dadca6f94ab038a94c94db6e9897aab458d9447ec60357c8eb8778fb0cad2b2a2de8b354a98c3ecd5ec648ccd238d2a389016a2ebb53db559ded5c43edea72731ab2ab19fb2a690c367110744cf31e90342bfab45aa42b928c60d8ca3406a55a90dd14b1b97a752debd3a65c954272b2b3f3bde9d79af89d6961bfa9b9f48af1e47954912c4163eca1a9bd258f50cadc539a6b1b55846b0109185f5864e248b09649c3533c71096f012634ecc8dcbd6b0aa90f7afd1d5e48e615af50c8bc71cf648a57d45d04c92a9ed32d4e6b8d30885ddb08643a4b236e8f146e844a16cb16be67902e7a4ba38b24c9143184d409b4bde5d0c582eef834a4c63203fd421e5e0af147c8052eae54352ceabe8150f705e7e6a70010b088ce9b51a41cdee0756b3f4329c5b2ba46eed05b637a92ce48e734904592382554c9a7a0161ce5e4abce2f00f8b7204c17dd8eb65b752a6b03ab2f3cd488d14bed7548d483ea6f5efe8ce726b8f405a17fbe8d44e33a7f6013aa40293e3c91f0694d235544b4fd70368297c5c5d25c1102668d14a4e2db165a7724864cf8bd2045bd2756b9b2251189a068527075a30e6e4eecf652616f6481d15683a3c557ee0be0bec6f347d84f107833cba4b66f285eb2c8e81e84b3dc5e1e19a10c8e6e7ad3c4e67b2033ef1cde9f9e571c245198da530d79943befed937d8b337bd3d32dfe79ebd1dbe2c6b287a26fbc57de3d2f393139027b943dd82e157477efc2496051b8bc42b31b3ad666b30d00ce251c825b31702766880378381a2c205de85de88c6a0fd6fa1364485bba8784fec628a0cd69ca5d435afb737f6a2b5f4eb63475e5831f6b6f7d10bdc42fa4eb363ff1683ad6b67ec5bd86e4dc37e42b923c8cd4e1b83932da67b15811989514b23c6166b24fabc7a54488e2d8a7d0a72d12f71c5e3d147fd8a93883995f0a4c7ad8ebb3c37034b05563f205e8d3e6796577229778efb0a77535c0ccd8a9731d4f6c4ab539a9a72a121469e4c793ca5c5bc138823c3a0f7a4c9a42e8f92f622ce0a5256b337106ab782291dc59d89d59e1ff00b6935950f4efd08b2ea09ab9d7b79d3323394b636cd19589f46d560d4960b6036712300d420569d1afd92a9446e4291be48cc3d2f6d4a6edf57ef6ef3eaf4ebb71c5b70e453f97cf2a706f111ce504e8cb02a6965c4cf3abb182944b1b873fb3c75cd039bfc12c59d12f87ac7a4ca929c853a5aed6203531600a8128724c6845f1926eb7debe6cbfebceaba029de91a9d79ae35d5d95e45ec6899ca401297a76c9335a770fc29d938066691be322834f667d41b188481e102e44316c640b2acbeb59fdd7fcf7f9f5ae3fcbd74e61631e93f113294cf12de70692f2ad55f48dbcd55b3df3944b98d6c7433c70b466d195cdc4b1bec7e4923512858ee8496e6e63646641177331c15b91c128b2c93940cc2892062dc19f727ad169aac2c07caf786f9c4fe85678fb82c6c5176da32c5f5e41a40a118c25fde41612d4c8e52e7e8ea91ecdfb67b923a41969bf07d64c78f48a085a2a2ed0fd5fd0504e71e84e1da5f6f2365eddb139e4b9bb7c63efcf954b8aaa155929a3957b437202cc50bd15812bb25815bba34bbfbd74530c6264094a503a39253aef1e38bd1ab4e915a466c5f24d63cfe416948dad33baba129c9036c4e1b5e85c13907971e98cf02d8f3209a4a1b822101d8e88ac8a479b9cb67b7a05b2a449497b5cf9cb8f1d22e7727ce5c78e9173b9f45e397d5fb3feace9fa67986dee10009daf19f46eba8d4a39fac156ece6caf5257448da9dc9d2053c6e489d6469a493d53d49de0bb05b4c62626e5ce3a6f7109032c2c9a4e2df4e478e8e06ebc8b76273db5daa96650c854c22d1a864ea6a8e750b607b98264ad0a67ac66bbb07e972095268b9b258b8366c9d6358db650bcc2dbd3ab24a3c4c09ebcf85b22afad6e486bcd756e57d0ab4601234c246ff0009b0a2ec93289bd2518441110e91e90a171695c5fd2316b415290cd077bdec3edbfd79f73bdeb5adef7bd6b5ad6f7bdef7edad6b5faf7bdef7fab5ad6bf5ef7bfe8cfdc0ab7f607a477c59f47287491d38db63f1e4d9c0e3967c94f3f86415b1cb8e2f60d896d613f0bf246f6f00fe834b6881c820484a10761280000c41dd5bbb0fd1dfe47e874ce923e6d96d5bd93124058ce2daa34b3551dba69259a2f94ddc0e7ae874414e8b4bf49e048c96a3d3c2b3027a546d279fa4a057a90e3030af697fecaf1dd7c29d34b95f9c7dd0f0554512e290b326751580da029484f023776e374ceb5c581c0c4c118d0b9265b1f7d47af63085e84ede8cd063d3dfea5e72ed697c6389bbc54b03474b3ba5fb1a76f06c4286391ebddc10a711a6c3e60c480a4ac917b5952524e58caa9852b6c566fb25434a3688fc90b6a432a9e2f2d1e2779e7cabf39492b4b2a36c6cf73b0b03ba8a0ef425b08fd31ac267b206a1b091ba1200383a401e5ccb4c9e690d50a04daecde31ad480432340ccf2dd8d19c0b1681b70d2cb52e705b6a94b18c016b10a8092f30eb16b8936c20528d515b184a738f4959b46a7505ec412d5230180d8b5ad7bb0aeba7ddf53ebefcd3661586f6598bb79d7ea17aeb7f2c1da964b82f56ad8a2d7249a9380a750a747a56f81d1eb8eac58ff000b2c3bd94910be9b1b5f3031315fab6e52470526ec6a541e60f5ff00e41bb7fe52dc9fcc9d13b24098cbda80a7adf5090057c0146aec7afa3f2e588b447d43d13f66a9dce4bb2b433025ecad80260c3ad0b788375114e0474cf4490edf57e2a4deb6e14e7f5046117e205cfe4005bf504cdecc08bee7467b847bd8f5bf7d0b7f57be06bc1e9fbe298df0ff008afe5f87246425b6c2b860ac7d1773389899294f0e9615c4cad9290b7bc9c983a09e741a24a6315da4d68668008a2850f461a71ea0f3a68f389a8450daaa8ba595336ca133a9a9ab950d5b2041113b6d3a1ecc621d92206b40115b4a22b65881ad0760f6d875ad7b672ce033c54685137943210234a8483152d5a6128d39498a1ac72587b8b8ab1964800012a5ee0a94ae5aa041d9aa96283d49e330f38c18bcac6033e1f7595702b109b7b70186eed72226b2064d97fa32cda9e8210e0e6dcf4b61fa976917e3dfa32a5e1a1b1d0e62dafdb609c102559b4df70504cd7c1f4cf46d4fc8b41dabd2978c88317aae9d88b8cc65cea12bee560d2a3d00842cece87432c6e722913b28411f8db414309cecfce6dcdc48b46aa06f5945f93af5047901f2956438d6f5f492734873c495fc116aeb99a94737b4cfd394eecbb4d8c682ce7a8cec9925b12c919ca52271c58bd06181701a348c312db816373701b6f1dfb36b51fb7bc8a702502e8630dd9dabcad5648493869cd8d4e2fbac23f272cd2f7ad1a11c6dc24c4be0744ef6109e2120d008d881a3840d8c3adf1a453cbc78b19b39a6668d7912e305cecb54012216e3fa3aaa6b58b9519bfa4a4c8487793a03169e68bf64a29284d19a2de825844216b5bce4b9bbd241e5cefc8b33cc2591da47991b9e492562764e80b11e504dcb6f3bdc459cb6215942ecc5ec8b8657b0f6c928363ef09862090e48d01da3005f3dcdbd177e5163e946b22570f184ff00402beafc350d8d6cc79e4d3b5efbd9441722a451b26c1bfd5a01a7bfa7f717be865961d684217dbdfd612f13d64319afd4f911a22eaae5f237236ab939322c3797b8ab8b53d34bcc86096358d1fd3a69e59d4294ab8f14594455ab7bd9c68c94ad0903a376508a2cab327a3a25ee125f10cb59569c6189abeeafba620d20188420a76f5b1eace7c61256b7fa80589d66ee67ec20fd9d9a7983dfed0c599caf7778e6ebbf1b365b1553d7d5926ae2512d6251298698dd3285cdd9e59174ce67b38df9a5ce18fef8590976e098f4ff0066f4069782840dfdcb611adebdf43af4617eea0b43f3bf6e7f07f9ef13f5d3027eba60b69aefea4b3fbaa8ff00047981bc2a26ed3e9944a0ac21246f93493b0c4d980a07b2c813b48dd5233b704f3021188b244b1613a306100f6106c42d045bd7b6f7c85dfd4967f7551fe08f309ce3efed6dcb7f98ba4bf89719cd52b111b7f298ff0096a95888dbf94c7fcb701e6da0ebfe5aa0a9ee74ab1a5332c0298af6315ec691262744fca8e3ad842239d167ed0c6a1d9f168153dbd2f5061cadc9e1c17382c3cf56a4e387cd98c6659473f977a3d93a2fc61777d4cf88523805e798ad990b096b89d9e9d34e2bd8aafb12bd73d803ad99a1b44ea2b1e7428c2b4234a31204c2c2310740164c5e13a6abe03e5cbc733eb71c22142febba521460c02d876241654c9baba74277bd7f4854364a961030ff0040806083bfd5bcd8abb07fb24f527e5d2edfe1a49b3199f129fbd4bc6afe7df90bfcc057f8f17c48c263f53d73f4dbc733f9f5cd7f5df185fdd7b37fc6e55cd01b33f9f5cd7f5df185fdd7b37fc6e55cb197e5c3cc2c65f970f30f83f44b72bc564b65f62762c959d03848eaf648052356af520fb83d8d4d86191c96cd7246599af891381acd1b85b2a572274259b6a7a91b680d2122e5852cd10b291de889fec93daff98b84ff000d1365dc71314e913d62a4c53a44f58a99975facc28f64aefc9ed756cb12148885d03cc50890cb0c209d94a1d27100954cabb50e6b07ad7c678f70564af9aca33dfe5d16d7a2cc0e82028666a2999bc7addbfb5b7147e5d26dfc4b5391139de8de9aaf95788d7e6258708d4f5af5ddcd0a6b0085bde93a05f0da96c530906bfec844e73e713f61d7ead8cf18bfa45bc914f50c74bbd72af880ecbb062abd4b6cc65b056aa4a2ab50ac31bdc112dbc250cb593cb9b6af277a508dc98e212392bf205094405252b6b24441c9cdd0541515fe8aff00dd5b78fe7ded5ff2ff00cbd9cddeafa21c0ef0e527311ef7a4c97a268c3ddb5ad6f7a13789c24098bd0b7adeb41d7e2aa1b05ee2d6f5f50741f6fab7ade9f5f17e8facf1cbdfc33daf0b159738da3e4c796dbbae6c8a92ade7387ccd5da366c8aed9ec4abaafdc91564c6e7328e439ddee6ae6d0c2b099b4d5a6351758c47ad01aead2e8e6500060006077ad56bcb1f8b0d6b5ad792ae01d6b5ad6b5ad762f3beb5ad6bf56b5ad6ac5f6d6b5afd5ad6bfa331faf1cfe3bef1f279d13ae63e7b7eaca3d620a0927b049576c482411a8c1ecd133da0974484b8c6e27337113b0c2f0428489b6d014c6a74cb066ac24451603a7a7fd0c5f2c1fed3388ff00deedb9ff000fd962f188d9b6fa4ac535c7663114cb6c5f2683bff3b278b1ff00c4af80bff58dcf1ffd8b9169e6bfb17c5875ef8b2ed6a69077b70bd83331d212cb06ae8ac6fab6847f973bdaf5423158f5eb5439a5ae7aa5ddc64cfd248ca28e3735b4907383d69e4e63248501721a63aa5bfe862f960ff699c47fef76dcff0087ec7fa18be583fda6711ffbddb73fe1fb14f1ac6785eee52b86c9ff0068dd4d3f5ca50d3e142ee76e7bf2c9c0163b49a613f374cd6f5c3c88a18c1bdc4ee977053931f708041d9df445a76ee684816fe838c2c0017eadfbeb6b4ccdaf8ffd229e4c291eb5e5cb9ec2b1f900f80545d154959f38222d68da2e1263a1f01b2e332b93151d40be8f6842b9f4c65695a06846b5d9ad22970da7254b8a22463525692992eef067f777818c63019f0f37acab8b2c11b2ec580c3678086cb18679100cc232cd24fd159bc59792e91a984736f08966d924cc2e2412b1a1f5b7699cdbd417a313292c5efeff006fbdeb5adef7bd6b5ad6f7bdef7edad6b5faf7bdef7fab5ad6bf5ef7bfe8ccddbced7aa36f0b06d1b13933c704f965494a41de1de1535e93872a1a5b3add7c693cf6c7cfe4ca5048b47402b94abca509d9e4d1ad91319669292fadd2365615806c5c1a06dd1d5bcbdce09b4afa13a3a8aa353889d282c76edb503ae767922deb45893172e7e683556cd16f402409c068cf30412ca08cc1043bea725f333e26162cd2127c8ff1780e17b7b0d5743d66851febff00bdc16c853a00ff00fdfd4a75edff005fb66629c59e9fef2c5e4e588bbfe2d0022335fd823fc7dbaf9ea09db94511d8fb5e2306291b380e6e97da1326e5bf47cc54bd2c457b0ba68611227b583d19a0497bafa2a3c98a5692d535f42f0fbb3b84011a9691ce2f36f27eafa3dc652173379fce0291e8cfd92f6ad23696307ed8cc2b7fcded77b4bbda9a4f577c839f7a63c5954374d396c5536e1f55f55c114364a2b19cc3ec243fa2b60d7f64313da329de2cecea49281cdd92c4178cd2946c8506b32400c066fe130989af449cbdc11772f5dc08b38c0b549794124bd691a10b4518e108b7e08ccd870c1afd9118426b05d8058b7fb400a83741fd431e41df905f045e46fc6840836ef49d630d1534390b4c4836ad7966c425d1bd495f34b04d2ce7321abda2c04a72e2d02a30956ae16436fb14200d700efe6f2653d141fbc8fa57f2412dfe3cd038bf8be1913eb67aef8c655c1a6d0821104411074208b5b08822d6b611077af6d845adfbeb7adeb7bd6f5bd7b6f5fab798c979e5e0ddf8f3f26bd054eb1b4fe15544e1e357a518028901080bab2d35ae2ee8585b0a2ca2800410194279556e9b5b0ecc1950f02818ccf9c260f66eca737ac77837f96fe2baf7b621aca2573ee4394859a767224e79ab17d156ab93632b8a85004c034c54185586088ba27d9a585334314866ae871e41203f6377d2f7ecd6685c73a77a65acd12cde9ecee6d77af8b4e7b9fbebdfe336b546d62e76ba0c3d516a9ccc9cd5085b5b1b9f5d860d0062719b4015c2e72b4d1925e84be46b0a07c9f008c14d9e6651e8d9ee6dd33dab66f154b9e749a11d6b0b1c86069d62c105325bbea142e4f6951a020c0fdb2736615aa89a14e07e8d28f707088449b405aa34498255ecfcbbf67a7e02f1cfd4bd364b816826113ae5746eaafabeb11aa2dfb08e220b59eca20afe79494d92c7f6e7f742c9d844531b3ba2b19a41098d3ca17dbdf66619ea27ec370ef3f2e17caa871eb24f0ba75f5bf94e9b6e6b2952f31c91d60eae0cb203599313f289cb72db71d272eeca6a02342726c74672c90a8d84a34dd3f3c4af12b7f8f5f1edcd1cb814a98996c3a0695fed656985b374e970ce8e3661662afba1ef66ab488e54f0bd8d94d377ad951d686746580a212944979a8fa61f8754f6e7955ad661316d35f6b0e552cce9ab1d5b99435a95d2531a734c4d4ec8b552833603dc1d2cf5acd28392ab0aad3bb1c424a51c50cbf98d2f5c9c778f5c3acc7b3c5d728c73aceb5e2cd77d6b3d2ef52eec5e65e5144bd4861f4bd18a6d9764252c302895cfee495bc336f6b9bc1bd127ab6287570c26b5ad51f21c989963b909429cb54a84afb25e9119c78f3e4aa03a23a3fa4badf91696e86b86c62ab18ec72e2e87a7ebd9f315290168657a0aa4d1d99cb595f9a9b2773c7f751ae1ed26933d13038d2b01a601193f4c45faba887027ccc58662cdef6995513431ed3adeb7ad05bc3155098cd077bdef42d7e2a9dcc5ee1d6b5f56f61f6fa83bdef83bc7e7a6e7bd7c93f3446baab9fe77cbed15c4a2432e8ca26cb2ec3b0a3f3048e70b7b50c4ea1716b8fd472d6b20939427fba40325f148ce427a734e2d31a311005dd575e9aeedb35e7b1a7a7fcec9e2c7ff0012be02ff00d6373c7ff62e3fe764f163ff00895f017feb1b9e3ffb1733e2ff004317cb07fb4ce23ff7bb6e7fc3f63fd0c5f2c1fed3388ffdeedb9ff0fd969758dd7fa95c364ffb47adfdf64bed7d60560716df3d07c89d0fca5d0dced7e4ae5357d8d59dc6aa85b8eb7b50d654d5ac862cf75b2c9a1300923f09a15bca7b1e62dcccbddc09cc754318350a634f258be34d267e880bb9d9d6a6ef3e725c699b65835834e5cf1b2b6318cb0b85a11d9842663f48362fa08fa49a961420e801d6cf11e7085facad7bc4bffa18be583fda6711ff00bddb73fe1fb2cede9b4f093d59e23e43d7920ea1955272136f065a499e084d372e97ca8298b822eb4d6ca8c927e9557f04d2010c5298d0597ec74ebb55ad3b7dced0fdb27fbc7d6b1baf6e718e293bbbc4ce9c3de71b5d1bf5b3750bd4479ff90b915857ab488ae8b0271714fcb48a74496b58a9d6e616288b2b9921dfc8b1bdca49622e7e2c81ebedc0e70b40a85a11e9d388b8ebf45ef14c6ed5ea3e83ed49bb212e8573044a3902a944e0992a84692ceb90a918241296ed98119e4bdc4abe8db8b09666be22c092cc34d2f662928a1a5f75eb7629c35d6bc4e799f57e14673acd8a45fb23d07f1026cb50373f616f7f1ec5f6c7b4fd410ebeb0ebe9d8f7b088bf6930f448a86d1713761252b657e304f5334a85dad083f369b54d4b102dab66075afaf456d52579d12216f6110f47e81ad6c23f788bab6318c0f14685118b53b9188d28dc522556892af1a7284b53235e6a23d7244ea840d9e4a55a7b7379cad396604a526a04461c018d291b2fcac63018c63038e2e36c52f7515a8cc8f466d5bbd71386c4ba275f51db52be30e8908d141f6def666cd343f46bdb7ee2f6d7b660a4499f09c51bf1966fc4600cf88e0fd6499f40b42f8cd06b61facb1fb7d230fbebea0ef7af7d7bfbe6fe9986f7921e7370e48ef6ebbe735e800dc45597dd8ac91c20b2f649274156c815bed76e2413b003e14eef03768e3aa72741d68a216965876208742d8fbf1a77e4dc419dcd1bdb4b5bcb79803903bb72273427037a100d46bd314ad318016bdb4201849a01077ad6b5bd6f5bd67b1c8c0f0c1d4adbd8be2fb8c2ed4ee843abf29a522b00b08c283b24c26cea9d26ab4b002a120842311896c9a2cbddd21466f7a35adc902c2046255441a649fe0318c60318c60338e23f08a929943397c8b44ebdab1ae572471b1ec77663658ec29ba412d5cdedad8ef3898ad429db52b8bfad6d666948e5227830d5ea53372302b56605397f4c677999f2d957788be5dd5bd2467227f71586e4ba1b4054625e36fd4d25e950856b9bd4816101315b6406148cf46e12c724a50949a72f638ea11a7739121524e5f16d753f961f3b7d1a8abb5cf96d749cee4eb56bcc3f9e6b4d2b66a8202d48cf06cd706a8214e2960f0f60602d52446e3614d9689c3450900a57345cacc294981abb4dbcb4f8bdae9dd4b04cbc84f1b32be21dec2b99c5d1755ae734066b7ad6c85e85b64eb14a153edbd0bed95164a8fa37a3345fc7bd0b7f55587931f1d574b996c7547757234f9fce0846547635d0d5538c90c0085f468608f1729fc6840faf7a06c5a43b0e8620877bd0841d6f3c5acfd195e53e62d095da73647215447294c034c8dc8ecab064f2640a07edbda55ba80d4f2589ec456bead1a737cb9c0afaf41d13b3802d981f95b43d1c9e5c2088572e873af29dd424e034d46d15f5c522627b70d035bd9440036d5715ab0265676bd83a028910121666fd86bbe3d7c9b45e9df2e645e9df2e684df2bd5ab0d43e4cbbcebc8a052971461eaebbcc8aa742020b428e30f73e7a904790220a5dfdb6d1a066754489298468249a410598580b00f400ec8dc192f70b0786b8c67aec718a1d66fca1ceb2f733cd108669ee125a821ef2b4e3063fda1986295a60c6217ed0842def7faf7bcc41eeca5acee73b6ac0a32e88a9f07b5aad92b843e7b1154e2ceec7c7e46d43d16bdb4c738f38bbb1afd903debd9535b9ae447077a190a4d06f42cdb23c657eedcf1f3f920e50fe0340705e97d3046b7aa5bf716f6c7f7ae68ff36d44e67cbe9b3e6f8df4d798ce4c8d4d1b50bcc3eb575975eef6d4e24854a65ab2a1883c4aa1201a533f995459364110c54a53a808d39c893a901c51c0dec91e835ea96fdc5bdb1fdeb9a3fcdb5139498f4827ef8c8d7e5d2f3ffd8c770b39470f32d5bf18c6118d0fa85ea68f52be677bea15176f4cd6d0bada66b2f489217b25396e77656b06b9dfcc28aff54a0a97e9f39aad965e82480476c240004e8b007441f4b773947282f0e1ce8fcdeda8d34b7a1dc67d7ccf9cd39010287770914bdd63510da93f7b11a685b6b58a431bc05884124a3ca566125004a0e11942af54a7efd3edbfeefcd1fe51a86cd207c0bfee74f1e7f9728aff00feab74f7c6b4e3f14f69b23772c29ed2e395b4f563d4ec9637857be258e4da9d73b51b6450968c554184fc8a5b1d9cad98cd42e4b518f5fb450f714b52449948bfd4da23d47d7afd41106c979059ea5bfdc7fde5ff00ea950ff98ba7f0b334899d912a36fa3f240b197cc3b436a63465932de6abc23ee000ec5a09e8d37e894a80519a0ef5a1034be3284ed687a107e42402d6beb0845ad5973279f48b7ef99aebff0022ef9ffe26466b0d9235dd3e227ca46bba7c44f93234bb53c3ef8e3f205a5ce1d35cb95fca272b89015bb6a2c9955756f9622362da4128b1e0ca18a4af842310c634ed52758fac7ad98684d6b340698014967bebdf7af7d7beb5adef5eff00af5adfbeb5bdebfa75adef5bd6b7ff005fb6fdbfa379fb955428eb4f44a451769d1f787bb05dd8146f4b4f6dadba6a349df9b4d38cfa8d468f56cd6a81a9c5a90a71ff00d175b53544916888100f3969c79067ddd4f3babc24f929f1dc439c87a1f9c6446d5cda77c62bbab050459b51ec8d875f1ad75934674a1642939e66c44262ac567872e527162d2746600450ccda6b3c3706f40ee817353aa146e6d6e6914b7b936b826256a07040b091a75689723520353ab48a9398610a531e59849e498328d008021076e3cf6ae1aede74ecc7abc5f7a837be3c6b4a632ca96c5905ff00cce8d4244721e73b6644e2fcc69580bf808301564a1cff00137eaa9d90a42ccdb490c06990c1aa33673f43deff009bd95ab7710769d17e40f9aebbea4e789018f75fcfd099a39bdc004a59342a54ddb0112681cc9b0939401ae5517701091b8a72cf5089612248f0ceb5c989cdadc966723eaa9f0fd54f005d758f4f731c611c1a81e9e729433c86b2664e04b18ab6e28f1091e5526882500825b4c3e7ec4b953c32c5d295f631a748dc992b66d1b0aa63666bede7a257a6648d3d0bd77c78b5cd61f0c9c542d5d171f683b7b1b7344beb897c62b9932d43afab5f6cbe50c564c6cb73dfd02d2d4d0a6bd0865ed016138977f3debb6763d5d5d42f541789f71ada2ebd5b7bef565c908a4dc142053a4aa8981b7a17eb3a6bf519ade8d310bb95046a87baa62ff52a6d952a4c7ef698d38b329dbe94ee298df5cf9508acc6c06425f6bde4982bb745ab6e5e992ab6774b09a1e9862d53b7af25404c108e6a96c9036236e8b068025b5f000a0cf84622145863d6f85386f99b858f2beafc28bbd6d0296fec8fe9fc40e80348db3dc5adfc7a17db10edf4845afac5afab60de82133dfa63e87b50da1bd3bfd29bb2bf183aa6a3d421d6c41f9b6da9a613d2dd765877afaf656952a66d1c20ef4108f64687adec40f60d15718c6078aa10a2566a23d5234aa4f6c5435ada7284e51c6b7ac311ab6e1ab44618010d22a1b7af5c846a081166891ad569b63d90a0e00fcac6303d3c823cc12c63768c4a98d9e4d1b7f6f54d2fb1e90362279637a6b5c5093ad6d766971214a0716f5840c64aa46b139c994143116696300b61df1e3b4968ae67ae18113fc8eaaa0ea584b235c5a3243ebdc4eb1afe2b1e616f21bd9d819ff1354cb1f676a686c4c9d1b7b6a4da74c891105124145925843aabefa8afd446e9e381c0be3fe422a3cf5d7b238ba3904e67cfe8887e8f73d466469c46c776447d47d4dd21b4e40de2d3f3335be814304698ce677e7d677f25f9b9b4545ee7fe37f2c7e746df93cea288edae9f9036b97d8ceef5b9274726aee0a7ae2ff122d8144e266e2532356ca4c690a1bebc842756e485acd48635c5496ad12200d9374ddc5aa9b87996f134d8b46dea7c8f7170941678938c48ba26b1734ba303bf617b2f6d912b4022b5bfd5f3854ec8dfb6fd8cdfb6fdb877baeffe27ef0f1b3ddb58d3dd43cdf79064fca57c1281256171d6963ac472963ae241228aabdb547246e8a40e0cd276a66774c9cd2495403d210617b24cd1668693ecde8aaf266b9976b5dba0788d8de4658864320a7377b896017d3ad80a70744741fc29ccfafea09bb429dd0a0075a19669db16c01e9b74cfa54bcb9734c165b649d07a52e786c1585e6572d74a72e46930f668c475b54bbbdbe6d9ed46baadedc9337372450a4d46ccdce4ec600b17db371c2d6f5a457098ba5f35d70d3bd226f7e19c4ba19e0fe5ee108f2f3e3a5e9b0e30852b7abea6881832c420084df60c893c05d89dec3faf65a86a92ad20d0eff646518300ff00645bcdaa73126f0f1fbd7fc6e7e77f98ff008c112cdb6708cfe7d735fd77c617f75ecdff001b9573e0fd12dcaf1592d97d89d8b256740e123abd920148d5abd483ee0f635361864725b35c919666be244e06b346e16ca95c89d0966da9ea46da034848b9614b3ef3d735fd77c617f75ecdff001b9573b2be889fec93daff0098b84ff0d1366a63e3f1fc67e223cb531f1f8fe33f111e5771c6319965975facc28f64aefc9ed756cb12148885d03cc50890cb0c209d94a1d27100954cabb50e6b07ad7c678f70564af9aca33dfe5d16d7a2cc0e8202866596fd1bd355f2af11afcc4b0e11a9eb5ebbb9a14d6010b7bd2740be1b52d8a6120d7fd9089ce7ce27ec3afd5b19e317f48b79063eb76fed6dc51f9749b7f12d4e4c97a2bff756de3f9f7b57fcbff2f62efa5c9b77f2d63afbc735bad77f5259fdd547f823cc0de1513769f4ca25056109237c9a49d8626cc0503d96409da46ea919db82798108c4592258b09d1830807b0836216822debdb7be42efea4b3fbaa8ff00047984e71f7f6b6e5bfcc5d25fc4b8ce6a95888dbf94c7fcb54ac446dfca63fe5b80f36d075ff2d5054f73a558d29996014c57b18af63489313a27e5471d6c2111ce8b3f686350ecf8b40a9ede97a830e56e4f0e0b9c161e7ab5271c3e6cc6332ca39fcbbd1ec9d17e30bbbea67c4291c02f3cc56cc8584b5c4ecf4e9a715ec557d895eb9ec01d6ccd0da275158f3a14615a11a51890261611883a00b262f09d355f01f2e5e399f5b8e110a17f5dd290a306016c3b120b2a64dd5d3a13bdebfa42a1b254b08187fa0403041dfeade6c55d83fd927a93f2e976ff000d24d98ccf894fdea5e357f3efc85fe602bfc78be246131fa9eb9fa6de3992f7ab0ba5deaf8f2ff6bd7c35ea4e8772e416b7a4a248bef0c31bc0b54c5d059b38732506b7f6e91c8f97cfdc585c14002252b5245da42a4ed94912a74bad0e62f9e7b08704fe637c8596e7bded48ba264a797bdeb7adfe1ea9bda54b4ebdb7bdefd82d47230877efec20eb420eb41deb5a0ba97a60ae4f193c31e33e2ee568f6ef12d5fd1bd1932955a172c7a79d3f47452c18fa16a7c74875630d9132c866ad8fccc4b4c2d993ca53b139224e6373bce64077c7f5ae3062b187fcec9e2c7ff12be02ffd6373c7ff0062e66cdcb5e952f243d79ced4ef4e5576272224aeeef823258311492db3ace6c93a3667d23e64e91fdb9ae937b6e44ec945a1a75c9913bb926254163014b0f0eb43df3e7fa18be583fda6711ff00bddb73fe1fb2fd6b1baf77295a46f99c31ff00d463946ce1c39341dff9d93c58ff00e257c05ffac6e78ffec5ccce3d51ee7caf35f29af772f255c34b5d70cbca90acac19ecaa8ab2a1167c451daedcb2595c3fb538bb40dedf1a1b24c7c6e050f91bbb5a83c8703f72021f1490213c6949fdaaff004317cb07fb4ce23ff7bb6e7fc3f63fd0c5f2c1fed3388ffdeedb9ff0fd8a5d63779bc24c348ffea376e8ddd372ccfe8e9bb9dacdf136eb5c3c1a619ff276e99b52b88e8463199a044e56d10cb8d37d2218b7a2fda5364cc0ad100d6805964943d7eb377ad717fad67f75ff003dfe7d6b8ff2f5d399205e9d4f163d01e27b92ae4a63a4a43574867f62f453bd9eda7d472391c9e329e1e6d695ac51b0a58be4f0f84ae25f44f51c918d5a325a54242dbff0a380e271ca0f4c8e3f7d6b3fbaff009eff003eb5c7f97ae9cc84789ff99560bd251cb51fe89f2d31a9c4bda02ef1fe55a926dd0084854596636ee7c95d2335dc006a403d6f635acaef3e3a6ac9b2f60190f11046b7ebf649b2cdd6133388f442a6245d43dc8ac40d6cf2284add3163fd5ee1255586b4d3c1adfb7bfb0c68d3ef7edbd6b7f1ebdf5bf6d7b68ef84bec6318c0ce07d583e49fc96d67d6b2ce1a4f3d5349f22c86be87cd6081a980ed15905ef0b93b5011c887654e74b0d7b714ccd3b6b99c39742e3ab98e28b9adb11289132bb9abd39e1b1cfa6e3cbec43c8b71f44e99b1658943d8bccd10648559cc0e8ac007cb260ec09d2b1442ec6709a2d0de40f2de537b55826a6facf689d14a95af4c81b24f1912eec3f9cff0e307f2ebcce9632d8b99a0fd394f09e245cf566ba103fc34a5ee6426fc7eb79b1e913a870dc0677a6e6d02d568c952b632fadccd26448dc8942e4c4f794ccc211dbde29fabd3a090a1b4b947a8e997a0ba31bb2438f6476241f59e9c87c8d3da411ec536834913014a60ae6f3df61b2d67356372afc49bcf58904faf1b29a77a9fa8e54d229a57be8dc93199ca7217ad6ef684b032c53b5395a29782a404108965b14e4b3f92896b8144034113abed7eecc727863d3dac16b6257b8e3bd74ca118beb48ce981af87721ae7eb71e3129a4c399b8dba797be6883044b739bfd54d0d2353a0fb94518f29246f6b0a2063fd93140584e30a0fed0531dbfd8c5dfd9177ee8ba0ca24f1e84c664533973cb74722911627793c9e42eea4b44d2c31e606f50eaf4f2e8b0e104948dcd6da914ae5aa4d104b2131069a316820def309dea8b399aece9fe8fb9a3a49c9a3f6e5f36fd9cc49d491a4aa08669ed85229536127a6d7b6939c52276200691ad6b450c222f5feae4edf962f537f637930813d5071189b2729f34493612a615fc224ae32d9e592de528f98a64b0ace52d71a12d8b0845906aa8ac662d176d75184c224864850fc0953f22fa6bbc2358ddddd1d01eb5bb612e2c7c53434c1ba63f89489bd42349d0162449c40be3f5ec3c954480b7f87b4c851265967be1213d9828101d0701c3787a563655df02fb76bae0d263c76d48f941f02f14527282c44ca6a9e53a0203292465088113278bd5916699115b206218c9f89e92ae068a188432f41d005bd8b5bde64dbea0ae4d79e40f2d7d7b0d54d8ad1456d5b11d3a3eb6587fc7f6cef0cbd57ad9c281b56cbd077f874726cb66505068d000c02a892a2f7b38000293b659cae7fa8a7c2debcab73932cd29b4ad687b1b9e923cafa98f5a7a46b4768445cbe85924a65f9dd50c84c886e6ad312f50378743c2dac32902a44a8f6b6796481d130bbbe8e49f4e0777c5fb7fc5bd069f4fa42cb739962ac1cdd72311cb3ee1e903856ed0431c064eb8270b4b14a49ed76823efc07730bfb657200ca5a8950a55b0b88813cf989671877176ff86ceac904baacdbcd5b68c5969f02bae8fb4981d4a8d4c50352ef95641ed2832b39a5c4262057a128697542a5a24cc079c6ab8fbd22297abd2cbaad37eb72e5a7189211f41f1a5fd0f9d969c25b9a6a6e475dd911256ac1a1044a90ad9b3fd54f2de9d4ef413828142073310e8c126db8b8fc3a5478e5b2ef6aefd9f1506b26bcb3db9d5deb69dc3ac06a629348a16f6e50a92b34a1033cc220eaa58a57157456c8b169082451b7a46a9a9f595518538b538273922d4e41e5881ace97c937ac6ad9be6b793537c0f4d3f736b74bdb14b2bedf161c85b1e6e246cee249e99c52d7f1b8c84f8cd7cf669030925cc4e92cc9d51127a839812479ed3b7bea5eb17a4f39abbdadcee42eeca5ed7b6298e50ad1d8875ea09635ac34508ba96100fc459e8e52cd2046e9169ac9e4ca1412a640e4637a87daf61ca9ca42daf51d93bb444e731b2ef5d9eac75eb40b0e5714f183514318559e8986d2ebe8130cdfe1def45ba3246eb5b5e6ad6c6abf5fd3b4e6ca58185f821debeafba8e261077a0807a15773d1b1445616a792db2ec89e3735be49f9f79c6413aaa9a9c8821489ae61239ac3a08b2728883cb335f7b1c8d3fbcb3a5501fa44894cb485a4880ad3a634bbc5f9ddf1e0f3e4cbc715b741414a426dcb167163ba28a0388c8252adb3abd2dcb4446c4ad49a9d3b79b3988bccba0491cd528211352d93a6735e3da146a003ca7b853b47a5fc4576c33de3088da88fda555b9c8ab9b62a0b15b5d18ca9346552b2dba7d564e9b0c2d2bcb2a812b6d4ca139ff085746e56c8caf5a48a8c6afb2501b75e32a5748fac8bc5ccf62089c6e18a74550d37026274f5165701416431697ec8098a011a96c2decf52eeda03b6220858fd1888ae3441facc6920bde87be90778fad1ea4410b90c3bc77d153b91d88e29543736dcdd02dcc91784c4cc5098610c863f5c323ec91fa6cb520c61fb1452a5f086f21617a52e081ed01426d5c1155eb33bd22564792dab2a58bb8a0745fcfdcd118619e188d614a0d679bcf65f2d9d6e34bc92b42da5568e12e1087cd80d37668899215a1124e8bd0ceb15fa30bf7505a1f9dfb73f83fcf799ccf46d63d54ed11aff00b8ba513cb1cd2f6ccf6ec7a86d953a5078a496dbe56eb60ca2ca9b144a928a34f8e0deaca6969687820206b5abdb9f1b5a8a292b1e83bd19bd185fba82d0fcefdb9fc1fe7bc15ae5c3a613f39ef5b4d77f5259fdd547f823cc2738fbfb5b72dfe62e92fe25c6737635dfd4967f7551fe08f309ce3efed6dcb7f98ba4bf89719cd47f8ff29fead47f8ff29feaddb718c665975d3b07fb24f527e5d2edfe1a49b3199f129fbd4bc6afe7df90bfcc057f9b33760ff649ea4fcba5dbfc349366333e253f7a978d5fcfbf217f980aff00036f1ccfe7d735fd77c617f75ecdff001b9573406ccfe7d735fd77c617f75ecdff001b9572c65f970f30b197e5c3cc3b2be889fec93daff98b84ff000d1365dc7291de889fec93daff0098b84ff0d1365dc7139f2fc7b4139f2fc7b4199bc7addbfb5b7147e5d26dfc4b539a43e66f1eb76fed6dc51f9749b7f12d4e444c97a2bff756de3f9f7b57fcbff2f64c379d8e5579ecaf141d974ac55b96bb4e415a1767c05adb0b2cd747798d2d2067b61a63cd851bad80c5d2cd43d444892bdc2337f1d11651851a301a0879f457feeadbc7f3ef6aff0097fe5ecb7ae062a1e16bb49a3807c98f2cf49cb57286fadd8a6aae156ca8275b1949ab1b4189cebe963cab4fafdb569e2296425cd8090bfe78f571a4a1274237e808b6a06a756c7d6b6d7b647144eeccf2811bab43b36aa2573739b638272d5a0716f5a98662758896a538a529552730c254106966943196308b79707a93bc0f4f388aea9cf667344197bf7165b923592a94208c203556b9ae7d245e62a798dbeb7a5f94c6eab5f9e149aba05232c925923e62ed57ee7a6d35145d4c9be0fc437aa23a73c7157f1ce72ba60a5f55f334540537415a9c24e6456d7a95843f400b8ec2e627b73db73fc31b03a30c67864a5af66358465b530cad81813246a4ea5ddedc8a5ddedc9ab567a8903fb1c5185ee5327786c8ec6a34d0e4ff0021903dae4cd6ccc4c6cc8ce71767877725a6128db9b1b102650b57ae567149922520d5079859458c5aa8126f5adf8d11b2fdc2be72ee52241a2b5bdb4a78450aa9a76a3611efe803e99d0c9156d304410846a06c259daf9022023335a1fd15bbf31dea85bfbc90d7720e67a16be51cbfcc5271e92cf4a364ba915bd703292328e2e3d2d7e6e48dacf1185ab50580d78864680e6a1ef448503dcbdd58152e62505a70ebeb2e6d4f235268dcce3ecf2c87c858e591690b7a6766092c69d903ec7df1a9617a391b9b3bcb5a854dce6deaca104d4cb51293d31e58b4328c1877ade7bcca34fa37b963b96155ed9dd1d6a58568c2b8be70c4262a128391b82b1446c597ad794ce723bc63d167c4aa3f4663cd69d21b1f6990c586d00b15d5e5dd4381ae2df1444359796c271318c60742fca6d872ba9bc6af7c59305567b74ca17c83d0afd18754bbde95333da3ab64c26f7c4dbd6f5f4a86450203b122dfb8426a30887a1075b0ef1ecf1754bd7dd15e4678928fb5c0994d6d66f4cd45159b35ac16809a431d5f316bdb8c50d16f5bd8432e20bdc635b0ebe4fa9db5f1ef467d3bd6d8b6e56314bb2a9b369a9da2fc46116d57d33ace62dffb3eeba2d3b8e3945e40935b18460d094353aab283b1045ad087adef5bf6f6cc523b578fba5fc4f76a3dd433cd3e43ac8a6a76db39a72d46b467b6a09a3130c802f15adc75faf37e74e724587b622720164a8567c724489c236eff0013cb2b825285f66ddc810206a4089adad1246d6c6d489903737204c4a340810232409d2224491380b4e952254e5964264c416592412580a280100421d797948ce17f59cf31c96b98d467bf6a5b36b2b89a5a532291d914e471b675544d17a220a24f90063a27f6b9ac1d7bc99f5291c6d1b54c1a519bf37c320248127485736f48facdbc7657b1670df385557ef444fcd44a84c68de63ed54fd7a52f097ec9412294c81cde25c94819a208c4165af1eb661451a011e94c114210fd5f5cf2e92fe7eb40bd2250cf1cd4d5107b8a01cfeece978dbf33308d6145b97e845551097384b64a4a3f619e7a46d90c9206c670f4128a09b24285b3b622f449b05de8a0fde47d2bf92096ff001e681c84ded1bf3befcc5487a67c89dc4d473bd63cd11a8123929ac89d6b45494743e7f6746ebaaeaad8190b4d59a50f8f32a9b96f4ad3285cb248fc426934b1e56185a22ca0cd97a283f791f4afe4825bfc79a07172618fcf1a6bca9c9a6de717ddb4fc1ba0e9db4a8ab35a8b7caf6e0804b6b699b518106f6ae3732635ac0ea1206308f442c2d22e30e42ac01f951ac2c854408071258c3ca18c0c3da651cbc7c50f9157364d1c6375d9c47d28956b42f169437a2912aad65a99e634f3f190708e1c4ec58ea76d750a611a3038c5249a4ea02614a8d2c5693f569794b83f53531e3e685a2e45b5d5f5b756c67bb26e9c9526ece292cf9897c6a968d3d049f88925e1852a8b41448d8d795f7681798c2a0e4a90c2c9d99e77ad17833508bae89f2190c68092c175351544dd0a1292001455a1056b54e95b481c06127433d7cbeb94aed1cf9467080423aadbcafa00351a11b543e0de609ef902ecfe63e4b69747a5aaad49e46e0aa5ccd58a171d0babda06aa433d796e0abfba0256f85411be55254cdc515a4bf222192511f5a9de842ef83489f492f0a87973c6aa6e819532e9bed2ed89286d4527a94e416e4969c8d057476996919c5e8661a81cd19b27b25b8423b7a121b15280649271030eed379f310886466b986446bd85b425608741230c10c89b0a107c6899233176a48c8c2d08cbd7ff008d2b6b5214a8d383fec924803ff567d3e06727eb63e55798ff0043f28f67b5372d36296555ae7cf92f7028b2f6d8d535ace42f738896969bad68e039cba313d7f251005b194722af55ec1a2869ccd9ddabf458773c555d69d0de3d25efe4a29bb1cd54746536dce2a4900e451391b2b045acf6162098300c66c41e6391d941ade504c3cf2266f2e6507eddb1c064db47c94f02d57e4bb8fed2e4eb587f852698234ef3049b908c2b5d2b4b423df32a84cf9a93ece4c2503695c69a89e5b40ad1fe3f167490470e569d33c1e687204bda82ee5f0d5da4decb2b04b284e8aa564c19655d67458d1ed9a4ada9ce528dae7f5cc85424134cbe13254035289723569542650895bb4366cc499601fa3e4bc1e1b75e32829c79eb638ea38734c7bbc39465ce3326b48992b8d9bcc6e51b548a566961096638a9ab2c57d8a911b5c6843f32a0b758ee6dca95186091b7b325f89217d9eb73d6d1c38d314713e88e4eeab9ece3488cdb4355b1aa92a8898d78caf7202e52188d8f723c94989345afb9d258b9c619f18cb207a08c0a34297585c6dfac6afa2b2686c2a4f398847261629af2457f157d9233b448a70a23a9d22c7f4f106670589dc648a1951ae46add53b3a7587204aa4952a805123d0f3ecb315dec4ef7ef3f339dab069cbd9321955c2eafcd90de69a4a9648f6437d6da35d80e4cec35835a656a5e4b7c31cc929f24136707039f97ad445ba3a3b2266636946cbadf78d9a57a3b9ef8839e6a6eb8b96437cf464620a9bf955b064cf0548d7ee46e8a953aee284c9fecd2b84ad04151ac4b0e492c7d317bec9c0ca27d715e698e012882cf5dfdd587f5a9f26bcd89c9dccfd7d1b6c56bbfe4dd65c8ebbb08c49f1fc4db03bd93c78969913ae87ad0fecdaec1834663294450f6202f9f941112616688d4d0efe8e3eef8bf3ff675b3c85623e90c71dec78bc6475c2c7259f0377f2df551afea98632568e101224593d87ca6588d31e23007bb48239148ea62952e7340507483e82a1eb1ea0a4ad1e7ab9a3a4caaaeb8216f7059a321a2d146a8677b4a34e254deabe8198dcf4d4a3e07661774fad2b677a4281d510cb568c93038ec7953f157d3fe1eba77f45e53a9328ae54498c9273574ac6c0b5a1b268d8cebc2e6c4b123db49a1dc42d589eca48648a3615a95dd95d5316f6ca3591e58c8f6b6ecafdd2f2cfb1c71a76b9c33e946d118cce4fc7e7acded3aae0b1fad3bfe8771e803e38de9db135f352bdb2c5ecc7c488cb2484e6cea04fa42386c9e40695a304b24ac923838156ca244b18162f3d63a9bde9bafd6e3cc2df0d701739f1b5f32db04d4e229a89bae415f5770d42a8c0fd215ae0a20b22b41edd53a416f6709ad3256631c420fb7d3bb5ecdfba2625ddf15d39cec9af1967318ac5e2770e6ab226ccf2090c3600e5256643349630c4cc6b2650f31b8c295853d3db5c70d7c672df1736a25299ac4e8834b4c27ee89fafed73141b67ab3c877978efa86d960799b585d693f9431c6a908cd3df8bc6415a92deb4f5f1e8f5549db5cb6aa031887ecd5cfeba46a5e82a1b805bccda63263d66de1f87b0bf11d5779d27c9f4455dd3374bcf42df9118034a1b5adb7c0b7ed6ca2627fcabdd09255a06a661bb35474c57a8c323f3c22dc9a42cecc89ee54ad7489c1cd61ebbbed25f6adf7a4bb4f8c630199f37acabc66bc1123af7ca155ec4254c2e2d91ca4fa74a6e4dad98d2f080c391d4567b97c4588c311bc379c1abdedc951a590dea99ab66d20061af26081a0ce7c05ab5657b77d6d39a7ed98933ceeb4b2a2ef10c9c43dfd36953448636fc88d40e6dab0af70180d1c9ce16c9529cc2562250125622509d59049e586691e94df32515e2bb7e47c41d272c4b19e74e8e94a27eae670fee1b4d1fa9ef850990b0e897a5278b4919e1d6a35a46866767a52614863f26608d2e5bf68d2eb227745a7a0060300130b104601842300c02d080300b5a104411077bd0822d6f5b08b5bdeb7adeb7adfb6f3246f37fe9eabfbc604da4b6e548cd27b9b869e1ccc571cb390a5dbbc929f2979fbda6865d68db89d1ad814261806f67b1828c889c941b425ab3d8e48b7f01cf6be333d50bdf7e3e2291fa7a689d87aeb9f632953b6c6e096d3cbab44fa12ca90212d2b140edf6f4eececdec69890812a1679947a7cd6ca84a4e82388d91113a4fb17f114e14d9a6ad69b194978dfadd38f9532a73e5fc5dd28c722127009535c6e5957ca994957bd7f3a4277f747586ae529c02fd4054646d29a66bf6848cadfece462f76facd7a56e2893ed79c434433f2e257a4ca1b4fb8e71254d68db099bd52738a35543d8ca61658341deb5b302129c5c8bb0cd48100943709bdc049962209fef369ea558778b9e8ea6f9ce9c80c37a3274deb0529eab8ca991ae663a0105736d102270b6292b505c10b1daafa6a904bd412f8ccfa99922c85a0a7064f79bb73a34ccd78d5f25fce7e53f9f37d09ce1a9c206668908e113a8acfe2ab63cff00089f2567697d718aaa7007de4564a348d8f8d2b82eb0f7f7d6dda47147a567215e339bd3e461c19e3ebb1bcb9f4f1b00a8dba4d379149241b94de17dce943cbbc620081f9c8c54fd605a336701a950e0f2e470d7ad40d035cae5b36760284ed29961fa5aa536c2fc15c4f5078f3e54a9f93a934a7ee235a326ca719138929ca7f9ecc9d4e138cc67f261260e8a1be4a9f0f54e069056c491a51090b136689696a409c9177d78e39d22219e8fad2ec395be792aa2eb670567ea1b5ff20c45fa30d42defed4b7b9f5a56a8658f856b7bdffd21d53c4a30d2a441f60eca8d240fb7d4010853b5e8bfa22b08bf8f5b93a11a5b9ad6db96c7474a20b3192e88206f0d70face290a5112837dcfc7f3a64442e963f4b8e4e0374158649919aa023fb245f0f18fac2bc5fd8bd0958d55e40e908b2e9848f9be28f35ddf71e636f35c6443a494bb2a95c6e7a8d326d0952a67ac64ae72c14a884e9d51c918e6a6494efb4668cbd2a0d5bbc1779e0b1fc3ecc66f117f82a8b9f966df766e7fb02b76f7521965b1598b7a429a4ab16b9725a035a44f2a58c94cd3248e3c81337ca91353017b7a6150ce42d3177c0bbf2d7d73f99c7149ca34f3cd2c82082c671c71c30965125161d8cc34d307b080b2cb0076318c62d0401d6c42deb5adef2ad6d3eb06f0fae11625fd738f4bb13c188c2a4d83b8d24051242146c1b1090096b3cbdd21c62800f5f1fca5ca848c5bd845a55a0fd5b0d747cb77ab12d1ed9ae24dcafc1b554de83ac6d04664426b654b97b7acbf27cc0f82137ae83c5e3d0d56f2c75e2091a73bf097952d92698491f50ad39a9b96c7cb354e9c07eefd66ae1f94bbbe2fd21e47bb7ef083ac48e707b13a6ede7984bba15205689f61c4cc5cdb22b204aa0b084b3087f6140def257d1f580005da2c269da0e8e1ec47e32bf76e78f9fc907287f01a0398ac747f38dbdc996ebe5137c455441ad58c47ab99149e1eb87a139c6cbb42b5885ad1e687a2b410890bfa38bcd994a7f6a335f333bd697b51e211c8cc16f6a7f195fbb73c7cfe483943f80d01c702294c32d299511adea96fdc5bdb1fdeb9a3fcdb5139498f4827ef8c8d7e5d2f3ffd8c772ecfea96fdc5bdb1fdeb9a3fcdb5139498f4827ef8c8d7e5d2f3ff00d8c770b397e3c3ccb56fc63184641bea94fdfa7db7fddf9a3fca350d9a40f817fdce9e3cbf2e515ffddb9e66fdea94fdfa7db7fddf9a3fca350d9a40f817fdce9e3cbf2e515ffddb9e4d6384f7fc5358e13dff0014b8e4167a96ff0071ff00797ffaa543fe62e9fc9d3c82cf52dfee3fef2fff0054a87fcc5d3f94fcb29e13d944cf48b7ef99aebff22ef9ff00e264668f7e56af2e9ce67f1f3d3d7ff20466252fbd6a2af4e9c30b34d1a1d1fda411a6572407d86fc9d95a57b71eeaf511807e924b995b541e6205ee2c64225c916a63cc4a6e709e916fdf335d7fe45df3ff00c4c8cd5f95a448e0915205e953ad42b539c916a256496a522b48a4b112a12aa4e70464a84ea0918ca38934032cd2c622cc08822deb72339e31da36919cf18ed1b5937f891f503f44d03e4e75d2fdcb77d8972d5dd10d49aa4e847392ae52e89e111750ec5b943e710b8735124b3475aead90187addc5618c88516a1efb3748c8c873d39a5d0b5798a4ae333b8c47a6b0b9033cae212c656d91c624f1e714aeec5206079464b834bcb3ba2134e46e0dae284f255a35894e3085041a034b18802d6f32edf503fa756d3e18b0e79d59c8905789ff0010ca5c5c254f51f8b2052ed21e5e58bcf1ab73609135242ce5a7d429941a619119b9251a9a34d9b2e3534311286f6b904a7a03e2f3d40fdede2d9026af2bc90b15cdceda5a7ac1d017185d1da32c26ad3be771575b48db572293d78b161a23949885b962f869ee2a553ab9439c5cd41aa857efc53a63d772f4df8e934a74c78ce1851b17e328eb5c7adeb9a9c18d1996ef0e5e511927d1f4af475c59101b118fe40eb5af951b949d1d5cbf60385ad8fedce6ad0936b7a2fee55ec3b345c37d21eb76693232bdaf91f895d89972c46a0b6f9a742d82834c6c0b0458c04283abbaed2a957262c060806ecadd911ad6be3d962f98267b81f1c6fb54f8e37daae4ff005b9deb054943718f3385cd229b2dfedd945ea7b312328d5ccd0588c35e60095cdc81adecf44924aff3658959063d04a733a2720d17b10da4dd0236fd143523e487beba82ec28b16e2d577299b01733b450841049edeb4e0aed192867e85a017f332d4d35184a104433b646c60d842419a15682d1b4fb47cadf5e8a552e3a79d2fd497ac810b0b030479a04b571c1068c033c4e1b186924a698a42e3287e6309428886e60606c29c5f1d94121dbb3a19abbf820f14e8fc4ff0013b5559293da1eba1ad6782acfe8a92b31bf78d8198a96e21bd9a04c0e02000c5b17ae190b0b3a257eda21da40ae5525485244f200234e2f865879b87537d583c9af3d31e25277328a362b759572858913e8f291a0f8fee544319103f41ecb199a335ad09ba3f099c3a4e9cf411966692c3b6617b3465e931f479f4c8777c5f863ca457aa2ca7d223951f49c55e39ba74fae2b3ed59634e13277617caea4eea234404642449624663ac2e0eeb4c21330c7e4cfceaa1414913aa099ae6481819256c2f7179334b7bf46e48d0e4c1206276484af6a7a6478467373ab4b9a1500313ac6f7140a54235a90f2c64a84c71849a0100620ef230f3d1e0e6d4f1617a3fcf6bd8ebf4b7876cc92ab5b515909ca50e80ae14bb28315974e594b41f31ad6fcc1b3048628fcea22d24f5853a75c8d51b20492469691777f5af363330df171eae4e8ce42aea2742762564afad2ae85b7238fc3ec96f9582337cc5e36dc9b499b999f1c5dd139b05a88dad312990b51efa746650526d0c4ef2f7ef892904ccbcfbd6ddc5a8228bd555dc7bd432a9c0519826c639f3ad51008a1ce1f40be1297ca63b2fb29dd323f93e9f90f4f0e5677d1f57d29f42f6c1777c5726965935e409c616d1389dc3a1aeb63c9830baf5b6532566605f399809a9c9f411588a4755890f91c886caccecea065682d5b88dbdb572b0a7d9098e183ed73161f233e51bb43cc5748c425b650159aa1b9dcb8a73bf3dd4681f55b1c214489d519281aa1ace9c6be432bb0e50e053492ed263f4a64323734ede89b12b5b3a1648fb66a93e17a80ec5e70f1f54c407bb2e89adc7d0aad19d267c2274ee8a4cf152b03ba74218c536298813fe352f510c6a4a48df1e646f1255a4c9dcdf195a1f5544da63c0285dfcdce19337968b0e5769f93ef203339aab3d5bf29ebebf987fe91bdecc40c90bb2a430a8ab183eadec5a4f1d8b47999852045bd88295b4908b7b16b7bdebade23688ac39cbc6971356f523735a58c1bce353ce9c1d5ac820b0cc26164c2d9a77349cad3c92cbdad5b2d92bfb8bc0941bf588b4ca52a2284148913145e769eaa0f17f62f23779583d71188b2e5dccdd892b5562209736379a63442eed7d236bece814a5613a192def1269114ed63468f581464beb5c81c90367deac89bf184f6dbc26faab90713d0b06e40ee2aca796655356a3263550dc354e991ce7f0f83966ef4d5079943a4af31c6f93b044cb346923cfccf2242f4d3194a863db8f3eed0245581a56e479f966bd225ce1e34bb8ada9938a06f40cfcd16d30b316e0b0a4453ccde77107382d7f1a24e3742d7ddc966d2361634a02ca38d11cbc3b0126ec3b06e1827feb10f11d158ba8798883a5ecf7fd13ee8e211da7d2b02e3548b7f4965ac779c4b634c68d3805bd095284eb9c4d2c9d0c49922c3b404e3a90f903f2bddebea38e86aa38e280a995c12a7719b69556dcf3167a56fc7bd3ca62949465ad7acdc2dcda915a587301ae2e868c0d2db1281349aea79653c3a6f6f4b05698ce518cd72e68aff000f1fbd7fc6e7e77f98ff008c112cdb673126f0f1fbd7fc6e7e77f98ff8c112cdb67033f9f5cd7f5df185fdd7b37fc6e55cecafa227fb24f6bfe62e13fc344d9d6af5cd7f5df185fdd7b37fc6e55cecafa227fb24f6bfe62e13fc344d9a9d7f8fe3fd5a9d7f8fe3fd5771c63199659bc7addbfb5b7147e5d26dfc4b539325e8affdd5b78fe7ded5ff002ffcbd90dbeb76fed6dc51f9749b7f12d4e4c97a2bff00756de3f9f7b57fcbff002f605bad77f5259fdd547f823cc2738fbfb5b72dfe62e92fe25c6737635dfd4967f7551fe08f309ce3efed6dcb7f98ba4bf89719cd47f8ff0029fead47f8ff0029feaddb718c665975d3b07fb24f527e5d2edfe1a49b3199f129fbd4bc6afe7df90bfcc057f9b33760ff00649ea4fcba5dbfc349366333e253f7a978d5fcfbf217f980aff036f1cca53d5cfcaaf344f95f91dd45372d2e0dd775a416cf63741165e9aff4c60f1f6ba9e7f1e446835a189721dc46352d7528ed0865fe9e2230066ca3c0513ab5e435f9c1f13f14f2d1c74e553a656d518bf6b25cbac1e709fba00c0a2669c69bf691ca1f22529c23545422c76e24863918c92d4fe16bd2c765a16f74551648dca42347d221dcf15e81f1c49b941d5fc915c3c6d2690c7d4b12d524edd9d69e9fc95e26d0194a32b63d1ca1a9a9d5ee49003745942d3497196602a1802ecddf35b0b310badac9eecf0d1dac63eb1912fe6fea3a49dd547e511693b680d6f7e625672731d62b29683066b24f2b49aa44a91512a90aa58ccf48b4d52889bd12b9231bea4bab735fadba835d126d4dd81c7d7045e749539443bbd7373b42a7f147c5402b5a39c9be3766cb6b3768b92a0ef7d96cca2512d1a52f7ad09f158b1914d3bfddc2f3d9f1a658d5f133d22aa3a731026ce5718dcd525746c919cb9cab8769c14340a56962835817d531c2dd52296d35ec84063694bc931218a427ebe3ca57f457adaf985b21cea5726f235ef35b08e20c21995f42ac80569096c563d6c25b9b8a3ae6716abfc81226dfb1db65215c58f710ebe0dbe34885f3829c918b53c97f97bf25918b26bc97d8130edab365ade742e575dba3dc15252ec0ce3fb546b23cf11c3f4754d54d66ceb0e3563a10ab5b4484c5ee2eab1ee4af8b953c0a75c37f66d3b94f8f5acfeebfe7bfcfad71fe5eba732d6545c2a6d5bd2f54402cab21e2e2b0e195e442333ab59fd2b72178b125cccc485048a62bd1b5226f4090e903b10adcb49c94a01125a8016798a5404d5275537d6b3fbaff009eff003eb5c7f97ae9cc2c67cbf2ed2896f441ff00698ee9ff00c8babbff009fbbe68e199c7fa20ffb4c774ffe45d5dffcfddf3470c218c63019d53eb4e1ce4aee98106b6eb3a16bfbb22e9fee86ce29535081248aa9584893a970854d5a4e6d99429cce245b28d718abeb42c34bfe6cd3865fb837dacc605352f5f457704cddd9c5de88e8ce8ca200bcc11a9e34f80875c51266deff005053b496e6dd0f990d1835ad6f407b9bbd2dd8b62ded7fd3b0801d4965f435c6c874f9645e4b5edcd93476b7f60cbc928189d069feaf7d97f8b2ee8f91242cefa77f468efc14d06c41f97e0d685f102fc38c177d3beaabbf237a487c567373eb74c2d06cb43aee52d8a8b5a8d15e5226d4b5aa6544fb68917f26f02688bb7bf25ff5b6a1aa78e9336754217f3cdfb00420d59be3b1c8f44185a22d1361668bc623ede95a186391d6b42c8c2c8d48490a744d8d0d0da4266f6d6f4640004254489392993920096494000741d7b9c60318c6045f7903f0e3e3f3c98a42d5f5052081758a89014dacb7740568e0972b3214c03cb4487f4c9a891ea48d2dfa52a06df1e9c374aa3688e386a133396a37f2e5652c9f43cd2ee8e661b4ff00905b420ecfb303b29059343452d473013f27ed04c778bd8f4e2534cf8bf5046164243b335f56cbd045f486f598c1b377badf3db2a6e7337a2ef83ab19035c8ba46fcbbba780d8600e3618da899e8d803e0c26685b25f93471c2593f1a21035f4fc2c5643029fab7f50d68cbf72776d4a6a95a939e2b78bd3f46d7510aa6b085a0036c6211076444c2c0d4983fb460ca4688a2f47ad5876c6a9c9cd5894393aae34f5ee4ad52d3ce3cce4fc60321dbc8d7827f1dbe4e55a897df1562f87dd236f037117f532e69a0b69189d393b25117233cc6c7889cf4b4258492510a7b15922c6e464810b4ac6e4bb117b989c6050e669e872ae573e6d4575e4666d178d6cef7d34cd399d8a78f814ff0056f7f46e40c775d7080677d3ec0f97f464b07d5bd99f0ef41f885dfde3bf47d78dfe7a94b4ceaf9965a7d86feca7a5568e2d3f133c169f316a5334796a9ce031101af8fe5fcc007c8cf239f3bc656a7fad23ab138906981ddb271836efe1f0876f27de117913cac4439ea0d75bfdb55246f9903334d583773b3856d094689a66edd0b6b706050dd2bac67ad69989b9240a3c5b2b730a0642908481942d9e469394473978c4f1974678a3e7a7fe6ce7d985b1368448ad591dbcb1dee37987beca8a91c9e350d8b2f409964260f006803212820ed47244e6b21cb80ad4b80ce713c9313109645f18bbe86514c3a477cf47f334b09c51848b7bd04d2c658b61f6d0b4118761dec3bdeb7ad6f5adefdbdf5bd7bff4eb7fd19530adbd1c1e356aeb120366305f7dc8b1f6ba9a45a74ca91e2c2a10f6954ed117c43206d4ce8422e6e6f587371eb1bc929714917a25262611a0215a634403816d3c65acc5dec58998ef944f7318c6447c5595046ab46ba9fd66fca5c1131d8b0a95411e56341a9897548d52e625f1f7152d872c4ab9194e04237038d446aa44b1316a40508f4aa0ad0891d6479d7d22be3a399fa028ee8e835e7daaf135a0adeadee88834cb27d45ad8b39c9eaf98b3cd985be488d9f9dd8dd9530ac74644a9ddd3363d34381e80c505a37342a045aa2ad478c2d69b39c44f7321e3caf784ee5df3066d0e7748d877e40c5cf45d9c5c37548492bc8f85d436b0abe1483726d4f2b0b1f6af68b75c327e0df856d9f44695ba7dee9c3e649b4530f8c1134baf745878aef11bcebe22ebbb4ab3e749cdd33962b6e68d53a90abba9fa0cfeec85d9a18c11f4e9994f82d795da321b8c46584d38a5c81c14ed4fd4302b015bd12194fc6317d1266a64237951f031c93e5d2c5ab6cce8bb2fa2e0cf952c29d2091d474a4a2b4606a5cd4ecfa64814a97a267553d88b143801619b288350ad6e4c14dad04c4a69bfcf64dce30237fc5ef8c1a23c4df3fcaf9c79ea636dcde1530b7a4174393b5ccf50e7e9491279243a05095ade8564220b5f3496c24b5d78cca12a63d954b8017aa7330e733d39c952a3920c6303c0756a6b7d6c71647b6d40f2ccee89536bb343aa34ee2d8e6dcb891a65adee2815967255a8962730c4ea92a928d2141260ca34b19631077591ecbf497f8b5ea27f739bd62d16071f4cdd948d6ae22857367fe4c562a30b1006315552e6a7b64614feff0018cb6dafd741dacb30021e916c471c21d9f718142807a1b61da7ed2833c93c94517fafdf6d00e536b2dfb60f93dfe8d4885d06637e87f17ec7c9b8b8b5f27f39f17d3fcd64b6f157a507c5af26c89aa7b3f609e75e4f19d592e0da67413932acae5ad7a7d83649c92a98a3330c69e890ec1b1ed0d846cf11fcc3d9a592588047c366ac60bf8a78eaf1912246da8d23737244adedede953a24081127292a3448d2940212a4489480164264a9882c04a74e4800512500059600803ad6bc9c63018c63019d30ed8f1efc81e43eb62eaeeb8a56356a31b718a54c5ded46d631cea0ce2a8b096739c1e76c2a1ba53195077c64097266f730353c853274efadce88cbd26df73f18147aba3d111cd522755ab281ee1b9aa86c50a8f50999ad0ab21d76e90126982300848718ec9e90526109c22d1041cb0b54abe20044a4e5477d6699f51cfde89ce42853e35bb74775c5d97d206f525a9551881c2a3143313e68adfd5f60ec79ef96dc98a6d3ffd45216391b2ba6cbf7d25764666f466aebb8c5df4bac977b39233ecef127c5b3af1f33bf19d0aafcea039927edd1f44ea8693132b34c885d1c9a45e78964db92cc18a6da7f97ad7e88338dde51346f943c39905882a550ce0263d3f55fc5bfa7d78f3c4addf39beb9e2d1e959c4ba7f5538d42f0d9744aeae7e8e258e39cba1f333d7b6a583d415eb994f60738536272942a76588748542f2c6dc350627529a763183a748af5cee7698c6303a65dfbc2948f920e5d9e726f40ee5092bf9d2b8cbaee43055ed0d33a89bf44a40df226690445d5f58e4ad2deec51c84c6d5035ec4e8915b2b9bb3629486a75c6eb235fc65fa73b863c587413a74ad1f35e87b26c85b5f3ed74d43bc6555ac859e28db2571655af4f31b4706a9abb549a46b1232858c4e0b9738125b239bc222521625e61da9f5c616b7af5ccc6318433ab3d6dc4bcabdd75a1b52758d250ab9e17a1a950d44c9909a53f455c95261a335ea132f693dbe590a7c1261889dbc459e5a578c9dec834f31388650bb4d8c0a56df1e89ee34993cb8baf3e7585f146a35ca367a78dcda2f11bbd8998220fed236b34b5956c9068402f6d91a79913c2f0877b09ee2a77bd0c3c5958fa1ee8e6a7024db9bc805af3d6ad1a1d9e86b1a36215238184e8cf71164ba4aa7d75a624d115fb01346ce784267f39b2461d7c5bbd2e305ddf9463f8fef0f9c03e33dbce3396e906e6a9f38b789b1fee89c2d3675713f233340d29466ccde01f547da96ecb286ba3d0a41168d2c3892541ecc350584dd49c63180ce24bc684a5ba5eb57fa7ba02af84dc1584a0b282f9089fb0209130ac3530f66225c5a55e49bb44eada7fb296a784034aead4ac2058dab12aa2c068796f1814e9e95f46070059cfae520e75bc2f5e63fc405b1950f51a67bae00ce3d9860fe968492b3d82c0d27d80612f653bd94f03d7c611167035b1037d5faf7d0ed51b6bc84fb5fc8658d338f68fdec6d75ef3dc66b379126f935bd1617e925a96ca101fb275b0ecedc6c6584c1687f00821fa077b6c60463f8f1f0ff00c19e309916a7e5ba80b43397b405b74aae99f387e9b5c729460fa36346b65cb53262185a140cb28f571b83b4c522cad5124ad3d90c58584fd49c63180c63180c63181e1b837a07740b9a9d50a3736b7348a5bdc9b5c1312b5038205848d3ab44b91a901a9d5a4549cc3085298f2cc24f24c194680401083bae27667a567c5075a3c3acca2f5f4c393a7aec798b16bb734bdb5c621ebd70c460b6359554998e535fb625108cd88e4b0766851878c20306abe4d98232c8f8c5df42b77dd42792fa1b620a9e3e687f926923247f667bfe1b25e536c94bc00afab7bfa7f1b6be8387a230cd83d8bfaff00283a16f66fc7bd6b44efb8dcede8bef1ed5c3cb7be740ddbd01d27f63bd08f8910a98a98823befea2f6203a268894ef60049de8230802cd65331a1d19bd88f18821deae258c6ebeb9def9375f5cef7cb8439ef9aa81e4fad5a69ee6da8a094b568ca219a8a25016046c6de6ad3b41d2a767538806d73f3f2ed802372903e2b717b72343a357af526fede737e3181fccd28a3ca3083cb2ce24e2c651c49a009851a5181d80c2cc2c7ad80c2cc06f611805ad8441dec22d6f5bdeb2b47dcfe94ff185d8b2a79b2212cb37e46b29fd729757b5d402b64495e3ebaabd9a350b5cea792b43bc61ab669c668f348af8d8190a14044a1500f3cf5069b660c6050a527a1ba1a091fdcaff0024b265111f9b62fc15272ab52291ed3ec5fa89fd273ba057b604e0835ad6d4fe88880316fdfed41a0fd229e1f1c7e9bef1bfe38e56c96c45e2328bf6fb8f9bf78c16f5f8b99e48ae1ce3bd7f5fafe16ccccc7098b3827dfb09ba407333ccc9af7b3348652480e34029f5c60d29a5eb9ab95e417d319c21e47faaac1ebdb9ed9ead86d936537c25be46cd544caa066866b50385304099d523412ea426cf85ab3d8a36d9a5e351215451aa4b18d312948d8138278289a8639cfb4853742c3d7bdba44691aaabca862ce72550855c8dc6395ac45a218c8bdfd535b73436297b56d8ca9543aa86e696b4272e30f31237224e22d315cab8c1d3a4476cdd3aefbe25ab7c8b7275a5c777448a7f14adadb320c6489faaf728eb44e108a0162c4acd67d32b84ae2f33614fa54fb0d6c46e5f7d1b70d9ad2a17129768d6189d7268b3f1bde9b7e25f17fd2e83a9a87b6ba9e633e6f85cb20a532db930a95ee2036998128c9725262186d2b047adb8a7d2127684d0bf05317b11bf3a453a103e8b08e30b5d3c45c18c6308adef7dfa603843c8af58da7d89745c7d6f14b26dc041812261ac26b4e3441d0ea015cc46b167db2b7cae8b99bf27daa6286362c72fbe9238e8d7650bce4ba468cc4e8534daf22f3241b8cb9a699e59acde2592080d1d0a41048abd4e9633b84bdc5a1b4d50690a640b9818e34caa9c45b503d1c736b0b52616821fa1217fafdfb1b8c5e5c3d1d30dd06753bb978eeb6efde55b7390edf7e9c462b9b95be36db267dad9c185aa6cde44626b1a9d201b13849e372e624e69ced174099589c23ae601b71cb0a240429192ac8ed8e302bcde393d35bc43e31ba6d93ab28ab73aaa61603144e5d0e4ac96d4c6a37a871ad9336e0b6399ea10c3a93833d8972724011a030b7f293966fbed426520de81ab0ce3182f2a767f334a28f28c20f2cb38938b19471268026146946076030b30b1eb6030b301bd846016b611077b08b5bd6f7acafc76b7a643c4f7683c3ccccea75eb9b6cb7d3cf5ae739e61796fae89737150798acf5ae95db93249aa93d52d5671c7bab8a184363e3a0cf34c54f1b51b28f2ac178c0a1dcebd0e75b2f5fb36b4f22f388a35fcbbd8514eb9a986c05fa277bf60836e8c173d669c46835faf6669a020337afa74515eff0050792aa4f44572d312f44a2f0edbbdacc4442928e56dd5ad7504a734b882c5f50d2095485cee83d3167ef5a018693ec784ad8f449851bb01c5ddeb182eef8a3d3853c5670878de6154d7c994146608feec880864d66bb9aba656cca93847f30d33d5872750e5210359aa3fe93fa36cea9a62c428d04c46c69b610fd32178c6033e4e7503845a10e91d7964c42333f814c1a55314ae1732636d92c5a48cab81f1ac6a7c61784cb1b1d1bd483f51c956a63891fb6b7b07b875bd7d66302a69d6be8f3f1ab7cc89d26144caadfe457a75396ab3e3504716db02a9296ad33e7d9e8a173b294489a082ce119f0b4314fda5852a61851b735204e49002fa0119f438d7c95ff6a265e47264fb17d1defa678cf31b244dff0069fdb5ee5ee46eb784cdb8277d5efaf9bf45440f6d6b7f07befd837cac60f37e3bed9430f8e0f027e3afc63b8a59bd2b5abad8378128848f77e5dae6866f63a02cf2f65ab0c4494ad2c90d808548467a7395c322cccf8b1b8e136bb3d3a26f708a67b18c0e39b6ea0ab2faaee53525d35f446d2ace6ada634caa0f386341228dbda1337a168b58dae249e46ce4e704b548561412d6b72d253ae40a132c4e41e5d4dfa7bd18de3fad6903ac979cee8bbf968c741986950dd85a6eaadd94d198619ad3336cb54b1d825a6d7d7a089339d9ceba080b00538d307ead6ee1d8c0a24d71e876a8db1e427dbbe432c69b47f4787636bae39ea33573c893685fb4585fa4d6a5c088078c1fea9db8e185962dfeb20dd6bf6ad25e3cfc4c70df8c28ab931729d484b2ca2468d3219adbd325fb985bf374e944030b4af9325a9c8da068da82c0b371789b7c6a2215c1d2f2980b59ee7ee49318bc8d91b3745de0abad03e92ff1dbce3d3551f5440ee7ec75739a5ee5885dd138dc8275492a831f24854b514c5a199d9b9b39fda5f4e8c89c10108d52445226f731b77d4512ee429d85506d158c60d9961b2223b21e3caf784ee5df3066d0e7748d877e40c5cf45d9c5c37548492bc8f85d436b0abe1483726d4f2b0b1f6af68b75c327e0df856d9f44695ba7dee9c3e649b45f71e2bbc46f3af88baeed2acf9d27374ce58adb9a354ea42aeea7e833fbb21766863047d3a6653e0b5e5768c86e31196134e297207053b53f50c0ac056f448653f196b37cbd42d672e59469bf3d0c63191108de547c0c724f974b16adb33a2ecbe8b833e54b0a74824751d2928ad181a97353b3e992052a5e899d54f622c50e005866ca20d42b5b930536b413129a6ff3d9d99f17be30688f137cff002be71e7a98db737854c2de905d0e4ed733d439fa52449e490e814256b7a1590882d7cd25b092d75e33284a98f6552e005ea9ccc39ccf4e7254a8e483185ae14c3a457ae6fe6696138a30916f7a09a58cb16c3eda168230ec3bd877bd6f5adeb5bdfb7beb7af7fe9d6ffa32a615b7a383c6ad5d62406cc60befb9163ed75348b4e99523c585421ed2a9da22f88640da99d0845cdcdeb0e6e3d6379252e2922f44a4c4c234042b4c6880702da78cb598bbd844cc77ca27b98c63223e2aca82355a35d4feb37e52e0898ec5854aa08f2b1a0d4c4baa46a97312f8fb8a96c396255c8ca70211b81c6a2355225898b5202847a550568448eb23cebe915f1d1ccfd014774741af3ed5789ad056f56f74441a6593ea2d6c59ce4f57cc59e6cc2df2446cfceec6eca98563a32254eee99b1e9a1c0f406282d1b9a15022d5156a3c616b4d9ce227b98c6308e85f7378c9e22f23b114b15eb7a2631632b67487a48a4f936d5c62d28496a0e02930113b123a737c9db1098acb2952b61317aa8dba1c5036eecce05eb65eeadf70fa21f9a240e8b55d11dc57555ad8a142839234d9b56c2ee8da028d188642403847647499ca084beff1006a0a314985041f31e33beb387784c635adedcb2ba646b5f74ceb95ec520a9af44572fc75cd0abbefb6eeeb59bd32820f56d35956b0aa50b712ca1686623396c85f2ec5442653b0fc670920895814e218532a4ea365a92ed39c43e3838bfc754194c1391a8c8bd5e43b149812b9607ef243634e0c49ee324d995832150e52a7d2893c46a846d47b90185a4d3cfd32b4b69266cacef0e30191b3e51bc5cd0be5a28586f3cf43ccadd84436116eb25ced4eb4c3dc35864ca64cc30d9dc1d237b82b9c412c26a3588d6ab09e14a94c999d2b809c12b61a5399498a5495649363044d109fe2b3c11726f8889d5b160739d95d113a77b8a24c30e92a5bae4f5abfb6a06d8ebc287a44a18ca82d535daa4cb8d54a8c2d518bd5b910323400929c830223473618c60318c60318c60318c60318c60318c60318c60318c60318c60318c60318c60318c60318c60318c60318c60318c60318c60318c60318c60318c60318c60318c60318c60318c60318c60318c60318c60318c60318c60318c60318c60318c60318c60318c60318c60318c60318c60318c60318c60318c60318c60318c60318c60318c60318c60318c60318c60318c60318c60318c60318c60318c60318c60318c60318c60318c60318c60318c60318c60318c60318c60318c60318c60318c60318c60318c60318c60318c607ffd90a656e6473747265616d0a656e646f626a0a382030206f626a0a34303337330a656e646f626a0a392030206f626a0a3c3c0a2f52656374205b2036333920313020373838203237205d0a2f54797065202f416e6e6f740a2f53756274797065202f4c696e6b0a2f41203c3c0a2f54797065202f416374696f6e0a2f53202f5552490a2f555249202868747470733a5c3035375c3035376469676974616c2d63616d7363616e6e65722e6f6e656c696e6b2e6d655c3035375033474c5c303537673236666678336b290a3e3e0a2f502034203020520a2f426f72646572205b203020302030205d0a3e3e0a656e646f626a0a31302030206f626a0a3c3c0a2f4c656e677468203131203020520a2f54797065202f584f626a6563740a2f53756274797065202f496d6167650a2f48656967687420313638300a2f576964746820323435360a2f436f6c6f725370616365202f4465766963655247420a2f42697473506572436f6d706f6e656e7420380a2f46696c746572205b202f4443544465636f6465205d0a3e3e0a73747265616d0d0affd8ffe000104a46494600010100000100010000ffdb0084000d0d0d0d0e0d0e10100e14161316141e1b19191b1e2d20222022202d442a322a2a322a443c493b373b493c6c554b4b556c7d6963697d97878797beb5bef9f9ff010d0d0d0d0e0d0e10100e14161316141e1b19191b1e2d20222022202d442a322a2a322a443c493b373b493c6c554b4b556c7d6963697d97878797beb5bef9f9ffffc00011080690099803012200021101031101ffc400a90001000203010101000000000000000000000506030407020108100002020202010302050204030406031100010203040506111213213114511522324171076116235281334291246272931743737492a1253435535582b1c13645465463264483b284a2d2010101010101010000000000000000000000010203040511010100020201020407010100030100000001021103213112410413325114223352617181422353627291ffda000c03010002110311003f00e9c00000000000000000000000000000000000000000000000000000000000000000000000000000000000000000000000000000000000000000000000000000000000000000000000000000000000000000000000000000000000000000000000000000000000000000000000000000000000000000000000000000000000000000000000000000000000000000000000000000000000000000000000000000000000000000000000000000000000000000000000000000000000000000000000000000000000000000000000000000000000000000000000000000000000000000000000000fdc0000000000000000000000000000000000000000000000000000000000000000000000000000000000000000000000000000000000000000000000000000000000000000000000000000000000000000000000000000000000000000000000000000000000000000000000000000000000000000000000000000000000000000000000000000000000000000000000000000000000000000000000000000000000000000000000000000000000000000000000000000000000000000000000000000000000000000000000000000000000000000000000000000000000000000000000000000000000000000000000000000000000000000000000000000000000000000000000000000000000000000000000000000000000000000000000000000000000000000000000000001be80008000000000000000000000000000000000000000000000000000000000000000000000000000000000000000000000000000000000000000000000000000000000000000000000000000000000000000000000000000000000000000000000000000000000000000000000000000000000000000000000000000000000000000000000000000000000000000000000000000000000000000000000000000000000000000000000000000000000000000000000000000000000000000000000000000000000000000000000000000000000000000000000000000000000000000000000000000000000000000000000000000000000000000000000000000000000000000000000000000000000000000000000000000000000000000000000000000000000000000000000000000000000000000000000000000000000000000000000000000000000000000000000000000000000000000000000000000000000000000000000000000000000000000000000000000000000000000000000000000000000000000000000000000000000000000000000000000000000000000000000000000000000000000000000000000000000000000000000000000000000000000000000000000000000000000000000000000000000000000000000000000000000000000000000000000000000000000000000000000000000000000000000000000c00000000000000000000000000000000000000000000000000000000000000000000000000000000000000000000000000000000000000000000000000000000000000000000000000000000000000000002326d3f6fdc35da6824a2925f090000000000000000000000000000000000000000000000000000000000000000000000000000000000000000000000000000000000000000000000000000000000000000000000000000000000000000000000000000000000000000000000000000000000000000000000000000000000000000000000000000000000000000000000000000000000000000000000000000000000000000000000000000000000000000000000000000000000000000000000000000000000000000000000000000000000000000000000000000000000000000000000000000000000000000000000000000000000000000000000000000004fb5d8000000000000000000000000000000000000000000000000000000000000000000000000000000000000000000000000000000000000000000000000000000000000000000000000000000000000000000000000000000000000000000000000000000000000000000000000000000000000000000000000000000000000000000000000000000000000000000000000000000000000000000000000000000000000000000000000000000000000000000000000000000000000000000000000000000000000000000000000000000000000000000000000000000000000000000000000000000000000000000000000000000000000000000000000000000000000000000000000000000000000000000000000000000000000000000000000000000000000000000000000000000000000000000000000000000000000000000000000000000000000000000000000000000000000000000000000000000000000000000000000000000000000000000001d7f7000000000000000000000000000000000000000000000000000000000000000000000000000000000000000000000000000000000000000000000000000000000000000000000000000000000000000000000000000000000000000000000000000000000000000000000000000000000000000000000000000000000000000000000000000000000000000000000000000000000000000000000000000000000000000000000000000000000000000000000000000000000000000000000000000000000000000000000000000000000000000000000000000000000000000000000000000000000000000000000000000000000000000000000000000000000000000000004df6fd8000000000000000000000000000000000000000000000000000000000000000000000000000000000000000000000000000000000000000000000000000000000000000000000000000000000000000000000000000000000000000000000000000000000000000000000000000000000000000000000000000000000000000000000000000000000000000000000000000000000000000000000000000000000000000000000000000000000000000000000000000000000000000000000000000000000000000000000000000000000000000000000000000000000000000000000000000000000000000000000000000000000000000000000000000000000000000000000000000000000000000000000000000000000000000000000000000000000000000000000000000000000000000000000000000000000000000000000000000000000000000000000000000000000000000000000000000000000000000000000000000000000000000000000000000000000000000000000000000000000000000000000000000000000000000000000000000000000000000000000000000000000000000000000000000000000000000000000000000000000000000000000000000000000000000000000000000000000000000000000000000000000000000000bae8514d9758fa8422e527f648f1acdc60ed6af5312df247bb211b21384e29c649a69fba699c7ebc7c9d36ff3f1e8be509d7373874fda707ef1ece9861ebdcdf6bd69d801a1a8de519d278d383a72e0bb9532f9ebee6f98b2cbaa8000800000000000000000000000000000000000000000000000000000000000000000000000000000000000000000000000000000000000000000000000000000000000000000000000000000000000000000000000000000000000000000000000000000000000000000000000000000000000000000000000000000000000000000000000000000000000000000000000000000000000000000000000000000000000000000000000000000000000000000000000000000000000000000000000000000000000000000000000000000000000000000000000000000000000000000000000000000000000000000000000000000000000000000000000000000000000000000000000000000000000000000000000000000000000000000000000000000000000000000000000000000573956a2fb6ba7638305f538adcfafde712c60d6395c6cb052f271a1c9f5d46cf5d3f473e8f6fb34d3f864cf1ce42f6319e266c553b0a64e13ac85cbba7c5777eba835abcbe94ffb586f722d15b7594ee7572f0cca179ffed0e975753daf8aab3834341bca76d88bbea1955fe4beafb4d1be72b348000800000000000000000000000000000000000000000000000000000000000000000000000000000000000000000000000000000000000000000000000000000000000000000000000000000000000000000000000000000000000000000000000000000000000000000000000000000000000000000000000000000000000000000000000000000000000000000000000000000000000000000000000000000000000000000000000000000000000000000000000000000000000000000000000000000000000000000000000000000000000000000000000000000000000000000000000000000000000000000000000000000000000000000000000000000000000000000000000000000000000000000000000000000000000000000000000000000000000000000000000000001b5d6d1b5c1bb0ef6d42654f8c6cf230ee9e8f65ed7d536a99ff00ae08b610bc9b4b2cda21978918c7331bf3d72378597f2df1555ee4b8193a3cff00f10eb943ed754d17ad4ece8dae0d1974fc4e3ef1fde2c8dd16e31b7785285b04af8770be89150755fc477ca70edeb72eef75fb40d7a77bc6fd511d0804d49269f69fc307200000000000000000000000000000000000000085dfedeed2d38b7ac673ae76f56bff00444b26c4d01aed9e26ca95663cfb02cb2ea800252514db7d2440063a76d8d7593ae1df706fb320000000000000000000000000000000000000000000000000000000000000000000000000000000000000000000000000000000000000000000000000000000000000000000000000000000000000000000000000000000000000000000000000000000000000000000000000000000000000000000000000000000000000000000000000000000000000000000000000000000000000000000000000000000000000000000000000000000000000000000000000000000000000000000000000000000000000000000000000000000000000000000000000000000000000000000000000000000000000000000000000000000000000000000000000000000000000000000000000000000000000000000000000000014bdde1e4e83692dfe155e754fdb2a05a7268c1e41a9ba9538cabba1ed25ff002bf946dd95c2d84a16414a125d38b5da68a3e2db91c4762b0eff00cfadc9b5baecfdea3a4fcd27ee83df1dd85da5ccff000fec3a4937f4d67ed3ed97520395697f14c2ab2f13db2f1dfab54d19f8c6f7f16d7b95fd472aa9785b0259b9b130003000000000000000000000000000000000063d863d59f8b663df0eeb9fb3464025d0e63c774d96966c31b2a70be9ba4975ef5f459b13962c5b2387b6a278f777d29497503ce24e1ade5f9b8f3f6ab2e853816acfd761ec6895393442717f7476b9e36eae3d294e4537d6acaac8ce0fe2517da6799454db83f8e8a364e937ba19cafd4e4bb7197cd0c99d2f2bc4ccb6745e963db1f953666e1ef8ddc162ab071a9b256a82f36976c04d35da7da0734000000000000000000000000000000000000000000000000000000000000000000000000000000000000000000000000000000000000000000000000000000000000000000000000000000000000000000000000000000000000000000000000000000000000000000000000000000000000000000000000000000000000000000000000000000000000000000000000000000000000000000000000000000000000000000000000000000000000000000000000000000000000000000000000000000000000000000000000000000000000000000000000000000000000000000000000000000000000000000000000000000000000000000000000000000000000000000000000000000000000000000000000000006c7031f63897635f1ee138b40097429fa5cebf439cf4bb09afa7f8c4b8d2ded37f1addc3798b43962db1f0c82e9bbd3e3edb0e554d25624dd7675ef16563577bcba3278dee54964287b4dbfd703b6e59ea9e7fea0b8556c2eae16d72ee138a945fdd3052f8c6664eaf6793a1ce737eede34e6ffe42e873ca6a8000c8000000000000000000000000000006d24db60f1b0a2566065d5069593a26a2ff00bf459e6080e450c2ceae12a736b8665094eb6a5ee6f71fdfd1b4c6ea7250c9aba8db06553886875b9580de554de4c6c7d99761c332716e79baac99ab60bb85676d71778dcaefee2f444eeb8c6b368a53b53859e3d29c471ecddc5eafa765813a2552878b7f12258e5bb8dea8e754d5c978db9fa31fadc552f65f3345af59cb35d9bd5567745cbf5c2c5e1d13469e76a7599ae72b71a0e6d35e69752ed9af5617ea9fec1b95e5516c7ca16c64bfb3051b3f87e75189deab32d572b149273e999f4599c8e8cda71361439d2dcfcad2598fb51720018000000000000000000000000000000000000000000000000000000000000000000000000000000000000000000000000000000000000000000000000000000000000000000000000000000000000000000000000000000000000000000000000000000000000000000000000000000000000000000000000000000000000000000000000000000000000000000000000000000000000000000000000000000000000000000000000000000000000000000000000000000000000000000000000000000000000000000000000000000000000000000000000000000000000000000000000000000000000000000000000000000000000000000000000000000000000000000000000000000000000000000000000022f916927b3a6ab31ac5566532eeab0940596cbb839beca7f8c62ac870f4f73abf7941af7b540e83a2d9ada6b71f27b8fa8e295897ed321b90eae70b6adae241bba84fce097eb8b29ba5de43037bdc1758d9d24a70fdaa91dbd333c7a1d48007000000000000000000000000000000000159dd614b5974b67896c613f6528b7d76496a392ebb630518dd18d9f0e2cfbbfd2bdbac1a9f5e8c2ff3b48acee11ad9a9cf164f1e7d7b781d65c2e3265e55684d35da69a054755ade43a9cbc6ae777d4e276d4e5dfbc4b71cec92f5760002200000000000000000000000000000000000000000000000000000000000000000000000000000000000000000000000000000000000000000000000000000000000000000000000000000000000000000000000000000000000000000000000000000000000000000000000000000000000000000000000000000000000000000000000000000000000000000000000000000000000000000000000000000000000000000000000000000000000000000000000000000000000000000000000000000000000000000000000000000000000000000000000000000000000000000000000000000000000000000000000000000000000000000000000000000000000000000000000000000000000000144cfe59b6c1dc5b83f4957eb4a11fde68d638dcbc0bd82b1572f54b51ced7db443e3cd7b967c1d9e0ec6a56e2df19c4b971e78cddc68000c00000000000001cef9b71a9773d96243dba6ef8a3a209c21642509c538c934d3f8699ac72b8ddc101c3374f6baa4aeb3bc9a5b84c9f39a6461ff0083b7f466c1bfa0bdb84ce9709c2c84270929464938b5f0d32500010000000000000000000000000000000000000000000000023f63b5c4d5d51b7265e316fa0240102f94e97a5279913d2e5fa4825ff6bac09c061d76e7036329c31af8ce705db48cc0000000000012c9a2138c256c149fc26d26c0002338cd7719260000e4a2bb6fa000f8aeafff00ba44faa717d7ba000000000000000000000000000768792fb800000000000000000000000000000000000000000000000000000000000000000000000000000000000000000000000000000000000000000000000000000000000000000000000000000000000000000000000000000000000000000000000000000000000000000000000000000000000000000000000000000000000000000000000000000000000000000000000000000000000000000000000000000000000000000000000000000000000000000000000ae72ddbe66ba9847161f66cd638dceea26594c66eac60e5f4eff7b6422e526cf4f71bf7197e65d1dff0d9fde38fe23074e0731d3edf7176f3168bb266e2bc9c91d38e39e170b2575c73994dc00061a00000000000000000000000000000000000000000000000000000000000000000000000000000000000000000000000000000c1b5d3626d210f5a3d590f784d7ca3382cb65dca2b3956e4ea2a6b331964e33f67d47b303d2f1edbd32bf5b7ac7bbef5ccb6ca319a7194534ff66406cf8a635d27918574b0eefbd476c797f9b288d4f94e8fde70faea3f7752ee64c62f2bd7dfd42ef2c7b3f7859ecc87af77b9d17853b6c376d3f1f5102769bb8f6feaee0e9b7ee9c7a922e5e9bde587fb8893aadaad8a95764669fef17d9f4abe4713bf1fbb357b1b287fe8f7f030bdf6f756d4363ad7382f9b62cc7cb97e8ca516e06960f22d667784637784dffc93f637534ce7659e600008000030edf534ed35f761cdb8a9f5ee513886fb2b1725e8b629f75371a9fd940e833b6baa2e539a8c57eed9cb39add813cbd76c706e8bb7b719f81d38f0cb3ea4a6dd4c15ee3bca7033b1a9a2dbfc32630f7522c2a5197c34c99e19616cca580003000000000000000000000001adb2cc8e06064e53f8ae0d964dd9045c773f4dbf8615f2eaaba8eeb274e7f0e359fbcc0ab3b2b3dc2e957dc0c5adbf906bb29e34ee5642951ed3977d9dfe44bb98e7370b5d141a983bdc4cbb1532eeabbdbf2c8db385c6e37560000800000513fa85efabc6fb2bcbd94ee7f8b6ddab83a60e5e37448b1ab85c1359662d53574e7e7052361ff4fb5c5b34eeca753af85cbab163c119c083d1f16ab4d65d38654e4a689c00a8000000005925084e4fe126ce5fabd4ae4fb9cfceca9b5453774a0750b61ea55643bebca2d140e31b0a34b9fb8c0cf7e139dfe709bf8986a786c72dc9cbb6dc3d362f71b3265ef244564ebb67c5562e5c339594faaa3641b243066b69cb619d4c7cf131e971567de6395e7fe2b6e2e9f0bb9dcefee70fdba81096c5f29b3d5a6ab3aebce0a5d7dbb469720d45bb6d7bc5ab23d17e719266ed3075d3541a49c6115ff440a8e7b3e27b8a289d8f70ba840d6d4e976fb3c08653db5b1eac924bf87d1d2f39d8b0f25d70f39aaa4d47eecaff000ca3268d659f534baa52ba72f164d086e333d8e3724cec0caca76a863f65e4a66b5f8f39d97cfbe2265cca5000100000000000002afcbb26fc5d63ba89b8ce332d054b9b29c35292aa72f3b120d63e50f8183cd6ec685df5e92b177e2d2334b55cce4da7994975d4e47aba9c39a84a1dd7f0fe51b44d2faacb557e3d8bc9e8cb6b65384b1940b4005668000800000000000000000000000000000000000000000bae85109593f68a5eefec81e73b1d5f85914ffaeb71045367b3daecb22f86b2bff2a0daf526bd991eb77bfd0e641ed28f3c59cba6e28dde1fb2860cb2f539bfe55b0b5b8797ee49f2ebe17604f0954a765ad782234b255642dae1641f719c5493fecc1f3534ce8d6e25767b4a3545347d2b2a8f2ad96c35b3a563ce1d4fd92ebddc8d38e7f2c843df5f2ee68cbcd22e19fa6b1f7e0ef2ea46f7a91459e772b6bb8e128963e379bb6ca864ad963aaec84c971d21a4b96e780005640000299b1dc6df5fb0b29ab5b65c9cfcfc926d74cb986e29fcaec8b2b9dcb9667c72e18f3d7d8a762fc89fb1ef69c9b6faf85374f0dc139f52ecf3c8b3715f21d12ee3d42c6dbfb79965e5aa87a0caf2ebbf0ec2eea6b5d9d0ccc0a3262baf51769190d0e2fd7e03afebfd0cdf2b200000000a96ef94d3a8d82c5bab9fe852ed1a8b9ee15707dd76fb911caea85dccb06b9fba74c0e94f49a96a69e0d3efff0071115439f3fc18b6d62e4b7e0cbb6836f5ee35d0ca841c7f3b8b4cf7f8069dc7a78351b187838b814fa58f542b876df515d2ed8009f7d8054000000000000000050365cca7aedadf892c5975589f3a9aebc35f908d0cb58cbfa84e191541d53e9353fef59d327add7f8f52c6adafb35d9177fc4736b79fdb525e385627ff007ce95aacc86760d3910f89a281cfe9c2a75f8eaba6b8b76a512dfc712a74984bdbde1d81bb9b6c71b0eeba724bc22d9cff00fc53b2cfb1bd7614e6a1f2cbcf24c4b33345b2a2a6fcdd2dc7fbb87bf456f82ec30deb2187e0a1934f6a6088da3976c703651c7dae22a2a7f333a0949e773a73aac6d7510f3cdf5e3245db0a36c30f1637493b5530537f7925ee5280008000007df4fa000e796ee391539f954c702eb6a85f38f7e06c59c83905718cbf0bbba2f3979f8d855b9d9351453eed8666f27651815f58ed24ed235dfd95d7ce36f2c99d30c272f74940ea94593b68a6c9c1c2528464e3f66d7c111acd061eb92975e777b394e44b952d46728dad9a8d53caaea537eac23d32ab0e63b351adfe156f52829131cfd77c76dfed7d64fe99d576a75d6f5093962d4dbfe62459751488730d83ea2b5d7a73f68f712438f726ccd96eb23072317c14697345b524be1142d6b85bfd43d94e3d74b1ff00fc9008be94add724da6bf6f7e2538365d525068ba8b25543f34da5edf2c11455cb775e109cb4d6421fbb3432f9ee7d32f496b9a9fede65833b7d0ca72c4d7415b92ccbaee2b057c33360d5d7a6d854d6936566c35b464d94cab9cd7bc5ae8d8c9b56363645ed37e95529f4be7f2aecf518a8a518a4925d2486ca2e7aece8afdf1ec5ff00588473fc4e733709ddf875d28f999e1ceae949421a9c9327f4edd16ea7220ea5e70b8baf843fd11ffa0d15465cc6efadc0c6bb5f752afb543b9a2f251b99282de714824bbfaaff00f1ce05e4a560de6d69d3ebaccbb53e938c528fcb6ce7d9dcab79559af7f44ebab29c5d7dfef164bff517db57813fd966c4c5caaea7221c5efa669d72ceac094d2f26595b1bb5b9544e8be11ed291622937db467730d74b1210ef1a2ddd6fef32ec000010017b00000020f976f6fd261d13a2b5295b6745423ce767384255e0c899fea343bd450fed7161e371c6bb43aa9fa5536b16116455163ce36df2f009de1fc8b3b77939aaf84230aa10e944b75b4e32aacf2aa0a3e2fbf64738fe9b4fbbf732ebe7d203a3955e45c97230f3e3acc1c695f932ad3ea05a8e7b7e663ea39e66e56741aaada60aab7f9822a17ef396555b94f576f8c7de45d38feea9dc60c2e4e2a69753877ee99b7b3d8e2e06beec9be6a35a8953e074b75ed73543aab2b25caa0ab78002000000002177bca7134b998d8d6c1b738f9c88b873ad4a85b25e65bb2b53acccb95f93854db625d294e2a4d22a1cd3075989c7b29538d455372878f841222bec39d6adc176a718963d06eb177587664e3c2708c2d75b5334351acd6bd0ebae7818fe6f5f06e4e0bb6dc089fe9c2eb4791fdf36651702877734bf036195465614a1542e9c14cbe0c8ae974dde75c24bc25da6934088bd6f23d6e745aa6f877f66c944d349a395715d062e6e9eeccb2f709ab9a46b66eef69a8ca58d5652bd38a482f4ebc78dbece9d46beecdb60e50afc7b51f97e4d44f78b3766363cdaf795516ff968c3bcc8c0c6d65f6e7c53a175da6bb08ab439d6b1af65316f3cd6fc284cc14ee388fb38d553715ecd5467fc63875d6e3d50c6a676db3492549175fc2434fcb31771b0fa6c7aa4928327c62ebb070e52963e2d55c9fb3718a4c15907b1cd795e77218ef278980ee552aa0e0a0887567379b5d43200e9bc873a7acd464e4c1a5628f5035f85e7e56c74ef23267e53791339d6e68e4ef57e5b08bf4d3edf65fb80aeb8e51fdeeb42efa5900010000034391ee7f04d77d52a9cfbb140df2adfd43fff0037ff00ff0026004351cfddb069624fb88a79ff009b943e96d522778e6bf0a3c731ad78f5fa8f1fcdcd47dcad703a7172b2f796db052ee5122ed3bc6f953daecedc2850e152a9ca25b4e5fc33c5f2dd938c5452aad3a81500000000000000000000000000000000000000000000000000000000006aecf7dadd5db4d39390ab94cd39728d34fde3969c4d4c32be31a97293cd4b021ffc57a6843bfa9ffe4cc0b93ea1be95efff008197e5727ecacfccc3f744f953e64e128e3af1375724d579f8fae416eb6146ce78f0a272f187bb3bf0f172639cb70ba72e4e4c32c6c95a38b08aa60faf946d34baeba31c3f4a47b3d177dbcd2460d5417e3d05d7fea64d1d20e7ba2ff337afdff4d6d1d08f27c45fcd3fa7ab826b1a000e0ee0000000000000000000000000000000000000000000000000000000000000000000000000000000000000000000000000000000000004a2a49c5aed35d3457b67c4306f93c9c26f172576d4e05841ac72b8dea8a6e2edf90e99aab6d89664d0be2fa9166d6eef53b4afaa322126fe60fd99b8e2a49a924d3fd9959db70dc4ba6b2b5b35859506df70f866b78e5e66a895cee2fa7cd6e73c7f19ff00aa2403e35bed749cb57b54e1fb42d3053c8773a16a8dde2b9d4bd964c0bbe0edb03615bb316f564532fab931fe60a8ae41bfd6b70d96a6cb63fb5942ec98c0e59a6cde97d42a67f6b5a892cd269a6bb46b6768f539507eae153e5fb4945290f571df38ebfa3b6cc2caec5dc27192fba7d8bad8535596ce494611726dfd9154bf886463db0bf5bb4baa943f69fb909c9b379161617d265c2138644fc617419671e3959e9ce546ce9b576f24c89ecf65dbc6f755d49b8971cae3ba9c8c49e37d2c1268aee9f9360e061e3e2e6e3dd8ae2be64bb4cb2c765564ba6dc2b6bba0faf28f975d23a657e225ff00a98cf1af074e4789c695f76eb01c9acbc5f7a53f652458f59a3cd9ebeb781b2955756dc675dacdde51565eb7330b718c9c3fcd50bfa877dc4dbdad597adb1edf024edae7d7ab547dbfdceb39b3b27e69da69a956ef926abdb63ad73a57cd88b46b3916af67ed4e4414ff00d0d99e0edba9aec842bb2ab2b525dfc7522a9b4e26af82bb131e18d909f69d472bf2b937ea930cbf8f0bdc5c41ce29ddf27d0c9433f0ddf5745cb5bcaf4fb187e4c8509fef099cb2e1ce78ee7f0a95021384d770926bfb03900000000000000cfc4af370f231ecfd3641c40023f8ecedaf096164b5ebd12945af86e3f2999f69aaab2e0a70fc97c3de1333db457ebc6f4bab12ebb5eddff27a2ccacbb85543f0ada5fb0c75914d4951384dddfebe8b7802db400040000022f7db286a30259534e4d4a294512842f2dd4ddb3d4db5d1ff00154a2c2c50322ce5aeac0c8590a11c8e9c2089ed6f23da6bf6346b76ebc9db3ad57382f6ee669e567e62d26aefbf1e7e78b930524fd9cfa36f115fc8771565fd32ae8a5c24bb5efecfb4c8abe000ac800000000df49b2959db8e3d99933a73f0ecf3a6c693947c51297f23546f31f55552a739feb9f7ff000cd6d86da1f576d58582b26c8fb5ad24945936acb4f24d1e1d0eba29b7afb281b591b3d5e1cb1f31e2ce33cbf96a1dd842fe379389d4b63a7ea8ff005ae9972a638795894591842754e119c3edd3f7407b84e3642338fc492688edcecebd560d99128ca4a3d77d1225779762cf23459718b5e7dd60886d5723dec327161b4a157464ff00c399350e43f4bbbb7072a0d576287a16fc29b6435bbac1cbe3d44a1e3eae3c61d43bf7ee060dd64e3ed71f410c6877953b2b60dba0ac7a15ceff004e3eab5d79fefd7d80054000000000000000004e319c650924e2d34d02376b9ab5f8b6643adcd24fa41624a16535f55af18452f65f091abb2faa9e1db3c36bd48c5b89cdaec5dd646aa5b29ec250ae5eebf3129abdaedb513c086c5ab69ccf175da82a5b5199c856cd579b4a863ca05a4269a4c04b4000400000000000000000000000000000000000000000f9916469a6764bf4c5772fe0fa3368fa9c4c8a3cbaf3adc7b028d0a7337d953b71542baaa9beac91a39f66eb8ee65397975472b1bc3c0cbc776b2d0bcdd6ec20ebead9b858c91dbee68d8e1df8589d5b65a88d2e345d0be9aaeadf70b20a517fd983cea31edc5d6e2516a4a75d518c8f4565a1ba9eb67546398e0e3092924dfcb2b36f2f9d56282c2c875f5da974ba91f79b5be864eb27756de33b129b37f796518d9ba3eab4a0ed4911af1a4be9790e06e2a6eb9f85d0fd74cfda68de2a7f4d8d0e4f8d93890f07641fac97b268b6159000000000a66df0f7193b59531925891ea706fb45cca95b9f7ecb617ebb0e4e33827e73fb058dbcbe2bacc9d62a13f1bd24e36f7ee991791a0dde5e2d183959109d15bf79b6fb2231b137f27b2c7867cddd425e9f6fe5177e31b996cf0542ef6caa3f25c412d8d8f5e2d15d35aea108a480054000000005279271dd8e7eff0017371fc2352aa09ccbb77edd98afcba317bf56c8c7fbb7d1969c9a2fa55b5cd4a0c2b0d9b2c4f4e73f5eb55c5b4df92f668cd4dd55f5c6caac84e0fe2517da651369c2edc8bf22dc3cff004e8c8b5ce502d3c6f5176a7590c5bedf3719c982e924d7600080000000000000000a572ee2d97b1cdab3f01f5728a532121b9e631842a9e158dc1f8bee0750ed0b60e755b1874a528be9b5daec2b97cf4bbbdf5d4cb61646a841fb40ea1556aaae15af88ae8e79b3d872aa6958f5e24e36d53ea5387bc6713a0ea2ccbb75d8d3cc878df24dce20a6d67934e15b7e351eadb52528d7fbcbdfdd1cdb1eed963e7fd63d4dd076b7d368e965539fe664e1eb30edc7b5c27f56812a3bbd8bdad190f56e13efa94ff57e52c53cedbd1c8a8c48e379e0dd1efcfaf7813589273c6a65269b705ee97401b0001000000001cbb71c6f91ecb3f31d9d7a0afb25422731b039061e2431e8e94226b2db6ef67b9cfc6d6fb5744fc1b6fa373270b99cd3857747f973234d2be1cde89ab6a9f70f25df8a4cbfd3e7e8d5ea3ee7e0bc9fc7b9835df57561550c99a95a92f2919c44a6c7028d8e15f8977e8b23d339ce163724e3d1963c1ac9a4beefb6b0d3eb6dcb6be1a8c514ec4c6e57b4c58e4d9955d6a7ef04fecc559e1f23b5e4d9907463e174e49f936ba5125f8c71e7a873bf22d53ccb62d5a46626cb73a2db61e0ed2154e8cc9f8556c197708140e59aee43b1d8db0c5ed632844bf95ddd722c9a3654ea7031d4f266976dbe943b14880d5e0eef538be9d187579fcbe9b326566f397fa31535d7c2898e9cde4ab7993ad53a677538fe7165b38f6fbf14c5b5df0555f4daeab63fdd056fe8febdeaf11e7a4b21c3b999802b2e759fa4dee8f67979ba7afcf1ae7dbaa26cae41c8f25a847556ff0032817c76414bc5c9762f8ab2b75a9f8ca5fa586b7fc28daae3fb1bf6b1daeda694ab9f74d28bc953b21cb5ecb07dd2c6a6cea735d7e7896c095adbbced561627ff004975e858fc3a6bb29b1cae2df498d8ca7254d5376d69f6cb2f22d0c771561d4ed70855729c975df66f2d3eae1d75874fb7fdd40526be51a4d567c71f1f166e970efccbe6ab6787b4c5f5f11c9d6a4e3dca2e243e4f19d64b674e6a825e107175749c09ac7c4c6c483863d30ae3f3d457480000200000000306f75b1daeaf2b11f49ce3f91bfd9a395d587cbf42de2e342d9c26fdbc20e703ad80b2b95e455ccb6744b1ef7349cbddfc1d078de92ad1e0ba7d9dd36a56cd1a5bbb777899eafc2a7d7c774784aaff00be69f0cc9dde4ddb39ecfd6f982829835d2d852b7d8bbbd96764e2bc373c4ee3e3f93ecbbed48ba804ba52afb3799b88f1e7af4e10ea1d766e4f23778da0aa18d86a190a6abf0f951811bc032722f9eea5917ce6bd6834a45ec2dbfc31e259913c5a5debab3c1797bf7ee64003200000000aaf2be4976a9c3030e99cb32d829c4818714d96e70b2f3367758b29c5bc7acb3f26dd6bb4d6d17cf1a17e6c975087eea0415dc977f4e7e0e37d12566443d48d7fbf8115ab56ff006785a25adfa0bde5aa5d30ea1fa17c765bb86eb2ed668eaaafadc2e9ce764e27ad16ea8dadb9744f17d1c8c6694e122601439ce4eef9266e5676260614d51eace9f3f13a314ecee6dafd7e4db898d8aeeb55ce2523574fc272a8a1c33337aaa4fb95702e3aed56a28846cc6a2b7f69fea2a3755caf79529d338e257f673f72e9a7d7cf5b8156359932ba71f99b0b5906c9607d24de742b9509aed4d7681e371818fb1d7dd8b7d928427d7e78be9ae98488a83e27f11fa24ca66d2bd655ca749f86420e4da7350659f1f8771ca7dd79bed7ef32bb9b8183a4e57a49e2fbc2d5e3288574600064b72f1699f8597d71975df4e4931f598bff00dde051793718b73f6f2caaf3a35a9d51ee0d90195a29d1e1d6f1c7a8fc41482ba2723857b2d3e46353915a9cd768712c3fa1d2d38eed84da9cdb7138b5df8c2be755397936f5f0d49a3b0f0ac5bf1b4552be0e364ec9c9a604e80020000056b9de0e566e9aa86341ce4b2a0dc4b290fcb30b6d9baeaaad649abbd78b694943b881b5adc558da1c7c195a94e38be9b69fbf6d115c6740b495662f5d4e77ca3ff48156c7e3fccdf9c2cc9f0fb3734cd6d14367472daf1b3f32cf3aa3f7f698558788f1aced5ecb33332545466a7081740020000000000000000000000000000000000000000000000000000000039772bc3a67be938d7f9a75424d98aad755e9c3ca2bb4890e47efbcf2f7e95714648fe947d2e3dce3c3a7cfcfbcf2dd47fe1d508ebaa4488e8edebc9c7d31a2b5f8e975e08d855c533333e3e92172caf9a69f3e12f83d77da3ca5d2424fd8c64e98bd71d8f5bfb5f7ede0741291c6127b6b8bb9e1f88faffc7b383e80007076000000000000000000000000000000000000000000000000000000000000000000000000000000000000000000000000000000000000000000002daaaba0e16c14e0fe535da2ab9bc36154de4e9f25e25bf2e3dbf065a81665678150a391ed7512f437788dc7e15f516fc3cfc3cfabd5c5c885b1fbc58b2aaed84a16414a325d34caa65f12c9c6bacc9d266fd3b7d7f90ff41afcb979eaaad654b9d3e9689fecb3e27cc3e5d6625cb13738ce8b7d9799bbcaa9a369a495b4d9dbabbb61281a98658e53f9f149e561bb1e8c8add775519c1fca92ec80cee25adf4afb3094f1af717d4a1226343932cad461db36dcdc3a9f6fb7da33931e4e4e3b64cacefc258e1593b9df5745fadbf3273ad3941a924cb4e839b626bf5b4e1e562db2f0ed2702efb3d46247cb2d5557514e534d1cbb3f1b53666d375338d55d934a6be23167d4e29f0fcf849e8b24ef2fedcf2b714d69f9462eb32b271a1739e1ce4a54f97c54743c6df6b721d6a37c5393497ba39b6571282ae4e892b23fb4910981ad73beec69e64a99d4d38b69fe4633f85f86e5972c73499d9e5db5a84e2d34a51654b77c2f1f21bc9c08c6bb947f41a1aec7e55811f3c6c98665093f69b251f27ccd7a4b65abbabfeeba91e39c3cb865ff9e78e5fc4adee21751f45549616763cf132abf6efbe949ff62d5f83ecab939e1ede5d3f8f3ea447ddb1d0722a9d5eac616c1792724d35223755bac8d2ec7f0cd8dceea5fe8bc67f36eefa6cbef8d86e54ccf63c9307db235febc13f79d2bb66de2f2ad6dd2f0b5ca897dac5e24b46719c54a2d34c64ebf0b2d757e3573feed1e6b9637ce3afe9a2abe9ba2a555919afbc5f60aedfc5ecc75e7acce9d325ff0023f83c53bcd96b9aab6b87250505fe6c5f90f4cbe2ae965031b37172ea56d16a9c0184000057f63afe48f22cbf073e1e9fb254491a5f8c6fb0538e4eb2c9a4976ea45b41d2726bab84abb5771798eb25d42e56d135f3e711a8dc5793b7cda9663b52a9351fd9162bf5b8193ef6e25527f771457afe1b8329cedc6b2545b25d3944d4bc565eacda2c20a459ade59ad4dd393f550524df723771b97fd3cd53b2c4b28666f1fedca55d2d40f94e4557d6acaa7e5167d39a001f2fba14533b66fa84176d81f5c2325d38a682492e922b9a8e5985b1d9ac2a2b93ed3ea67bda727d6eaf27d0ba7ddb15db885d2c00c1a9dd616dea76634cce10000000014352af55ca33e79dd43ea22a555d2f832f1bdbebead96da0eda7bb723b8cfbfd48bbe7606166d7d65511b1457ee9329ae1c42175f5754d76465d35e3ee88adedeedb5b5e064d57db17e70fc915f3d9bfc4a89d1a4c553b7cdb5d90535c22ee94dc1972d63c27895bc25154fedd2e81ec113ba96153aeb9e6fbd0fa525e5e3db258d3d8e5e0e2624eecc50f421f3e51f2f729149c7cfe291aa2fe8ac83ffc04a60edb4d1bea863d3284dbea0a5168f54f28d4cd41ac78b4d7b3f023b3398ebe33a5d58519f56f724eb1d2ff008ba63ece99ecedc0f17ea42bf3ed7c1b245ea36badd9df6cf1e8f0b97eb728f4c94094000400000000000008fe4bafb761acbaaa5af5126c9034b6b9376162cefae97638a6fc621629f0b72df13c9c69e34e36421d28f5eeda91e143276d0d562d58b3ae142adcdc9749789b15f26cfb69f29e8aef7181cbab9e763e23d73aad9cd402af115e318afb24800190000000000000000000000000000000000000000000005b2942b9ca3172697692f960f1917468a2db649f8c20e4fafb202a966da76ce556469f25af749f811eb92e1ebb2e344f596d4e4bdbce29264a55cc34d35dab7afe5323f92ee35bb2c678908a792da70fda446d7aae71b2b84e3f1249a03054a3858ca51e9aaa3da0561f36babc6db61598991fa25d7baf94d1059bc5219783858cf2acef1e5dc66df6c9e00696b35956ba32ea4e537f337eed9ba000000000002957539ba8e673cd8635b6e2664129b822ea54365bcdbe26ceea7f0d9590f6f0616349d99787c8b6bd51f92df18c4b0f1cd6bc0a322d92f19e44d49a2bfb0e4bb0c4a564dba9f62e3a1d9bd9eb68c8952ab6e20f66d00020000000039a72ea6793c97070676b863cea4ccba3c4b7599db6d15d92dc6ea1ca937797ea3336bb2a614f8a50a93ecd1b741c82ecba33ecc8ff00b4d75f516869521c27332a9bf67aacab5cfe95fe42ee5638ce9f275d3cbcabee73bb27f59670800000000000000000000e69bed9eeeede666b75bda954893c2e47b0c9e2db1bbe3370fa8c888dbec9ea79ad997463f9ff0094a16c226a51b69ebf2f737fd0758d9a9b0d3a5719db3dbeaa8c89ff00c6ebab4902abc0b1aea3536ced5d2bad73896a0958b65990d7e064e5ce0dc29839348e7b9fc8f17634510cec0ba38574d784dc7f2977e538f3c9d06cab83f7f4bb28d0bf5fb3e10b17b5ebe243e3e1a9c48459b2b7f56a37546064af0c79d09c2cfd8b19cdb94e6e3ecb8beaee528cef76a3a4e379ac7a158d39fa71f2ebefd028002a00000000396e0676568f936e5430f22da2dc8976d40b2e4f319d5173fc332ff87035acdded96564d6f4764d42e9c6335f124998f65c8369818eae9ea3a446973d26c1ecb02192e8b296dfe99ae999cc3a4ccfafd6e3e578287a904fa3315943f31d7dfb1d0e455443ced8ca138a20f49ccb0a387551969d56d30519a2d5bfd9ddabc07914e3bb9f9c61e28a44b6d5df6ce73e393958d3f7e906a7861cfcbb7936fb530c2a9ba30ed56bb0e8e51f4fca297b1c6d6c358f19cdb817809439eec72568f9bcf3f2a0fe9b22a8c14ce843335d859f57a5958f0b63fb7920450eed8e2ebf9de5df9537083c350463d3696ddaebb91cee8ba96764ce7549fb3f9f32f995a5d5e5dcaebf0ea9d9feb715d9912515d249206e2378be1ec707554d19f24ec89257b9aa2e70ebcd424e3dfdfa02cefd39f4bb7e2fd81eee3987a8cfda61ecf73f57259144e73893bb5d8ec7238ceab738b96e12a27d4ff009f7811fa7c5e4d896672a31e4a9b6534ea9b1f827235aafc1bd18ba1daa6a6a41abb756d664cb335f879325ef6d309ff00d501aec5fa2c0c4c5efbf469843bfe100c0000000000000000000022794ef969303ce2bbbedf6a8a253ca3964e0ac8e04e519af9f02c9fd44ae97a484e5d79c2f5e060d5732d155afc4aedfc9285518b0d460d16fb90e4edeba72f02cf427df73706947a897b20b5fcbb539d9d560d0e6e73274250a86e79464d5b4bb5b858739ce849d85bca4539b46b39bed965b842193441c66c948f9a7dce2e36936bb2c3c09cad57f77c4b6e937589b6c0864d3dafda707f2994ae3bb1c0c0d9f28575d0544ee7387da46e700f7af6f728750b327b802ae8002a0000001a9bddd55a4c5ab2274ca7076a835102a1c8e7562733d265e4c3feceb1ba7232eda752e73a6be524a0b07bf3ff00e33576bcb38ee763c29cac3c8698cdd9f1dce789977c27d514f828b033f1deb3b98ef76142ef1955e0a45e0ad717dd6b33b272b13031d550aa0a68b2802b5b2e1dafb6f79b8f374e436e4d96539ecf2771c877d9f4e2e4fa1878763ad858de964721d441a97fdaaa5eff00e5fbb2e1accf965eb71726c8b564eb4e51ebaf7398e9e9dfe5606c72b1b6739ce8c8943c25efe4a2743e39b386df55464a5d75f9270fb4d05bad37cd0e4b82f3f556e3ac9747728b7337cf1b7d6d3b4c19e2dd6ce106d3728be9fb048a155c5a5f927f8bfe98a507e7efd125a8d06b7176b0c9bb3217e4aedc3b9192be11ae87ebcbba657f2751468f95e9e49b9e3dbf116fe24176e94000cb9e72ad0ecf3b793c8aa4bd17445222f59a9ab5b73966e279b82f38c929326f9169f93e4ee2ebf0af9aa5c22a094cc4b41c9e718ab7344aa92c5e59a0aa1184bd9a7fba2dfaccfc7d8e243271df75c9b49ff0727cae0bb5b54e70841cce91c5f5f7eb349898b9092b63e6e5fef208900000000022394edb2351aeaedc6a7d49cee50e89735f7bb1c2d6604b2b2ea5642334a30693ee4050b0f9cec6e9a8bc09b468e9b1f6db8e535ecedc79d35c25e5eebf681334737d1cd47bc350937fbc089c8e7de19afe9f15ac622ba8034345b8a36d830ca845c3b6d4a06f950000000000000000000000034db4000000000000000000000000000000000731e47565bdbcf25533f08a505d45beda62a9e5497be35fd7fecd9d39a4fe50f18ffa51e89f11949269c6f0e35cd62b27bea58d7a5fda0cc9e197efd62dafa5fba6746f18ff00a50f18ff00a51afc4dfdac7e1b1fbb9bd55e6d8d274ceb6be7ca0ccb38cebb1c6c838b5f299d0fa5f628bc96d51dbce5ff00eee1137c7cd7932d698cf826337b603e3f811efc5097c33addb9c9a66e26a6f73953f1f62f853f8975ebddff008d9703c9f11fa95ebe1fa0001c1d40000000000000000000000000000000000000000000000000000000000000000000000000000000000000000000000000000000000000000000000000000be8a726a9d575719c27171945fd995acbe2d3c68643d4643a7d4adc5d4fde05941ac72cb1f14736e2bbb7a5c9b751b44ea6e6da9c8e92a4a4bb4d345439c69eabb1bf14514e78c929c7ef03262e0667d2e3e7e9739cab9422fe9e6fd99d7d386725f5ead16b9c23642709aee324d35f74ce51b5d76bb0326fc6ae5e553719a4cbce1727842dfa4d9d0f1af52ebef1646edb55afc6bdec6c8fa954a4a32726bdbb3bfc3ccb8b3b32dcdcebed52e9e353aeaf33195f89b369aee3e9c5c7f291bbad36db17acb829dca0bbb7eee2887c684f1f79dea73210aafee5f3da4cb9477f9d8d09559f8adc147c5d8bdcf459f118dde371bfc78ba63d38d44e15b4ac18df852bab849b515df69b2efabccc6cdc6ebd685b28463e6bb4fa6c83d16cb5f6db9389d4630ed4e0be0b1d18987893b658d4575b9f4a5e0ba5ec78fe232cbd5665355ac63166e87519fef918706feff0cae66f05d6cea94699ce0bfbc9b2d60e3397927fd5d34e5b762723e2d38ba6d77e2fcb813daee616e45309bc3bfafed1f22e96d55db094270528b5d34ca2e4557f15d8faf082b70321a5387fa3a3ace5c3297d786e9dfb26abe61ae9fb593f467f0e3326e9cfd75f5287ad06ac5f0ff7312c7d2ecaa8642c7a2d52f74fc51a593c5302c4bd19d947f0ccdbc17db2c4eda99fa28d763cdd55d1a2eeff003a4ff2b46deb390c6db25899f0f43261f3db4a0cd09f16ccabdf1b737c111b7f11d85cdcefcd84a6dafcf25e72f617e5d9ab96d753eebc00974920704000000000f395878b9108abaa8cfa7daecf4008cc6d54f03366e9bbfecae3ed57da449802ddadbb0ab7359ce1a0cbf17f2e0996935f71abab63afbf1a7f134055f86eb70f1b4eb3d420ee716fccaf6975746f377b3c8ccff3aa563f13ce0eb792e0d591af4ba83935165bb55a4c9d56a32941779564190573458f1d6f30cca71d2f45d5eca274829bc57419b8164f333a73f5da6ba6fb2e4528000800001a1f82e914ecb96256ec9c9b7d9bf25dc5a2853d3e7fd5dedeedc3ce6e50825efd0589fdb719d2db896cbd08c2697719a33710bd5fa5a7f2b4e1f9190b3e379b6a55e46ea7e0fe7b45b7598146bf121454baae3ffcd90f66535771a886db5f7624a5e1e7d74cda13978a6ff645478c5d561e3635352a61dc2114da5f2d235f65a4d767aa3d5a5775db19a6bfb111aee5fabccbde3553ea7e4d2ed3f725a1b8c09e6bc395ea36c7afcad35df617b6e46b845b697bb000400000000000000000f9b2cda30f1a765b24a0be59f4d4ce58f3c7b6390a2ebebb6a4bb5d20b3ca2eae57a57eeb2a322b9b3cfc4cedb6b2785579dd1b7da49125aa7c733e17db56b611ad7b29b824a4d18f51b8d07d6255e2a8b6d454dc02ae91edc577f3d000320000000000000000000000000000000000000000000009b84612736bc7af7ec0c8f4fd0b7d47d43c5f93022a12e3d09c9d50c5efbfedf240f28a356f1feb31274acaa9a49c4d5860f1857ddd654bcd3f27e7edfa8ddc5c7e34f2a14bba9949afd0df61570d7dd65f838975aba9ce984a5edd7bb402e925d7c75ec0230e565d18753b6e9251455ace698d53f6a2f9417b4a6a26bf3877d2a99ca1de2b94548bb63e3e0431bbaeba5d528f6fa49c5a0d752786ae9f7f81b8a5ce89f525f3066d943a70e9d7f2b84b5ff00a2ff007b231f65045f0250001000002bd99caf5d81953c4b94a5616123b269d3dd7b9dd8f4b9af66dc136459a42e772ad359877536a7f9ea697f3237385aba3ab6a6ba829f557f788db616872b5592a15d1ed0fcae2870abe766a154e3d469938402efad44f800ac8000000028dcaafe438db68cb5f54a54ca8811199b5e5b8b43b678dd4143ddf4747c8d86262cd46eb6317d7661fc57597e3df5ac883f28490541f0adc66eca9bde534d22d6736e19b1c4d7e7edb12ccb5e0eeff28e920a000200000000000000002afb8df6935b9f2964c3bbbd93515dccd39f32e3d04fbaac7fc4086cac3c0b79e64d59fd3a6704e2a45dedd4f197172b3171ba488ad8d06e3076f8b2b7154d7834a6a46f1e35785afc2c651c284235bf7ee27b2a217237da3cec7cbc3b72e11efbae494885c5d7717a12f1bab52fdfa99979471dd453a9d966c3162ae49cc714d0ea2fd461e4cf1e13b270235b7dc5a3896365d4e16d119aed2ee65b8e67ceb4b8580b13618b0507eb284e074c84bca10975f2932a50001000000001539f3ad6e3e4cf19e2e4f9c2d709fb1a5bce5b817ea732978d729db538414e04dfe27c5277d9297d3fac9bf36e244f28d971dbf4d954c2ea9d8e2bd2f041bd4fb2c9c5e9b28d16042c8f4d548902278ae4df6e8301debdd54947f844b066b0edf6b8da6c2faac88cdc14d45289018fcd74737ecec2c3b59607d3a866b87a7292fd7d75d9158af8b4145d2f0ffb28a408a864ed68def27d23d5d536f1acf3b5b497e43a41cf6f9e0e2f2fd5dfa89c24f2bb864d75fc451d08142a9b5e5176ab3e7892d6df38c5aeac8fc4cb5905bae4781afcb8612c795f972f8824088a5ce326504d68f24d4bb9e5f5549bd45f06918aae55b1964df8d0d4f76555a935da2f1a4da61ee7063934c57b3f19c7f78c82f86cea33decb5d8b98e9954ed826e0c5b642aaacb27ed1845c9ff08fa925f032630963df1b3f43ae4a5fc3413ddcf70f7fc976b6dd6eb7161f4f09b48cb957f3bf0738550440f1adfe469acc9c75aeb6ec79dafc3af6922c593cfdc3f46aee0bfe2f3832c87858cf29757fa51f57ff001f5ee0f9836fd46263e43838bb6a84fc5fcc7c977d1f432000000000000000000008de43f814a9c7ab6ee0a129b70edf5ee883af1f86b8771baa70fed32739168317794d10bae75baa4dc5a2161c03530f99cc2fb3dea7138ad7b6857af856f2234c9a69f6cb49cbb8eebaad4f369613b7c9c299f81d44234b61c8757817bc6bb2e10b947b69956c8bb88ecaff00a9bb26a9db2fbccb966e9f033f229bb271e163a93494976bdce75acd16b2de5fb4a27182a688f50a4351356c7854abf09cebe9a6bf5f45ab4f7ebaec382d774e882f05d7f634b61c7f497e0df5bc5a6b8a83ea515d78103fd3c9afc3326a4dbf0b80b800032000009d70b23e338a92fb35d80050b90ac6ab9a695e4755e37d317c52d72aa538fa1e9a5db6ba6ba20f922d2657a5899f3846cf695726552bd06aa15ba5ef6c547c4a1e41a6ef14754f95f219e1c93c42f643f1ca74b8caec7d65b4cfc52737169cd93012850b40efd2f26d9e05b8f2f0cbbdcaa997d28799c832b3f76f0f57af85d3c594bbb58221b036199afd7ee3028c7b3ebb23325e2d1d1f8d6a7f08d4518d24959faedffc6ca6dd9dbfd457665dfa683a97e79373897dd46ce9dae157954fc482d7b34b916067ec75af170b215364ec8f727fe9374c1bb7b35813fc357793e4ba0914caf8c7274e7e7ba8a81a15eb6fd7f2fd72d9e67aca7549d33992b8993cdee52ef169ff00798c6d6eef3f91636c369542aaf16aea0be549855d0001957396f285a5a1538ee2f32653a19bce76118e457435197da079dfcf121cee2f360a78e957da7ff80ead5ceb9c7fcb945a5edec15cca1cb37daa9530d9e3b71f75d9d37032abccc4a6fae519466be62fb45479fdd89569953250774ec5e048f07525c6b07bfbd804e8002000005739c60473b598f07951a7ac94d3916322b936827bec5a28593e8f85be6060d7e2f17a31e9a6a78b37082eda7db6c8ac8e3fa2cfdec2d5755f09ba54cd08ff004f3d284d2cf990bc670deb7975f8b6dadcea8344575ac4c0c3c18ca38d446b4df6fa00150000000000000000000000000000000000000000000000000000000000000000039bf23be3f8edb0ed7e58c4e90406db8ae3e7665b98a5e137148edc39cc33ddfb39f2e173c752e958aeeadc23d491f2cbaa5197e74592be28d4127901713a1f97bc0ef79b070f919fdd13c3ee8acccc874fbe9b2f247e97414ea3d6946c739cdb6d92079b97299e76c7a38f1b8e3200039b600000000000000000000000000000000000000000000000000000000000000000000000000000000000000000000000006d2f9608cdfe91ed28a155936d13aa4da941f45c64b7bba1269a6bb4c1cfa7c7393e355d55b3b1c51e1ecf99e0c61e542b6318fb9de7c3ccbe9e5c28e880a4e1f3fc44bc3371a74cd166c1e4ba3cded519b1fe27dc4c65c3c98ffcff00fcecda40084e135dc649a072000000000000000009c2338b8ca29c5ae9a651f4d7dda0dfdda9c9e963e54dce865e088e53a78ec302574175958cbce991ac6fb5f144be4e1e2e5d72aefa6338bfb944e4ba59e06aa6eac89bc48dd193a4b3f19dc7e27af5eb7b64d3f92e4496db028d8e14f1ee5ecda6bf9476e2e5cb87924be25ee259b7159cf5b7e3a95d6b85b57bc3a7d7b16fd6fab761e3db5ca7645c3e5af77d19a1f80663b75d995d2ad8f69371ea7fcc083d361ef71b2f658bacd82f0a1f6a13ea4a513e865cd95f54f46b5deef87366dee3c214cf3941c2e84547bfba6fa2e1c7f658d3a14a598acf57a6e6fa8fbfd8ad656e7360acc2daea1c1ce317e705e64febf0f45938b5e3549c270845ca0bdba933cfcdbb84f54ff676d4b56303131562d4abf56cb3aefa737db07cf6c17e3d59354abb60a516be180073ef1cce1db0849f73d5d8ce834dd5df542dae5dc24934cf99b8b8f998d663df05284d140c2cacbe27b3860667be1df3fc969afabfb5f2e80026a4934fb4d032800005b646aae5397c2456b8a7267b7fabaf226bd58dadc3f6fc84ceef1676eab2a15ce6a6e1ece0734e298f557d655526efaa70f2475c38fd58da3ab810929c6325f0d0390000000001a1bece5aad65b93d37d1be477298427a4cb528b97b058a46b77fbfa562e4e763ce58b6cd285cfa8a84644e5fc8b235bb750c8a67f457a8fa3329d8dc93d5d13d6dd86e728d7085525133fd6656e6fd3511c4715435dcbe58d0eac000800000000339cd1aaa77bbadf7d5d92f3c7f18d3efd28f6746281763eff0b7fb1cbd7e2c6109b827097c4c2b670e8bf71a7cac6c9c86b2299b5e6bfb137c43617e76b1faefb9d53f0722b744393d1665dd4e15719e47cc22cb7f1dd5bd5603ae537294e7e726c824083e515d93d2e5f8fd913860d9605f9b837d155b1ae762493947c9228a2ddaed7be2d899543a95f4535d9e507efd99390e342cd7e9365050596aea9b9a3253c3b65563dd8ff5fdd135ef049237f078be442cc55959739d38f353856c6a0fb7ee76b3dad1878789371514e52707e2cb48e976df5ee000002000000000000044727c4b6cd4e57a11729fa52e9225c4a718a9797c25ee16399e2ec297c5f1f031a1fe7b6e1384577236b6f851862ea70a154a7909c3a6bf6e8c93d8f1dc6cb9dd4d29dddfbca11ed163d5720d3ecec504fab97ed28b41537577e9d7e49a7e2bb4fdc001900000000000000000000000000000000000000000000059184e128cd27169a69fd80bab8db559549b4a71716d7b3f702263a6e39ee95154dfba2adca78f6b3e9567e1350ba1d2f04fa4c94a78663c24bacfcbe93efbf32237fc6a7afa16551957db05d29d537da0ae85ac94a7aec29494937443b52f9f80316c85b8d45904d4275c6514fecd008d5dd2c3c9c1bf1b27af4e5f3dbe8a4697675eaf0afa957936d317df7d7b28a37399cfe9edd73b9bfa595bd58cba531c05443d3557a528251f65d3891af122b7c623a5c8b6fcbc4bd4eeb7de706fb9c4b2948a30d60734f2c48a8d5757276c20bd91772a5000100000291bdd2e8aecdb32f2656fa9675eca45dca36be69f33cec3cc977e157f92a4162129c9e36be6bc8f4d7519c9f6947bfb9d47551c1860d0f0da74b827168a3607d0fe2dbec0b9af1b13504c97e189c28cba6364a54c27d402ebaab28003200000000e71c934b93b0e518f09c67f48ea5f9d12abfa7dab70695b3478e4d87c8e7b78ddae73547a11fe1cc8e861f328c13866222b161f04a9db950c89ce2936a0d9d2f1ea9534575cac73f15d794be59495afe557ea72e9b6d7f51f306a7d48b4f1bfc416a31a3b08b5911f25203740054000000000000000050f77c372367bac8c9596aaa9a8781a993c06e69b9ec8d5d8e6eff3b7f91818763a9d28d9cfc0e5b8b81917cf220e10ae4a688ab7715d62d4ebe55fd47a8a736c9a38ef1ec2e4de96266e04e6e98dbdb8297b48ec49f651f360b1a7897d59493a27071b3b7d251673ca35599abbad86bb6f4598defe11f352703a26cf02ad960df876ce5185a926e25729e13ada57b596a7d74da910888c4d3cf372f1ff0016cc56a8b7e9c7cbc4bd2492497c2396eff531d06e755958cee9532975ef23a914a000200000006da4da5db02a59fafe23857dcf22952ba72736936c8dc3cae133ba1385708fedf9cf1c47128da6c7799b9f529dcafe9427f3035759aed6e5f18ddf75421e1933f4a72f9811adba647ae975f1d7b039d55c976facd4e9b2a78ce74387a56b9fda0745c4c9af2f1a8c8aff0045b0538ff0c2588de4d8fabc8c1ae1b1b9574ab934dbe8a955afe1b15e51ca835ff8cbe6df1b5f938728e7c60e98b52fcff099437b5e174755d3890b7eed56165e92da58716ab39470e753c84ba8161c1dbe065e5df8954dfad577dc5a20f4995c5f3f317d263550cbad37d78f4cb0d5a8c0a73acce852a37cd352902e9ece7d4df4e2ff0050b3e594d415b050adcfeed40e8260dae8f5db7743cba9b952fb8493e99522a5464e2e2735de4efb63082c680e08ac9dfbfca82eb16ecbeea25361c4b55999d2cbbe574ec692ebb4a24fe362d1894429a60a15c7f6407d3e5f6574516db6b4a1084a537f64976cfa365e87e1f9bf51ff0007d09ab3f8e8229b8dcdb4de767862dcfa7f2a063dbf30a21ad9cf170ec53f34939c3a89a3a9e41c67538d1c48e3b6d3ee536936ccbbce47c6363adbb125da93f787843dd483492d072f867e5e361590719db06cb68c4c3c38d389386357170aa3e1f95769340250001000000000000000015ae6187bacbfc396ae538b8ca6e6d4fa2b38d87cc12f7cb845ff0072d3cd37791a8d7d6b19f575d2e94ca6e46af6f4e6e9699ed2ff005b362fcfca7ed122a6b8c6836346deedaec2e539f5248bd141e3bb2dbebb7df816c6d534e3271997e2814bdfeb35f76c67978bb158b9cba8cdf9974207238569b2b2afcab5e43b2d9b93fce08ace46a76597054e66fe88e37ccfb928f65f3478dafc4d6d15e0ce13a527f9e1eea4cadef3896b96ab32747aca70a5b8af26d368d9e07394b418e9c524a530b5630006400000001a3b0e35a6d9e4bc9cac5f3b5c545cbcda3527c5b8efa3652b1a3dcbfefb213966db636ec71749acb5c2e9f53b26881b751b1a793d1ae86def6de37ace7290549f04c69616d37f4b835084940bf94ce3bbfb71bf17c6db4e09e0d8a0ed2e755f4df1f3aac8ce3f74fb0072fd06c69e3bbedbe267c27ddf90a1099d40f3958587913aacba884acae4a50934bb4d0220b996e68d76b2ca1c54eec94e10819386e1df83a2a2bbe0e12727326adc6a2e9c27653094a1df8ca514daecfa0f6084e67b2c9d669276e349c6d9db082913656b9ffa5fe1db7cd3efd6878045730e9db71dbf51919394ecab36c84271fb39123999fb1d5731c68645ce58593ed5c484cdcadbed345aec6781256d1284e2fefe089450daf21e43accbbf5f3a313148d2fc002b2ad72ce2cb72aabe86a1931e977f789b7c6359769f511c5ba7ddaec94e44d76bbebb5dfd80141dff0010d86df7ef27ceb862cd40bf534d78f4d74d5151ae11518a5fb240000000000023b92eee1a3d6bbfe6d9bf0aa248950e7f813bf4d44e9adc9d3909b02acb6fcb210c1bac82eb2db55927a2d8429e44d6cb19473ac878799e36bb5f46ae259b910f6f07735035f490cae43c927b9be8f0a2bf78115d4000540000000000000000000000000000000000000000000000000000000054f2f986162e65b8e94dbae4e12925f1211e638b19417a76b8bff4a2a3918d096d729b6bdee99271c6a61eeab8a7d7ca47ba7071c936f0e5cdc9bba4c3e650876a38d30b987eca8b48778d57ed147d58f575d78a3afc9e0fdb5cfe773efca5ff00c5fe0bde9920b997bc63f4b690fe857fe90e880f91c3fb4f9dcf138b9739fc52e263b39878c67d50ff002221563d6fb7e28f33c5abd39a4be519cb8387da3539b9bdf4b5693927e2f3b2b856eb5087bf7ed22c252f88422abbe7fbb9b2e878b97198e7647b38f2b963ba000e6e800000000000000000000000000000000000000000000000000000000000000000000000000000000000000000000000000000000c597a4d5e6aeb2316332b991c07496f6e119d6cb403733ce7fd0e78b87f22c2fcf83b67e7f6948c12d8739d54ff00cfc79e443f67181d281bf9d6f9c6534a3e2f3fc65355e6e25d532d38fc9f4b93ed5e6d66f65ea35b9bff001f12a9bfbb8aecae66705d16438ca309d3fdab2ef832f38d82c90b2b9a4e138c935dae9828793c3f7189efabdb5dfda339981ef398eafb597851ba11f99a44f9532fa33947432b3b7e1d0cfcbb72a9ccb2a9ccd6c1e7dac9f8432a13a245a31b7fa7cb9b8519d54e4263cbc77731a4aa37f83b69541f8e7bf3f98bf36787a8e4d8fd4e79f27fc23a1a69aed3075c7e33927571c6cfe62592b9ae4e5f29c28f7f5befff00b3431b9ce7c611f5614cfc7e544e95918b46556ebb60a499589f1fa35f9f1c9ab0ea9d2d3f50f463f15f0d9e3acfe1b0dff119b8df6caa935f2c789b9b332aa210aad6bd58a5eecbfe3f36d05d0ede4baffb4d1b13d6e833295eae1549bf7fd0732c6d7e06bb6be8e6f9cb1e706eb935f32efd8baf86f88def0cb0f4cf6f29dcf74deff1712dcaa32f12daa5e71ed4d34df6d959866edf4db379514fb6bc7b71f69c0b3e669f516c1ba64a12f94d47a21b37539128c1472e6e108fe58cdf923d9c7f2ef1cc6db678bb9db37ee96c2e52b6393e9e74dc63fb49a48b047131fea29caa2e5e51f8ea5f3fca2895eb726cc4738531928369a5d77d9a8a7b5c2b1ce35ddec97fcdec8c7270715eb0ca4f6d12d766a36f579fa590bd2f85194bd94dbfb1b49a652753bfd3676be18db09a591fba992383b9a35f97f4366529e3fcd536cf95c9c165cb58d9a75976b2809a6bb40f3a863dbeb31767876517c13f67e2cc82e95b1ae4ea829cff0064df405338e67d9a8c89e9b37da0a725448b994de43465df8cac5afb55f5cfb834933738df29c5cac758d9b91e1990efb534d1d6e16e3ea8b74b30119c65f124c1c90baeaa98395b3518ff007671a85f56066e5574dbdc55d375b52f668ea7c9f5b3d96b1d55f9f9c2c8cd28be8859f0ad7df153aa76419e9e0e4c38e5b7dd2ed65d03f2d3e14ff7941c9ff326d99c6ab05ebb029c576b9fa7dfbb070ceef2cafded50006400000d0e41934d1aeb6dbe8775316bb825db66f9e3633c578f3f5d45d4bddf97c0148a396f1ce92f42697d944c90e69a2a5ce55536a7f7f03e6bb67c532f2151563d35c9cffd04f3af8ddb952c2963512b524fa682b0ea397e0ed7361894c2df29227cf189a6d6e15febe362c2bb3c1c3b8a3d80000400000a4cb7fb5bb6d9d87878be70a5a45d8a65bb38636e32e9d5e17a9649a77b8c48b1b6f3791b8beb05ff003e443e8b6dc9250a3d5c09baa591ef62f84896b775c8a0ba86aa7264ee8acb2ec69d96e1fd3cbd47edf0a5fdc0dd4fb4980256461fa9a5eddf6df45401e219543f756c1a47df5e8707fe6203d39c14941c9793f85dfbb0526f9cd73bc150b66ea58be45d82d0001000000000000021f92caec6d5df6c1cbda0fbf126066fd3ce99d5775e324fb4c2cf2a2d15e2438a3cca28ee491a7b4c7a23add6e5d4baba13838c91338faac4a7032f0aab633a2c7dc57667d5e9b1aa8d1ebe4cae74f4a0a52ed2274ab2d3294a9aa535d49c1368fa01590000000000000000000000000000000000000000000005f09d94db084fc26e0d465f67f7063cab563e3db74bda308393fe1014d86b392d739f7b2838f97cc8da9e8b6d9ca555fb08ba7ef122eec6d96f68966d1993ae98b6e1183ebfdd9a3096e757acc5dd62e659754a5e13a6d0d3a7535469a6aaa3fa610515fc25d018d7c3271e9be3f1642335feebb019476fefd54b0e78db0ebd29b453eac2a3194218bba8d78d083f6724cbf67ebb5f9d08432a98cd41f924c8b9f16d12ae75fd37b35d0563e3989ada5d96517abb22c5dce7da64d9cff8f60bd3729cdc482ee9753706ce800a00020000045ec753afccd863e7c9f86450d414fbe9344a1cf6fd2e76cf7b9beae6642a2b69465097497b2974162673f43897ece598f2574e0e334a45835595abf45518b7c1b82ea4bbf7f62bb6f18b3e92e93d8deda876bdfd9b20b4bc614d596fe216c2d85bdcdd72ebdd05f2e9002ed25dbed80c80000000299c9b7d938b9d4e062c7fcfb522372b0f9ae2e37d4d795dca31729c208d6e6b5666b77f8db7a695387843de5ef1532fd9db4b7f007b0a6af9a54da7f6615a1c4390cf738b6d5909acac7e9584f947e0985955bcfd85f06bea8bc02800080000000000000000e539d76ff0b9465e461e1ce534bd3efd2ee2d1ef63c9b94e2d0feb7094217270edc0e9d9db5c0d6fb5d74232655f6bb3d06ef5ff00431cdad4ee6bc59152bc46d9dda1c39382893068f1bc09ebb53463ca7e5d3974cde1063dce7d5add6e4e559f108fc1cbb2b2f934f02ddc556aab0ee9f7181d079761d99bc7f3eaaa0e76f519457f124ca943610cfe0f3a2a8b576354a99c011f219db4d565e0addb865e15cd7a5725fa26742b36b815e6d1852be2afb577089ce737317238e9b59456e6e0e16dad7b78f45ab1f8c510dafe216dd3b27069d6e5fb05d44e000ac800000002b38b83afc2de5db3c4d954abc8f35753df7dcc85a78ed753ca85bb3a6bc3b2df375a9934f836954e7395b93ef26fa5320396f13c2c2d4cf37165779d528769c88bb744c7c6c2fa3ae8aa1078ea0a318fcae84210ae118422946292497ec91a9c69c5e8b5b2504bbc781b81153fea23b56860a1f0f2a0a64e6a3034f0c0abe92baa55baa3dcd7bf67de4799acc4c04b6304e8ba6ab69c5c8a371adb693533cb857937caab1fc4d05f67dde538b8dcc34d3d77e4be77c3d7e8e8e52f4b3d04f7775f43b27957c66db927d244eea790e1ec3617e0d109f7543b7362152e6aec77babd5a4b272630fecbdd9b47359e0e1ecb9e6c68d8c9b8420a5045132bfa85a687b785e6fe1f38d1e6dde8aba74b6d2839a27a5a4d34faf3d662cbaf8f2aa2ca8f33d2e92ad364e4431a9a7221d383801724d3128c6719464938b4d34fe1a647f15b2eb78f6ae76f7e7e89bfb5b9e2eb33af8fcd58f39aff006411177dfc6f5df92f9e25738afec9901c8f1b5dbed52ab57663cf22bb558a29a22349a2c1ced0666db3a53bef9d574fddfe870223f0ea71f87e0ee719bab3217bee6bf74e6e015d8b0a36c30f195d3f2b5530564bef24bdd81abb677eb706f9a4a76e3d739ff328a6c040000000000000000000057b9ae925b5d5f9d3073c9c7f7a9151d94f69562715ce9e3ce7914c5a7071fcdd9d3c349fca0aa2718d6ed72b757ef3690f09f4e1184d7522f60040e7f9397b3dfefefd7ebb25d18b8c9ab67f7940e8050f4fde9f9a6c70ed8fe4cdee75cdafbfe70a89c1ab91ce1b89e3e73b161dae0e32f772f12edabe4582b8ee3ec2e7e1151719affbe8a7e2eedeba7ca31a1539666467dbe843af97364eeb3894327418189b2738384e76384185ded6fd7e751b1c3a72e8f2f4ad4dc7c974c0c7c7a7168ae8a60a15c17518a01900000000523917d5e9f91e2eea9a1ce89d0aab8c7bacabf0b9563ec2bc6b2c5f4494125f2e46cf27c9da6c3718da3d7cd417a4afb663799f997f21c0d3e0b829babcadb5fbb8857dd0e8259946e2fdb55d4b613f370f8702c3c7b490d1e365510b5ce13c87645b2378cec73adcfdbebb35a9598b35d49162005375fbfd8ee3925f563f5f86e3391729a728492fdd3472ad46da9e398dbfc3b52f57d69aa7ef30448e572bdb59939d97abc5959adc787529b4742d4e7d7b1d7e3e5417519c1339c38dba7e04ab543f5f367253fede65e78d6be7aed3e263cd34d414e69befa9c8090347916e6ad26bd65ce9f51bb630844de2b5cee0edd3d354716774a5950e92046ad1c9f6762ae6b457a8b8a7da4426d7956ee8cfc3a238f3ae0e1dca970f799218fcbb6f5d5183d1cd282508f4998f5dbcfc5391e15393abf0be119a4daf7820ba5b741b2c9cfc7ba793837634d4ff00459168910032e6bbf872dbb799ab0e190e8ee2a1d7e820b372f966aada28bf21fab7fe889d9ca0736aaf96fb4138d2dc1387ba5ff7c2eeab9b8ff166160d591979328d73f6ea274de213ba7c735b3ba6e73719fbbffc6caeff0051538e9707ff007a458f88494b8deb3ff66c09400040000034a49a69340d0deeff0017495e3caef9b27d01bf3c5c6b1c253a60dc1751ed7c051515d24922a50fea169dbe9c2c13fea0e9be17aa17556d04268394626eefba8a61283845b499361000000000000000000000000000000000000000000000000000000001cae73ef617fdfd59f7ff005253bf623edd0ef659d93278f2fcd6c9c3a6be1b24bf06dca8a8ba1ff2d9eff9bc7d76f0dc39377a79479ed08ea37de7dbc5ee1fd9997f05dbb5ef4cd337f338ff007463d1c9fb6b1a6819d6976fead5dc1a877f9bdd235ed53aa7d78fee6a658df1654b8e73ccaf491e66938b5fd8f5d9e27da8b6be7a25244d7128c1d7913ebf2a9b45a4a9f0eee75e5a6d75eab2d87879ff005327bb8be88000e4e8000000000000000000000000000000000000000000000000000000000000000000000000000000000000000000000000000000000000000000000000c39ba3d567a7f518709952cce01ae949cf1ed9d45cc1bc7933c7c51cd5e939769d378999ea413ed44f10e59c8f5ce10cdc5ee1f7f03a68bf0f1b222e36d51923d18fc4637f538b1c934aae1f3ac0bed55db4d959b3b3e5d898f084f1a2afafdfd53de4714c35e53a125fd887b3478544670cbc49381db1fc05b32d65ff00e4b32f621ca3033bd9625f4bfbcd7b323b2eeab268942ca5f4dfe4ebdcdea341ae9f94f5d9f35f7836250dcebff2646b2aba1f3e553f73ae3c9f0d27fe7bfead73cb1caf96beaf90d2a72c4cf8d7dc24a116c9ff004f499719afd3e69fc3e915ed86468b3f0b27d7a2ca2f824a13943de269f1ba71363ebe14f3bab61ef069f5e48994e3b32ce5cf0bfc125f0dbd3e1675797b0c3a73f1e52aa7e6e2ff00e74d2f744d596bc76e39b8135f79c62dc482c9d5e76877187938338757a70917d867c22d57975a82f6516fdd33872e796e5c6ee59fd56a48afac2e2bb35084a30567f7f632e4705d3ce29d2a74da97eb8499393d66aae9ab96356e5da97925efda364f35e5e4fdd5bd473ed263f21a725e359b1ebd0947f27cb9568e8240ef29b7073b076744a4a307e17fdbc193d0929c6324fb4d268c659dcaadf10001940a8f29d1d109c76d4e3776c1a53512dc1a4d34cd6195c2cb05671b53879f8d0ccd665d9458e3ee94bb8f6606b966b5b7dacaaa2694277f1ae4556327de0e64fb7ff7197a4d349af8675bcb94f32652fdc52327992a6fc3aada2da1fccbc9748b6e2eeb51628c619b4f9cbfe5f35d909cda8aacd646d9d5da8dd03265f1fd0e562c7261fe575527ead5248d59c59638dd59bfb276b0a945fc4904d35da67278e06d2fcac9c5d4e7e44f1bd94a7e658717fc57aa50add3ebd2bb719133e098f8ce2ced77062d4e66465e3f95f8ee9927d74653859aba0001008ae4585f51a6cbabbebca24a9e33eaa5e1dd1bacf08ca3d3901cbf0a3a4cae3beac610865e347e7e24a686e2dc5cac6d065556a595edeacbbf7ea24ae1f1fe3aab4a1971976bde4e649e069f8cd737285954dc669b4bdc96aad6be1000a8000000003f8673dc4cf8693936d6ac8f8be707e713a1145d96d7131f6b955dda9ee5da5e6fddcfa22c59ace57a88349de4a6bf618fb2a1df8edb879b89cfeedde055056cf49355af89ceb5d175d065e2e660ab71e88d516fb718ae976d0ecadb3c6c75746c70adc4b6528a9f5f9a2fdd74fb3d89494536ca8a5c78050baef2e67b7c0e9e97867dd091e2fe616fab3a759873ca9c25eed2fc86d69f99519594b0f2a978f77c253235da170b5eb55cb707195f3b24a0fb9cbecce886be469b12ed9d1b29f92bea8f49a7d7b1b054a0002000000000006bb0063da63e3e661d98f7f6a362f15eed1906c712797896555d9e136bf2cbfb858aad7c5352a2e0adb52ffda32b79fa3a7499f836d174e58feaa73ad4bb7ec4c51c6b7d0847d6da497f0c8e9ebf27036986b6f973b69567942615d1e3ef18ff000024924900c8000000000000000000000000000000000000000000003331feab13228efaf52b71eff9032236ca8b55324ac7092837f0a5d7b014bd03c9c1a73f4d7e3c93abcdc2dfda50ec8dd77e27769add5fa0e367af2edbf82670f1b96f5d64554fe5ed76e6bb990db2cce4da9beab2cc5aa343925e71ee434ae8d838eb170f1a85df55d518ff00d1015b72ae127f2e2980888e47afcccd547d1e67a16c59158fabde56a5196d177da6999b965d9b53c5ab11b8bb5a8b9f7f07aa749b171e96d6d90aaf7a8d5431f637e5e4e4f9e54a3d37d96139bdbc5f70b72e7f5b2f1ebda6a4746d563e5e361c29cab9db645bfcedf6da20f4002a0000050722bdae5efb618d564ba2a4e3352ff645f8acecb8be4e4e7db970d9d908c925e215af7e97633c76a1b66e69111a7e35b8aaa76c73635cd4fdd7ed337b67c5f690c49dd8fb4c9f3ae3da879137c3afb6fd4c1dd372b23dc67d904e47cbc5797cf5ee002a0000000029bc8b7991839af0deb2cc8afc2334d43b469439767ba9c3f05bdc3af8e89edfefb1b0b2abc5757ab93249c205431f92ed233b253d5c1aa1f738c17ba0acb3e73b1a7a84355381d0b41b29ed359565ce87539392f066b68f6daddd622bebaea535fae1d7bc492842105d422a2bbefa40b400040000000000000000730fa38ee799e662e7dbdc2aafd91a14e975f7eab9077e0b2b0ee9badaf66d22f99dc6dcb91e2ede8b557ecd5a9159bb866cacceca9abe70c6bef93bba9fca0ab5709cabb27418aed7db877044f1f35baec7d661d58d4f7e3047d08f1b7cfaf5d819193626e35c7b6915dd7e7e35baac8cebb5fe8533fcebf6f337f98e2db95c773e1526e69467d2fb41940b772b61a0d469f0db791dc2abe1d05896d5f24a7073ea8dfaff004312f8b8d5628fee5fce75caf1e59391abd2e1e3b73a946d93fda28e8a81400040000036926d8128a946517f0d340732aefdf729d9e7bc3cc7463513ea0ccfb6d4725d3eba7930da46faabfd75f811d85b1cae15b1d862df8929e35967706486cb975bbdc6b7578181639e4c3a22ba068b3e9d8eaf1afa62a2bc1271fb348ce6971cd57e11aaa71e5da9b4a76ff69b46e9511dc92f9d5874f8e0bcbf2bd275a5d95f86d763384dad04d75fb4a29161e40f730a3167a9a6165caf5e7097c7874c808e7733876a781441ff002a44dabc7e2bb7524e1a1e9a24b8fe7e56566647afab9e328c3a7392ebb67bd665729b72d433b0ebae9f1f7919f5376fe5b4cfaf3b1eb86247fe14d7cb025885dff13c2dd590bfcdd3911ff9e04d10d93cbb4583956e2df92e3656fa69424522b8b866feb9c955bf9a87f794ccd8bc07caf85db3d84b27ef026a1cd78f4daeb33a5df5ef1651b0f954b55c87314f35e56bedb9fbf6e7e088bbaeab0846b842105d462924bec90c8a219345d458bb85b5ca12fe24ba629b617d55db5bee1382945fdd3f740acaa1a8e3db2d6437f87da9e15d4cd6326caf60716e43994d3abceb551834fe73a800bb2108d75c2115d4631514bfb200040000000000000000000056f976fb63a7fa2585479bb7bedf8f7f0562de79b7a6953b75d28293f66e3d23a5b49fb34994cfea3420b498bd43e32d05472e69ba786eefc2e5f1ed22cbc3f7b7eef132a77c146755a91f30b3f063c4eabdce11a951d10dfd34875aed84fef90901792a746ee7b5e4d561e263778f8929bb6d7f749c4b61cc317613e25b6ddd3934b942dfcf54e288448e7ef33afd9e7bd4e0c26b07bf5e7d7cf8173e3db75b9d65397e9383f78c97f7451b4ff53abe27b4cb9d4e5959b36e0bf76a65ab86605f81a2c7aef878ce7295a04d000a800000000a8edf1b63ace490dd62e2bc8aada3d1b210f799e341add9c72b79b8c8c4eb2ae6d63424cf1c8771b5fc5a9d2ea6a8bbe50539cc879e3ef5723fa0ab6567a91c676c7dfa8b911568e29a8d9615bb4ced9382bf32c52714590aef12de676c9ec3133a1057e1b841b2c4541b4936ce6f91b0d8eff6f74751894a863b70f5ec4748beb76d36d6a6e2e70945497caed75d9ce78dede9d065656a763054c95d26ee7ff3858cb9b95cab4d8aefcd546451097bf897fd56753b0c1a32e95d46d8a65179572bd6e6ea6dc2c193bedc82d3a0c39ebf4f858b35d4a35a735f693054998b61b0c2d563c6fcc9b8d6e6a26530eeabd54f0672da287d341a937308898733e3ed3eb2d2e990145d8bb4e7389998d92a752c46d7469c375c294ee556b97b3f66eaf69962d067717cacb5f87d10ab2dc25f11f17d06931abdfe16d6ccd863797fd9e6a2db5eccdd185abd7ebe574b131a14fabd79a82e93f101951369cfbe8f677e2d788e70a9f81827fd434aa5debed45e3275fa3aee9df76263fab63f7978af26476fb4d8191a4ce58f8b579ba7ba9a229a7cca3936b6c79586bd16da4a44dd55574d70aeb8a8c22ba8a5f0915be0d8d998da7f0c94d7e77e112c8540000000008fe438ba5b311dfb682755648146fea53b56bb0127d41de0414f63c35daa10c3b7aefa4d40b2eb755c376b5b58f4c1ce2bde0dfba233328d67e25c3e18f08bc475366ae9e14ff8e72fe85b58d0efb700bdba4eb34baed44271c3a5414df6cca004000000000000000000000000000000000000000000000000000000000147bf9aa867d94e3e2b9d50ee326fd9f6659f2fbfa8c6180dafe523ace0e4be3173bcb84f357305317319f5ed89331ae5f91ee960b46bf0dcdfb58fc4f17dd7739feded7f8c5f14fd9f5e28dd872cbbe562c7cc889a95f996e54fe64924be7a3b717072616dca6ba72e4e7c32934d989e6d7f90fa62bbde29bfd8ebab1cb7d54ef0f838472937fa2d65a8abf0fefd2ce9f692779683c5cdfa993dbc5f44000727400000000000000000000000000000000000000000000000000000000000000000000000000000000000000000000000000000000000000000000000000000000000063cbd4e0e4fe69d494beebd88d955bcc1f7aa51c8a97ecff592c0b2aed03f5fabcdf2c6d961aa2525ef1b17890bb1e39c7a7ed873755b17e49c265e2ec6a3223e36d519afeebb2bd99c5d42e793ae9285afe62fda27a38b93197bcacfe3d99b36e59b47bac39c2191916ce35bf2ae7fb76cbceb793e46661396563fab38a49f4be4d9cca2a58b6ad9d1d55e0fcbfb2fba2b7c7f16b85998f1f2676530b0f65cf8739de1bd31da4ece4ab02e83863e4d31f994270f62c9ade5fa9ca8fe6c9857fda6d4095a1eaf32a8d7285736924d491139fc2b5199df49d4fef03cd9e7f0f97578ee15a92fdd3f950a33b0eeabce3285b5b5da66b682c6f5b5d3369ce894e997f306d14c5c5f916b149eb368da5f1099a183badfea6fccfacd74e4a53edb8af6ed1c7e54bbf4e52b5b74c056f179ce9af7e139cab9ff0078964c7d861e4aeeabe0ff00375f262f1e73ce340006056f95ea7619d8afd09c1c631efafdfb447718e531496b764dd79157b2722ea54397e8f1a70faf857e3382729b89df8ae39eb0cfc7dc4a7249e3e66bebabcfb84b2209b89a74f125f16664e743edfa7db4889cfd2e2e6e96bcfd6596c1c7f3f4a4cdbc5bb92c30ea94650c8fc8bd9b68eff2ff00f3fc9cb26ad97d5d1b5c71b131f12a8d5456a108af64219554b26cc6efab21152ebfb3289772bd861b70cec0709fda324cd8d03da5fb7b7637e34a14db07149cbe11c33e1cf1972cac174001c000000f1b8d6ada6beec373f153e8f66aed5e5d3aec9b71a1e57463f92005521fd3bd72726ed9951d968168f6989e72565175e4a63ef797d8a0961268cd766722ccbb1165eb20e309a4e71f76a3d85749054dee372b92470eba54b0fc176fa2d8000010000035b27371711295f74209be979348d92810c0af71cbf368cc6eca29a54a30efd9322c59acde68f6b0bb0de4d4fbf65198e35afbb53af9d16cd49cad738959c2d06aaedf67e338384aac74e24ff10b2ff4b638d6cfcd63e4b8425fbb883daac0456fe372d5e5fa516e6e04a8928c934d26ba2915ae159daf969a9aaa7084e1ed61abcce1acbf16a8250798e7175b87bb2273b59a279764a8cc74beff003aadb8c4dad73e3b8b6773cbf5aeed24a7db8c58593dd7bc4538e354a6fb925ee027d80c8000000000000000060d8ababc69ba5a5634fa339a5b64be8721466e2d5727e6bf664ab14ec5cce572aa3dd104fef333d989b7daaa6bcdf0ae30b53f281a9a1c2de6c31237d9b0b557eea135323f3e1c8759994d59997dd364ba84e3fb85f57f0ea504a318c53f85d02a981a9dee2e5d57d9b0f3a24d39c196b2a500010000000000000000000000000000000000000000019339d74593826dc62df4be5f404f229f093f34d25ee1553a398f9a929e15d1714d34a2696d3653dc62ac4a712d94acfbc5a46d5db8cbbf2726bc0c5aecaeb7f3d75ee60c6e533c4d9578bb5c15429fc5a36bb9f65cb060e8c1c5abae9c2a845ff2919027daed00cb437da67b4a60a191e94e0fe4869f1bda2c79c23b869f4fa666e459d9b8b3c7c6c38295d7be911fa2da6e6ace96a76eba9cea6e8b48ad4e359fb3a7777eaf6592e53843b84cbe94dd2e646de4b994e662c6bca8792849af9822e40a000a8000014ed96e33b373ecd5eadff9e976ec6bb8a2e250b11bd3f36c985f09aa32e1d5530b1178599cb25f88f5755378cbf3d6fe6491d0f8e6c31b61aca6ea6af07f1643ed3289f8aad76f375ead134acfd05ab8861cb1b1726c945c7d6b5cd442eba4f8003200000000e69c8e73d5730c4cfba97f4f38233d9b8c5d6ef368ed82f4ecc74d9d132f0b1736b55e4d10b629f694e2a5d3352de3ba8bae574f120e7d741553e0f8b6d53d9e6ba670ab265dd6a45dc4211ae1184229462ba490080000000000000000000029c5bebc90528bfdd1cbf278b729fc4331e25f6c69763706ef20b1a1c8a7b97aa5b0b6177724db9915db7b5f740e2fc870b90e99513c8d95d3aec9351ea6ced182a71c3c6536dcfd38f6dfc9402d5eba173be389546d7f3351e98d96763eb70aecbbdf55d48e775728e419f64a5aed5f9d3fb01d11d75f9f9f847cfaebcbaf7e8148d4733c98672c0dd62ac69bf68ccbb8400000000000da49b601a4fe526215555f7e108c7f8473ccae53b7cecdb3174987e5e9d9e32b1a3064ef799e965e79d869d1fbbe9b81174e9406166539d8946552df85b05240a889e55b79e9b55ebd50eec9db1aa051b6b8bbea28d5df93b59a7977420e0975e1d96de73819b9da7a961d4e73a7263734beca2cae6f76df88e834bb254cbaab314ad82fbc02c4aeb32b6ba7dd53abd8652bf1aea5bc7b0b8616cf0b3dd8b1af8cdc1b524bf668a2ebaecfe47bec7ce544a8c2c3efc24d74e7d93b85c6f1359babf618d64946cabaf47f652604e901934710ccd95ab2be9beb233ea4a73e993e686cf8ee9b6529cf230e1ea4a2d3b63ed3047caf8df1d5fa35d8e64971ad0ca1383d651d48ac59c4733112fc277992bed5db3325db1e5dabaaaf5f0aacafbca04e975fcadf4d3563535d3547c6bae2a318fcf491cef3f4dcc2afacbff14842849cff0059d075db18e7605194a0e329c7de0ff692f668f5b0c6fabc0cbc6ed276d33877f6f2411ca74f8dcc36b42be8d8f54fba5299abbda79569ebaaccace6ea9cfa4e2c97d5edf6dc5aa9eb72b5b3ba985cfc2701c87639fc92bc7d7e2ebe7087a8ac739ae82f6e9582ed78943b66a7275c7b92fdfd80c7afd1c7a6bedbf0ae31edff0065d02b2000000000000000000006464538b4caebac8c211f96d91f7fe0dc970ecc5f5636c3e7f2bf7832a7fd45539fe0b5b9b8d13ba6a6c8ec4c25c67926bfd0b252c6cdad5407d9702ceb12a68da42588ad2fba9d4e2e9f15e3e327e2e5e4dbf96ca871f576a797676a9644a744ea7349b2fc00594d36c5c6cae324fe5340a26cf96ecefd9d9aed1e2c2d75fccc117bf14978a5ec0e7b3da739d6c964e560c6ea2a53762897fd3ece9db6bb1f36a5d2b17bc7ed25ecd01ec0000000000051f76b334dcaf1f72aa95b8b7c15335031ec760b5bca6dccf42cb3bc1eaa8c57cc890dee7729af62e8d7eb6abf1d2834dc48e9e5730509dd3d155e71234dfe21879d55bb3d9e656a16e74fcd40b715ae1dbbd86e639f6e5fa4941c210840b295299163a68bad8c2537084a4a11f7726977d239bdfbebb63d47278de4cd467fe87f28e9164e355739ce4946316db7f0922bf5f37e39d7be634fff000488454eddecb5117934f1c9d3f1172b21d44e998b73c8c5c7b9c52765719b5f3d792eca1729e53a3cfd16662d17f9dd370f045d34aa78fa6d655627eac716b524ff0067d02b64a6ff00521cff0005c5fb7d5a2e469724c8d7e3ea6f967c54a89351e9aefb65465d4d1a858754306143ae297e8e9940cbaa8873fc0fc37aedc3bb943e14ba66bf1cdeebf4f8f96a8c3ba7e76a7da4fb944d8e37b0d54376eac5c2bd5f90e6e56c97bc221ad3a380032e5fb6c0ccdff33c8c29dcea8d55270fed048cf8556caed16ef5565f256e25d2f17f7f0316ee9df59ca7332b5954a1e8c61529983f0de571fab9d4ff003e537e6174b5702d9db9facbabb5b73a249765ac80e27a696975ce136fd6b5f9d84f840000000008fe4d5eaecd4dbf894fc284d7bfee9920503fa916cdc3578decab95ae4d81bb97a9d1e669f57956dea1894e3a50f37e248f12a74555590b59284e5f36cfbed955e4b455939fc77438b26ea84229f5230ea28a3039bdb8986ffc8845458575100040000000000000000000000000000000000000000000000000000000071fa6a8599f933ebdbd592ffa3265635493ebdbb22b0dc3ea26fbf794e4c9b6d7c1f5adb35aaf97a9dbc2aa09a7d0f4a0fb4d7c9ed343bf665dd6353da46355463f08c89243ca3d7b3036d3ea3c4ff4b3d18f23fe0cff00ba7fbf473c9b8b1f0d8f78b9536bdfd62c457784a6b5b7bf0ea2ef6e3efdb6588f0737ea64f7f1fd1880039b600000000000000000000000000000000000000000000000000000000000000000000000000000000000000000000000000000000000000000000000000000000000000000000349fca39e67ea960727c778d354d793ff004edb3a1955e669d0f599fe1ed8d7c7b91d78b3b86420b6581bbc6d9596f7fe443e250f79744de2724c88cd4669db1fb7fcc5ae99c2fa2ab175284e0a4becd35d91bb0e398190ddd5a74dbf781dbe7e1963e9e4c27f69aedb4b6b4c63d429b2526bb5d44cf814c942775b1f195b2f2944aaacedfe9bc239b850c8a17febabf92cdaedd606ca2fd1b7f3a5dca0fe51c32d49d4e9af6f0d5d971bd66c7b9594454cad64705aea7eae1dee332ea063cdc98eb595473c785cb35f26e8c84fa5ff0039b7472fcfc5ea1b2c29ff0079c0bc0b3131ad5d4e983ff63a5e6c72faf8e7f7047e1f26d465fb2c98c27df5e13f66484942d834fa945ae888bb8ee0cfce6a8829f5d2691a10d7e7ebbc7d2c89f8feebec261c397d39fa6fda885d5edead1ecf2f539adac5f9a9b2468a72213b23aed8c1635b636d769b5fd9111ca2879144673a3b95738c94d7cb2771f4da4dad355b8d3baa93829fe47e2bdceb66126edf3e7dd9d56f61e8b0e99cb22f9bbae9befca4c9b2ad95a2d961af2c4ceb6554176e2df722cfaacfa73f1bceaed38cbc66beccf3f277abebf535a7a001c800000f375d0a6129cdf518aedb3d183678765f81915d7db9ca0d7480a1dfcdb25ce7f41896db8f4c5f9cfc492d77366fe956c30aea55fd785bede056f4d6a871adc614a970ba109ce69af9ed1ef3b2b136781a8d65116e74b87c20b25aea4a5197c34c154da6936b5e4e3e6605d35d78fab18d9d368b582cd6bb0001000002abb3d267e3ee68d96bdfebb12b625a83928fcb02879daae495efb37275ca1fe756a2db2e5a5d5c3558b2ad4bca529794e7fbc99b51bea9bea334d80a11fb7f3860e43ad4fc9c1f4e2480bfa75c93045438ae36a2ed4d336abb6f974ecfeccb259a9d359eef16befbf9453b138b5744e73a769643ce4dbeba46c5ba1b55909cb797751977ef20bfeae897492031b2b1e6e34d76b9c943cbb01900000000000000000c1b6c3ab330adc57628ca70693efdfdd19cc1b485f0c594f19c7d649f877fbb0b142d36cb65c73bd5e5e1db62877283ad1bb939191bc75554e34e0a16a72f563f062a76fbbb2d6b235b152f1f966e2cadf38b756ba12f7fd9a4869570ae3e15c23f68a40aa6b761c97eb215646b52839af773ed7896b09600008000000000000000000000000000000000fdfe00000000d269a67337a4e4786b69898f297a52ee6a6d1d30655de863dd77fa20e416555f866ca99e1bc1bbaaf328f69c1fb48f3cdafc5bf01e07ce4b946702b13cada55975721c6c283a6c92f549cdee63c4cdd76d9e0c6dc294546c9bf7941b02ebad8590d7e146d494e38f5a92fb3480aac85b5c2c84bb84e2a517f74c0453b9c3b6a8626663fb5b8d34cd0da6faacac8d4ec31e134e99af38b5efd16be439fa9c3a6b59d183ee5dc538f644adff001a9a9cbd187f7ea2c8af94642d9727c6c8a2bfc90a5f732d85029e65a9c4cd70c7c36a97f2cbfe067636c716bc9c69f9553f865000040000038465d7714faf80533279ed38999918b7e14d4ab0ab7cb0b0d5eee5443d57f33fdcc85317f50713b5d62d86b2e7b554fdf02e076be0145d0bea85b0979465f0c040000000003692ed942dcf30bb53b5c8c2963a6a0a06087f50e8f68bc56d017fd7ed35f9965f4e3e44656d4fab23fba329c1a3b8b70b777ecb5e9a84ec7269a7d34df6d33bceab634ed7031f36a4d46c4fd9fca69f40000000000000000000000e55b7bff07e714e5df1eaa9353fe6122e3b1e5bafd4e7ac6b937f9136d19b75fe1dd96b71f2f39af4a6a3e959fbaec2a91cd37587b7fa0c6c4b7cd7aa755a60e14d506fb718a4426af8b6871bc326882b7b5dc67226c150bcdaaf578d67fba5d784bfe9334f8c6ff49f82e154f2e9aada69509c26d41f68b266e3636562df565c13c771fcc9fd97b942cb8702c3b7a7083920357996cf599f99aaa2b9c1ca16f94edfb44bfe16eb57916538f4e54276d89f493fb2ecaee169b866c9af429adcdc7bf026f0f8be9b03221918d8fe1643e25d9048800a800000b61ead5657fea838ff00d5000732e21b9c3d1dbb2d767cd425ebfb584cf2de4ba8b74b938b4e42bacbd24940f7b2bf856b2eb15f8b8d3c86fb947c3b66be26d383665b0a9e0515f6fd9cea22b678df21d3616af070a79d0f53a8a2e09a6934fb4cd1ff000d689a5d6ba8493ed75046f24a2924ba497481740f4ebf1f0f08f8fdbaf620b946dedd2eba17d5052bacb5420990fa6e43bcab6f56b37188a0f21b750175492f648154d5724cc9efb33519d4c2a6ad9fa3249fbc532d6540a0ecf63bfd9ef72f51a89c2b853ed39b2fc73eda636f743bfcbdae0632be8cafd688af6b85efa714aedf1833f1793f1eae1b08eca77e3d525eac266dff008ef2e1dabb4f64246be767f23e4905834603a31ad4bd59cc0e83adcb8676062e541751b6a531b2cafa2d7e66525dfa34ce7d7f08fbaac18ebb5d89871936aaad47b679dcc6b9ea3651b3bf078b6a7fef12a399436bcabe92adef753c1736dd305eea119161e45bbd8e9f2f5fb0a5a9eb2d8284e0baedcca56bb799b0d065e9e58739c255ce354faff58b32f659fa3c0d0c30ad77576f94a52417b76384e3642138bee328a6bf8606355e863d3577df84231ffa20100000000000000000000150e73aed96cdeab170ea728377399033e27c86faa856e6b72a7a757f6712c5cbd72377e03d3abfa4a6e7e99031c8e7eb1dc9e3fc442a778c71acdc2cfbf67b2bd5b93383822d873ce0fb9dbed36b97f579729d4a8efc0e861039671ddbebb8f6db678b912ee129f50b91d4ca9edefe1baac875df838d2c96d370552930b1937dcb74b0d766d15deaeb2da270828111c6392e8b51a2c6a6fc87eb7bb9c523dd1b6e137ce709e0d0a3dfb4dd45a971ae399354671d6e3f84d769c5104955646dae3647f4c97680842308c61149452e9240a80000000083daf32d56a736cc3be3739c126fc1266a3e7fa0745b38ceeed2f68381eb77b4e2b879f38e7d144b2d28f6dd3e72345721e1abd9615493fb63857ae0746435b8d85b4b84336f53817128181cfb06a9e5c2fa5c2a84faa3c117fae71b2119c5f7192ed3016d50baab2ab23dc2717192fba7ecd10eb8671bff00ef72ff00ac89823b0f7fafcadbddaca1b9db5424e525fa538818eae35a3c3bebb71f0611b204a90b99cc3498b953c59652f383ea4c9aaad85d5c2c83ee1249c5fdd307614ffea354e7a6c59fed0cb8f65c088e511d35d8d8d8fb4ca75573bbb8ff00769023670b6ba17441d3978dd382f64d19f1769a5c8c88558d998b3b9f6946124e450abd37068fbfe2136bff0019b1afc7e1ba9ce59b8db16e704d7bbec2e97c062d5ed30b62aefa6b3cbd3694bfdcca19736db6db9757b8cda7028b5529af14ab52460ccddf36c2c49cf268705d7ebe89bcbe7b460ec2fc49e14d46a7d39115bae73859dabcbc6a68979db0704d855cf88e5e5e66928c9ccb1ced9b992e40707a3269e3d8beb76949ce5044f8400000000089e4fa05b9d72a612842d84d4e13912c1b4976d814ae37c3f330b3a79fb3ba13b52eaaf09133a4e2f46af37373273765974df5fd9364e2945c7c935d75df6134fe18000000000000000000000000000000000000000000000000000000000124dc5a5f3d00072ac2e35ba85b394f1ffe67e1e64bcf49b87dcdc63d47f649f6cbf03bfe23371bc185f6506bd06da0fc65e527f74ba43f00db3eff00397e05fc4f233f86e352abd2e7c212ee0ba89a72ea33706fb691d059cc9b52cdba4a4da4fa475e3e5cb3b96dcf938f1c246e7b1832bdea699b1d1ab99dfa32e8ebe6c72f1b5b38928c353fcd8c9e20b8641fe094ce5f3e7613a78393ebcbfb7bb0fa200030d8000000000000000000000000000000000000037d200d000000000000000000000000000000000000000000000000000000000000000000000000000000000000000000000000000006af20c386669f3ea947b7e849c4da0d269a7f0c089e1f7abb8eebd79f72841c192c54b8aca387b9deeb3a71f1b7d4844b696f95b34117b4e35879cfd4abfc9bbddf94494025b3c22aab2f90e9fce39144b271d7c4e1ef22c3afdf6b33d2555ea33ff44fda46c91b9fc63599b376a83a2ef9f3abd99ade37ccd5fbc1240aa5b7f24d278c12faec74fe5afcfd12f83cab5599f95d8e9b7f784c7a32f33b9fc1a4a009a7f0c1810fc9f638babc0739e3f9b94945159e2bbda30f15d37e2ce1e2fded8c3d996ae4d89837e9f21655be1547a7e645f11fa2cad2d71b5552fbc59e8c3d1f2adb8dbd9b59aad8e1e641ba6e8c975d95ea6caabe56a14da9bb699bb944cd91c3f0273b2cc6b6dc7949f7d41f49121a8d0e26ad4a70f29db2f99cfde4632f9526f1caff0055678add001c9000000000b70312d572952bfcd5d4daf66d1e31757afc16e54511836ba6ff00767b017740004000000000a3ecadd8ed76d3d662bf4eba62adb26d978281bac3dc627229ec35d5fb7824c8acf6707c9a13b70f6b385a4df16da6465e3e55196dbbf166a1334edcfdfd90f1a35cbc9fc3f32bdae5cab4eef9bd6fa93b66e737dfcb651d28f3914d56d33aa7f0d7bfbf47dd4df9391afa2dcaa5d56b4fb8b35b68dd18574fc9a6a2424ef4a3df89c7b0aeb233cac89bfb27266de0e3f1acf8aaa17cbb72eba7268dbe218facc9c09673aa165f39bf394fdd98b9569b5f1c679b8f054df53f28b8059e5294715d76166559754eef521f0bc89d1aeb6cbb0a8b2c4d4dc7dfb054a0002000000000000069ec32abc4a2cb67da515eecdc3cecb02199837d1db8f9c1aec2c507169d86d30e7b1b331c6b7df4a3f68be8c38d9bb3d3e263672c89df8d6fbcd3f946d69b0b678daacdd7df47e853f4bfba668eaeadaec30f170a589e1557e0a6e5ec9a415d2a9b6375355b17ed38292ff74057055d7084524a314925fd8064000000006fa00000000000000000000000000000000000019d5c2dc3c9ae72f18caa926c0c99baf1ee9f4df8c1bebf840736d0ee28a7033b4f7c7d92b1556fed24d886c9cb4776a6daa6f21cbd8dec3e4f83ef07a78c5bfb55eefa3dae65a7598a13d5cd59f09a820ab86b61663eb70a89fb3ae8845ff291b0232528c64be1aed008d2dce87176f3c59dbece99a66ec30f12b5e30c7ae2beca20011f3d06b567c73214a8cffe6fb32428c7a31ab5553546105f118ae9000000000000598b8b65aacb28ae53f84da4d8291b2daecb63996e069da7e1faed0b1778e3e376dc6aafbfdfa48a96d3376d8739d71d3fad1572f4e6a1e51e8aa61e472fae5b1baaca52960ffc6adfba92474be3db65b9d5d192d253ebab22be1482f86ee34e56515ce50f06e3ef0fb0003200000cccdc7c2a95b9162841c947b7f0bb033f071f638b6e2e447bae6ba6068655fa0bae84b2678ce6d2e9ca5137a3aad625f9712ae8e776ff004e5a929c33e52e8e8a1496ab5d38b8cb12b69ae9a62baaba61185705182f84800800000000000000000000e558f83af872dd9e2ee1424adedd4d9830be8168f92eb6e9f4e9be5652583278ee83373f2aecada49daedf87316f16e2f0ea5667f51fbbb03499e0764a7c7b1d3fda532c63578d878b818d4e174e88c3f235fb80cabbceadc9a74173a7da2e70532b5b3d3e0c38560df54139f55dd3b7f76e4bb65fb7bf864f5f6d1b1b1428bba839bf84ca4428a1f1fcad4c7695d894a4e99b927f908b1e37d8d8baecfd1e7eb610af2a7349a8fc4a24cebb9266be453d3e561f8773b1427f75034b4781aea33a8599b59e46524e34c273f32ef2a299db5dd2aa0ec826a136bde3dfcf4c0000a800001e72e52a70f2ad87bce14ce51fe523d0039f708c7c2c9d76d326f8c6ecb9cdab7cc8ca6ac39ff4f6f76f82b6173f17fbf7e65db1b8dc35db8cccdc7bdc28c9aa4a74fda441607008c24beb33a73a558e7e8a0d74b77199df668b5b3b9f727444dd118c6118c611518a5d24bd924032a8f3fa9435787930f6b69cb838101bddfebb327c6f3f1aefcf4deddb0fde0742dfcf55560abb6697a3558a4bb5dfe72a10e47c3630fcb8957b7dea2351ab97b086f395e9e7aea9cd6234ee99d10abe93936932f396260e0fa4e69b7350512d012851761bfdc65ede7aad2c1467459d5b6c8bd1cdefbede29ca33b2eea273c2cd936a6059f97e5676b7590cbc4507285894e4fecc89bf956fb07131f37275709e2db08bf5212ff59a7ca794606d75cf5dadf3bedbe502479163d98dc12ac79c7a9d74e342405cb5f990cfc1c5cb82e95d5467d7dbb1b4baca35f956d78cef9c6b7d55feb3578e77f80ea7ff0074a8dab2caeaae7659350841372937d24914f750f1b936e14143fc3338a5f6833c65735cbc6c9aa9fc1dd3294d2f2b7d8b8ae4fa1975e3b2a5952e719da6cdd5d0e19709d90ca835e04dc5ff0017b8bed27f740d7d6eeb51b093ab0b2e164d45368d82b200000000000000000000f1b3dc6bf534fab997c61f68fcca5fc2222be67a0b61dacc4bdbe27ec56f9dea7273b67a57084e554dfa33715fa3b912d1e0ba1a698275ce73fddb905563479fc6b4dbfcf943226abf49c216f7dc2474faadaeeae165725284d2716be1a6735a381bb777990c884a182a3dd5281d1f55aba7538bf4d4596cab526e3e72f2e815ece77fd3ca70ae967df7413cf537fed0674439f636e788636ea5b2a72a74ce4a50b20a1270901afa75830e27c915ee097ab7a4219dc8f57c674b958b0538284bcfd9cda81a315c5aac8b657ec653aa77bb5d2bb713abe1598d761634f1fa744aa8bafdba5e1d7b00d664cb33031726553add95a978300040000000052f733d2e977d7ecf2673bb26fa60a38e8f1fe2cd6ce7657769b27bae09d9d2f746182c7bff00a879b0cdea7e142f414fefe099b586b1e3cbf7b3ba71508530efedd34454a68353a0b69c8ccc450be3936ab1f7eee04f9cd75cb65f876fedd14fda3b59ce1d7c3a9173e25b5c8db6a239190d3b55b383025f612b6181993a5376468b1c12f76e4a3ec72de359daed76836f993b5473e7e706dbfce751c8bebc5c7baf9f7e15c253974bb7d457672ebb65c1f333565db8d6c5b6dce0a3ece42918d60e1e1704b6fcaaa0b2b2eceea7349cce99c76ac8a749ad8647eb58d594bcbe5bc5af8531bb0e76aa7de10f02c59bcaf130b235347a136b36a84e13fb2994d54e1a5be869561fd46daa84e9a9fb797dd9ba51ff00a88dfa1ab85abfecaf27b9b0445bdd68ab8d13871f9c29ba7d54d54bf393daec7e31bbb654d9ab50ca847b7097703172c54c2fe26b1e3054acd8f824619f53e7ea38538a7f47d5c05bb5daad7eaabb2bc2a3d284e5db5db66d954e27b2ddd999b0c1db29b9d2a3d49c4b582aa9badc71cd365ca2f0616e64fa6d460990f0e65a45642c9e9ee87e7f797822328c8c05ceb3aed838a876d47b5ece65d797435389a2c9f5a9a937070a128fccc0b0e066519d894e4d0d3ae71ed02a5fd3c590b48dcff43b5fa45b4200000000051b9fed6f8431b518ca7e791d4e65e4a7737d3e6e43c3d96141ceec60227915b9f553a2e35877f539d10a6f1c43276185c872751957b9a854d7f64e078e358db2dbeeeddedf0ea14a9aad4bf76d129c474db186d361b6d956e165a9a8055d80010000000000000000000000000000000000000000000000000000016db0a6a9d937d4609b6c0daa4f5d969fc3ad964dd912dd4b54b8f3cc4be534b16e504ccb6735abbee38973299afc48595d727fe9267e9abf65e2ba47be707175b7872f88e4ef513ffe32877ff0198a5cbb1d43df16e215e356d74e23e96a5eea28dfc8e0fb31f88e64f4394d57424a18f6c25d7ee8aed31b1a739afcf2936ffddf667f0847af6464491661863f4c66e79e565c9e97c235731af426daf64bb36ba35335a58b777fe864be6352adfc424968e87f79d84e115c4e31af4586977f0e44a9f3f93ebcbfb7d0c3e98000c34000000000000000000000000000000000000000000000000000000000000000000000000000000000000000000000000000000000000000000000000000000000000000000000000a66c559ade658999351f4f2d2a9345ccab738c66b0317361ed3c5bd32d354e365709c7e2514d16f88b7c40004400000d7d868f5db14fd6a1797fa91b00b2d9e28abd9c633f19a9e0ed2c5d7c427f062955cba1249aaa6bef148b683ace6cbde637fb8396f21d6ef5d555fb0be7663292f385702ccf8a62baf1f235996e9506e517f3f28b6595c2d84a1349c64ba69957855b4d1d9251a9dd89e5f9527db48dce7cf2f1ac534d0face43a592faaff3ab8af769175d5e6559d870c8ae324a5f72bf93c8f1678b6d7e09dcd34a1244de8abbaad650aea7d2b3ddb89cf3bb9bb8c976ace003900000000000000000000000003ecac6ef6d954dd561e052adc99ffbf847fd4cb394ab2c9ea392bc9c984dd57c7d38cdff00c8c9563521b2e5546d2dc474d129c6a532eda7dbd7b1a6cf671b2b978ce2caa59994e172cb2ebbda0f11af22478dd767a9b3cb70708644d3801640d26ba6818b2a72aeab26bf65ec8a450bf03d86b2e9cb579318d7659dce133761adcfcd9c16c732b55c26a5e9c1fc9878f6ad6f309e7ddb3ca56ced9f7084fda04bcf865137dbd9e605ea5f2b224975d20210508460be12e8064000000000000000000c57e47a15ce6dfe58a6d8197b5f70515656f770edfc3ab8aa62fa736fa699ab4efb91e8b26aab6f42744fd94c2e9d100a6d85f4d5741f719c1497f0d76020000000000000000000000000000000000000000000002738d7194e4fa4976d81931aa54590b7f438b4c0d4a769a9b7deabe97dbfba2b5cbdeb2fc0ff0027c3eaab941d4d11b4e0710a6f6bd79b9a9f4c655dc5f07c3220bd5b2b7ed1235e9742c39593c5a2562fcce0bb068e9b7faddb47c31ee5ea28a6e06f159466db6d8dababbba4d49fc2455e5c97913ae7751a8bbd25f781ef9c2863646067c979c21351b205aa8e41a8b3155b0c88287e5eff00b79115a3c779451b873a64bd2beb82f38489c39bc367a8872bbb2e89c543c1ab99d230f63879f4fad8d72b21df452800080000142c376e9b9ae4c2fedd79b57b4cbe94dcbe5bf479d7e1ddad94a754c2a1e8d97e1db8dec2719b76cd7a692efcdb2ddc4b0b230f06df5e0e0ec9b9a8fd948afe672bd7d3d5b76aa5db7fbc0baeb3690d8ebf1b2a15382b21df4c0ce0008000000004a71845ca52492f96fd905938dd7ff58aff00f891ce393e6ecb3f76b4583350528a73203178c67d97ece98654d5b86bca1efed20aecc0aa707dc656762e46265f6edc52d61000000000000000000001cf6efe9c7ab7d937b1f69c9b20b9370dfc23116551779c17b4cb366f3da30b3eec786239c6068ed79ce1666b6fa5e2cdca70e920ab870debfc39aeea4dfe464b9ce38df348555606befc64bb6a10703a381e73b5d879f873c5cb879552e9cbdfaf8209706e35fb624fff0036648f21c2ceccd6db560e4aa2dfbb6d149a74fbdc7708cf90c1c97eb4a6da88235f69abc3e39c9351938ca6e9b7b4e1df6ce9853759c65dfb08e76c364b2dd5ff00094597205000100000312d86beb9b8cf3298cd36bc5cd27ec652a9b9e15a7bde76c276e4c27d4ee928c80b5ad8603704b2e9ee5f0bcd0b76badaa5e3666d107fde691cab88719c1db5593939165ae0a4e10499bbca7866bf03557e7e2dd7f9d3d76a730ba8e911929454934d35da69f69a069e82f53d16b25d7bfd2d66e04533fa8b4f7aec0b9a6eb865a5345a69a745663d12aa38aea50eeb6baf83c6ff004b8dbac6ae8c8bad84233f3fc8575f00d5c3e3373547eca61569a169acca4e958deba8fb7874a5d198ae6bb846af5d9d56655919529c3e14a658c0153d951cb68bf2650f4737164e6e15f5f9922d8012e945a3936b758fbcbd0dd876cbed596ac4dee8b3eb6a39d4cfeea6d2242caaab62e365719c7ed249a2a546a388f23ab227875284a12ea6e09d528322f4b6c3c1c20e1d7874bc7af8e8d2e4954f2747b4a29b22acf419bb878b0c3c5a31a12938550504e4fb7d220775c3f036f91ebceeb6a9fb79781510da5e11a5bf598576541d974a3dcda9b486eb8060db1a1eb22a8e9fe74db9171d76153abc1a30a89ce55d49a5293edfbbeccc0476b78d6af5572bf12b9426e1d4ff003b6992200400000000000000000000000000000d08e834142ea1814237ce73b0e33a6d6b71c8e4591576d4941cc2c4df2ed26a63a3cbc8863c2b9d30ee0e24d713badbf8eeae76c7a97a3d7fb41b48a3e1ea38eecb22984b9164dfefef54e7face934515635155354546bae2a315f6481400040000000056f936a74b3bf1f3f2b29636446514a7e7d7928959cfc6e37b7dc4f21ee63085ad29c13ebccd9b306addf39cfc7ce9b9d18d4270ac60687579fbfe4b876e2c155055aabc175e015d075b8785858755185084694bdbc7dfb055782cee8636cb0a5dbab172e70aa65a820fae9f7f0536fe51a4c6c8ba8c1d54ef9d0a5e6eaa934922dbbd76c74bb4954da9ac4b5a7fc44a3f10960be2fb375787d5aaaef5dafd61633e1f34d45ce95918165354dfb5ae0940bb4a8c6b6555d3ae129417e4934bdbbfb1cb5cf057f4f2a85ce2ef737e8afdd4dda4c65e1723ccbb478d19ceac4a29a6574fcfa7291157a31ed75d83b5c2b31f312f4bbed4bbeba68c851bfa877ce70d5e026e10beeee732a3433ffc3f93aed6e0adb2eb0dc9c26e693916fe2f85a6c7c4f575f2f394dbf39b7dccab722d16b71b378a6153447d19dd384fef34bc0d9c68435fcf9e2e1cd468bb1bbb698fc47a8036bc800228fcbf0b8d7d643233ef942ef049d753f7923c6cf73c5b7cb128c9c86a109b97ef0227575e367f36cf5b48af3ee7e940d2c6c4d53e33beb7221085f0ca9aa82bae62c71a3858d5e275e82ae2abe9f6bc51e8aef068647f87b1bd66dc1b9b81620800000000101c9b9255a2c54a1053c9b3f4449f39a73fa270dceb332eadbc455420c0c0b90f37f0864cb0acf463dbff00845d38af268eeea9d5641c72a95dd866ff0017683e95dbf570e943de0543863595bedcece9a9c31dc5a82fef3905747000400000000000000000000000000000000000000000000000000000f9b7ff00eccccffd99f4f1b9c7c9cad665e3e334aeb21e316cb8dd652ff29978bfd3956b5c547aeff6255c92e8c187c4f794cfa9d50fdbf329a24a5c6b652b3b55c62befe5ee7d09cdc77ce4f15e2ce7b353bed06fa36df1bdba7f91452fef3ec2e33b697b4ec45f9bc5fbd9f95c9fb5a9da67ced1b8f8c6d975e0e0ff0099747a8f1adc76bcbd2ff663e7717ee3e4f2fed69f9451a7b09c238b7f6fe60c98a78d6d7ddcfa8afb7699ad9bc4b67741f6d4d76bd9349b462f2f16fea6a70e7ef16ce2a93d261cbe5f892662d3ebff000ec0a71dc9b504653c59dde595fe5ecc66b190001968000000000000000000000000000000000000000000000000000000000000000000000000000000000000000000000000000000000000000000000000000000000000000000000000da63c7275f9754a0a5e54cfa4fefd10fc3a6e5a0c48b9f72839c59305538b7a983b5dd6aa5ef085be712fb55f65ac0044000000000000456d3936bf55971c6c86d49c14cd45cd74ed26e7d1f792ea75bb1aa2ad9c2bb7b4a3334b5f9da7941d3b1c5c485b0ea1e5d2f07d7d8f46386170dfa2d44c55b9d2e47bd6a994bb4d3714bdccf5ef31a77c288d56372ed29f4bc1b3561ace3d97056551835f78324eac4c1a5c675d30f28fc4ba5d98cbe5cf6cbfd59e3b64001c80000000000000000000000000aded36b543371b0950aeb6735dc57bb822c85032b261a3e6366565414316ea7a53256a24b73b0af132698d785ebe4590f7ae0bb9be89fd06e6adae24a4aaf4675cbc2757ef12a7a79accdbe56e5d95baa15caa8125c3d2bafdc66420d556e47b03daad02e84675ca1249a6bae983ce4d9e95729f5df49952285ade37bdd64f2a78d9552aa73efd3245e1f2977c251c8a5c1497b464d1ada0cacbc9c7cfdae5e47e99cbaad3f65e044a96feea7336f5e54e35c1fa91ad4bf68915d368f5bd287afe3ea75f9bc7e01e75f9b0cdc2a32609a538f7d33d15900000000000000000d2db62caec0be1d3f7ae46e8b6ce94bbebae8559e5cdb8c6f72b594bc1c8c5ba7e126d3486f3719998a34d3897c23da729cabf8242ee44bbb3e8f0256c6b7f9e4a267d4f2dc7c8b5579984a8527d42725f245d336b795d719e360bc2bdbf6829f45b04614b5194611fba7d02a50001000000000000000000000000000000000000000001978d0cbc6ba893e959071ed7edd8175b0a6a9d937d462bb6fec8085d4f15d7e161aa3229aef9f9b7e72466cfe2dabcbc79d50a55536ba8cd1f6ae4bacb63ed935a62be47a9b2e8d2b321e6c8d6b26e63e975d8df4d3af1a15cea8249c3d8ce62fc4f068c9c7c59dca375ffa23fbc8ca54bbf7696eecd64317ace856ebf25faca4479071eaec75c7025287efe31f69f44a72b754361aa864c9ac49d9d48cdb958789bdd025184212f3f88afcc15b38187c5f794a9d58b5392f7947e2512c383abc0d745c7131e3527f2914da29c7c4e5ceec493847221d5b5c7da05c82596000080000104f94ea29beca2eb546d849a6a44e950cdbb49f8ebc79eae16db6454dc924163d6db79a1cdd76463b9d5394e124891e14ad5c7b1159f79905b6d8e8753918c96b6137ef26d413f12eba7cec5cfd7e35d8bd2adc17e5fb01900010000000014ee49c776176de8dbeb6d51b60a0a66867ebf9057b8c89e13508e44129b713ceff0063b6c9e4346b35f3f0704a637d9fbaccd9430f5f7a83a71db9855af8de97f09c572ba7e7916372b664b955e15bac8cec5bf1b2dc9df8bed3722d40a000200000000000000002a7aee218985b4cdc86d5d8f3f7ae132c5b1d0e067605f88ea50538fb38fb74cda01768cd66830b5b818d459085d657f136893002217996c2fd7e8afb286d4e72552641eab88ebb2b578b939f3b722eba0a7ef3692ecb7efb555edf5791873978b97bc25f6944a0e164f31d1c3e81604726b87b5720b1833f5ef896fb5f9585397d1defc270933a6142c2d3eff75b5a733770756355ef1a4be828000800000694938b5da6ba60f1b2f569d667d94ffc68e35ae1fca881cfa7abd8e9b6594b53b2a6baaeb7daab0cd91a8dfec7229c1db6ca88513f9ae0fde7d10fabd0d3b4e379db3bedba79a94e709f9f6fba890daa5b2e1b87ba76ce1998b1494e0fef3f0234e8d4d35d14d74d71518422a314bf64818b51992cbd560644e5dce78d5ca7fcb4652b2656c3070bc3eab2aaa9cbe14e4976795b9d4b4dfe238dff00988a273fa564656931e535084e72336e78568f1353b1c8aa1353aa99ce0dcc9b5d2e2b77a74937b2c549fc77644cd8b9b879b094f1726bba31974e5092924ca1f1ee27a5cdd161656550ddb3836da63fa730505b64a7f17017c28799bde650ceca86369e6e985b3507e93ea5145f0d5cedfeaf072aac4bb252c8b26a2a0936d390a29b4eff009b4d36f452f6fbc1c480c0c6e6185b3b7638fadba1ebdde76d3fb4bcce9bb6e45abd3b8432af519c976a29366aeb7976936392b1a9c8eac7f0a49c530262994e555729c3c24e29ca3df7d3fb0b270ae129ce718c229b94a4fa492fdd83579160e4ec74d9b8b8b3eae9c578951b55e4e35a93aefae69fef19263d4ad7bb9c7fea72c870acdc7a549edfd2b12f7507ec9901b2c4c8c4f6ab6b75d6fcb4a6c0ee4b228959e9aba0e7d77e2a4bbe81c7786519cf9161cee57a8fa53976cec40000000000000000000000000000026dc612925db49b39bf0dd5e26ebeaf6bb3ff003ef57b82533a4142b78d6db5397764e83322eab7e680b1bdcaf8cea16ab2f369a2345f443cd4d12fc5336ec8e3bafb6f97767838ff00b41b48aa656b7936dfd2c7da6646ac54d79c21f333a1e1e353878b4e3d2baaeb828c400002000000094e11ebca4976fa5db02a9b8e3796f7d8db7d764aaa6e5057223f338aef6fdbecada3615534663fcecbdf9c5fc490728af9920a8fd36b2bd4ebe9c284fcfc1b6e7d75db64804d3f860222abe4daecadb3d5529dad467e735fa23e254b2f3b8e6af3f615ebeab6eb72ab75590a3de08d2e31187e11cafd92d8285fff008d2f02c9c1b17590d3557c630793649facdfcf7161a56b40b88559953b7cd5e9f505733a814be7d8daa86ad3f420b31dd054f825d974a54e34d4a7fa941297f3d04a11fc8f4156fb0950ed75d90979573240045336fc73799987a0556543eab0a1353b1931a0e3156a2dbf2afc87939767cdcc9baf2b1ac93842f84a5f64c05000110f97c6706cdc476ca73aed50e9c61eca52fb95d5fd3dc6596efcacf95d0737375f875d97ab2dae984a764d462be5b7d20a519454934d35da617b31f1e9c5a2aa29878d75c1460bec900a517f0d008000000001a5becdd3518be96d2d82859f107f2fa374e69cdf194f926ae798fac39d70801ae97035eee3ece5f79975e3bc834f9d6cb5d8154a0a9abb8fd9c221715e3128c1c71aa68dcd568f47adcac89e1422ad6979fbf6d20a920004000000000000000000000000000000000000000000000000000006464518d4ceebec8d75c7e6527d240d1e4cbcb4b991eff68a65c66f293ef532ba96fda35aae55a792f6caabfea7b8f26d4c7d964c0e5baec18b8c534ba259e1c7e22bd8f6cf86c3ded78f2f89cbda2f91e49aa87696440f0b94ea21edeb145fa181f7e8a1d2eba35f85e2fdd59fc4f27da2fdfe27d634dc6d302e4baa87bbc98148fa3afdbb498fa1a7fd287e178ff753f15c9fb5775caf511f6570b3956a698a9bba2523e82ae92e97b2f6233678318d126bdfa5edd99bf0d84bd5ad63f119df31d8f16f593546f8493ae6bb88357532947598b07ecd566d1e2ca6b2b3f97b25dc94001140000000000000000000000000000000000000000000000000000000000000000000000000000000000000000000000000000000000000000000000000000000000000000000000002b7972860f2ec5bd34965e3b84ffbca2590acf3282a68c0cd82879e364c4b171f2b3009a924d3ed35da0440000000004e5e3094bec9b02c8f9c271fbc5a039f6938f55bfa7f15d93ee7737d457b7b449f7c1b46e0d7a24a71dc5b35fa5c5a2e8f8ce117e644e4f2fd561df384d4db89de65cd95b30b7a5b7ba8cb3805157be2675b54857a8e55872abc363e6bef28af626f0b9869f2edf076b83fdbcd3489caefaad49c24a49aed34fb44cb2e69d64843c9462a4fb974bb6003880000000000000000000000000ba8a6f8f8db5c651fb30cab6f3797e2590c4c2abd4cbb53e9058b4aaeb55a828c7c3af8ebd82497c239dbcfe718aa16cf1232affd08b9e837b56df1273f78db5751b62d75d481a489f2fc785d0716dafb34cfa78bed8d15bb26fa82f96073da31369ac85facf18ce9bac93567ed0ecb16469ef9eaa8c2c3ba2ab7ff0017fb26406353b5de432b32dbe74510ed55e9bebb4bfe63063adb60e14b638b993be117f9eb990748c4c6af0f1eba61df8c11f46064c72f0f1f223f1641305400000000000000000d1ddd173d6e53abb73554fe0de16d8a29af6f8f7ec2cf2a2687269b34362efabe12929a7fa8d3b6fab2b8fe252bc677ce518417cb2c1816e9aebf2ebc7ad297fcea31f646b60e6f1dc6d8431a3656ad8cdc63dc5ae986eae1ae84aad7e1d734a3285108b5f66901f2039800000000000000000000000000000000000000000000332554716f76c7cab507e4bee80b6c8575ca737d452edb04f2e695667107638c757699e399c39dd0aa7afe9b68bad597a1949c93c45efecd25db2a9cc6ad5df875e462d74bc88ce3d4e0837bed72b351abbaec7c978f17655d384fec6c0c594e58d44a715193ae2dafb3e8066b5775a5c3dbe14a8c84fef092f94c81d9712b73a9c053d9cfcb1be26e25a00368fd468713589ce3e52b1afcd39120002dd8000800001cdb03331f49cab6b5e741454e3dd5267492a9bfd961db94f12ac086565c61ed0682c45eb656e3606db67938ee72be5226b8662dd89a9ee7daf5a4e7d35d7457b1799e5d74db1bb4fd5354946f697b40e8d8793465e2d19143eeab20a50fe18000040000000073ce4f8d9faee4b8fb4c4c49df074fba88d5616cadab6fb374b864c93f494d99f91f30c8c0ce7838b8d0b24a28d19f32de47164e5aaea1e0d361565e1ba6bb5b8b7df90fabf21f7622ca71dd5733de63dca772776339a73fc9f113b15562b2b8cd26935dfbae82000000001ee0000020000000000000068ee30333330bd2c5cc96358e6bf3a441438e72549a7c97bfff00a24cef61ba861296a6109dfe5d38c8ac513fea3423ef4e34ff00f1b80569e34f79ace57aec4d8ece56d5383e9fc459d14e6b84f6f97cb3069df2f467554edaa113a5028000800000bbcbd2b3c23dcbc1f4be3b60f1977c3131327225fa29aa737fc45760731d4eb797ebde7d98b8695592da941c9192ae3dc9dead69dce15e2b9b6c9ce33b0dae54363b9ccc94b0bc24ababf65e057dedf93dbac7c8a39908550b543d049f849115d3b0f1e187898f8d0fd15571847f889ecf1839d5e6e163e543e2dad4d7b35f27b2a2a1cff0326fc2c2cac6a2764f1ef23b2b96c375ac7adc4c49fd5e52f45c7f687658393721968a38bd62ab7d56566be778d8ebd4fc1157dfc38c48d6ba63c3db6ff8ee17e172d4596ca1dfa56c09fe15a9cad56bad7950f0b6eb1c8d1ff1c6c67ef5682f9fb7913fc6390dbbcc4bf22da615785ae092089a39c71ac5c4cce53bcbf37df228ca93abb7fba99d1ca9eff4fa28e63cc7b45819b34df6ac50f2604768f55899bbedce46cdc27915df28c29b3f687ed21ce34daac3c0a72f16aaa8ca57af0505ef61a30d06cf6595f8962ef2a95bd28f9d7f2d22675dc5a17665776cf6f3cd9d52f3854c0b96aa76cf59813b9356bc6adcd35d3f27135b9061e5676a32f1f16ef4ae925d4bf87d9b26af21a7657ea32aad6c9aca7d78f525165471c9f13dec26a77e34ec45b30b7da8d64630c9d34e9ffbed79230d3a6e7ea093cff66bde2ed4cf17719e5d9b47864df4017cd5f21d5ed25e8e25cbcd43bf1378e79c5f886db55bba72b2543d18427eea674300000000000000000000000000000164236d73ae5fa651717fb7b329757f4eb021d379f945d326374f1af8d33f0b5d725097da4d7b32810d2f3ef673ddc23fccc2c69726e24b5daac9cc86cef9aa9c7f24fed3924746d0ce16697593836d3c6ace67c8b5dc97170ea7b3d8fd4602b60eef0f66752d6ac68ebf0962ff00c05443d2ff00c3d02800080000101c8789adee4d173cf9d2ab4d78a8764f8038fe2f11793bfd8eaaaceb638d8f04e5638961cefe9d63431ecb3133ee56c22da5336f6da7dfebf737edb4bd5bebaeacaa461b73f9cec313e9e1acab1dcfb84ee520a94e01e92d04147f5aba7e6598d4e3da97a8d5518929a958bb94e5f7948db0884d9f10d667e44f2a12b71f2269f9cea65667c6341abba4defada6e5eeff3aecbb6fb26583a4d8e441b528512f0fed27ec9940d769b07fc219fb6be0edccbf1af939c985db355c4b8eec6df3a37d3b6cfb29c4e889749239264ea71b1b886bb718ca756645aeec84beeda3ade2ce56e3516493529d71934ff006ed77d00293ce326e93d769e8b3c279734e65d8ae72ed1e5672c4cfd7c7bcec59a715f78022bf9fc02ac4c1f5f0b327f5542f334f034dbae4b8bf8b5bb89d337292aa26c2de728deafc32ac358f24fc32ae89b0f51cbb4ee783a89c6cc3f770949a4d76437533c1763979daabd65dcecb28c8705265988ae2ba37a4d5aa6c9f775b2f56d255aed345471ad84f3797f219d145bfe4c3b50fb42112d3ccf6597adc2d669f12cfcf6d4a1392f96a3d40a8ea7267c4b915eb2eb7e2ab941ff0012f74c93c3cb9f27e61837babba29ffa750ee4150d9daedb7187aec9fa99a77753e97c2944ee117e514fee8e47c872b337fbd5aac7adbaa8bbc3ff00c8e6ceb95c15708c136d45249bf9000008000014de5dc66cdae655993cf853442950ea65c8e77cb1e56cf7f81a15728513509b03c2e09931a20deea70813fc578ccf4f959992f3e191eac140af723b2fdbf21c3d262e4ca14c21d4cdae09957c363b6d64a72b2aa1c9c27fc4c2ed7f0004000000000000000000000000000000000000000000000000000008fe4f370d36535eeff27b7fb920467255e9697265fbfe537c7f5e1fdc673fa32fe9cf359d784992a466b7a54a24fb3e8df2f9fecf8c094d23035952ad4bd29a93ebf29a9fdb2cdd33ef6788c32faee74f513daf16bf71fea89b2376b26b167d1269919b59758b39231eed4754d547ac0a3f8030978e250bed040f9b97d597f6fa18fd33fa000450000000000000000000000000000000000000000000000000000000000000000000000000000000000000000000000000000000000000000000000000000000000000000000000000c1bec5fabd4e5d2bf7899c349a6981834373bb51832fb5304672238ba9578f9d8cd7b539934992e2adf2000200000000135e5092fba285c4f5b870cacfc3cea14f2158dc54cbe903bcd64eab61b4c58a5663c1f7fde274c2def1975b19efe2ba7be539fd1c23298d471eaf4d65fe965592a67f153f8890d87cc2cc9a3cd528b1ea37956d1cd42b92ebf735963cb31eeee0dd001c40000000000000000000000000e7db6ccfc1b9563645bdcea9c3a99d0487dae56b31957766c20daf68f92efdd92ac799f28d72ad5aad8bfb47f72a5a2dfebf1b3361997c9551be69a89255f2be3eaf509e23876bda7345a69d7e933aa8ce18b44e1f6f14d0d51b585b1a33a857d2fb835ec7dc9a2bbe89d535da6bdd77d0a31e9c7ae35d55c6108fc462ba4882dcdfbac3ba2f131ddb438f530b26ef487d2e2ecb56b27597d539d526dd567bb488bd6e46c678791ac85126fd5954edf1fcbf2d32eba2cbd9e55364f6386aa7ede0992b18420ba8454577dfb2e81e0d7e2c70b0a8c78fc5710015900000000000000000d0ddd590b032a752edfa527d7f08df0d26ba60730d56d288e8ae75b82cc763ee2fe467e16262eb7168757fdaee92b20fe65e48beff0085b4ff00572c9547537fb2f64494b131653aec9515b9c3bf17e2bb41ae9875b2b61adc384d35354c3b4fe4cc0064000000000000000000000000000000000000000000003cec1d0b0eff0055a50f07e5fda27a196aafa7b15bd7835d4bf80b140a7138634a51b612ee7feb37f171788432a8b20e953edf4dccf3087099dbed0839fcfbc4c39f7f11c182be35c2534d350434abb2da612caaf11d8a16ce3dc20ff747a2170b2b45bac9c3bf1ec83c8a23ecbbfcf14d13412bc676db035be1f5572ad35ecd91ab96693af7cb8265779a538d3cdd74b26cff00294d77036615705ebf46325f1ef122ea699d738d54335e33fd3edd5859e8beac8aa16d5352849769a29b83c678ce567db6e2ca36c3c3dea2e5afc0c7d763431b1d355c5b693612e8001500000281c76efa5e5db5c6cbff008d35dc1c8bf956ccde7165b3f3c99416652faf3f00b15fc1d9e1e267728aefb23d4a6da87facb3708a1d3a9efdfc2737289116657067996664e75ce6df65eb5f938b958745d8bd7a3282f0e8000020000000023ece3f80f72b6dd357a81212ae1384a128a7192e9a23b239469b16eb68bf294275f49a678972cd07ff007c601755b5afd2e06aabc88510f6b65dcfb7d9b478c0d9606656e58b72b22be5a3d80000400000000000000000000000045ef7619baac4af231b01e537628b822b35f32dfcff00fd59bffe932cdbecfccd561d5958f87f51fe6a538159a79a6eed829ad04d86a352a86e790eff000b3efc09e0d78b0ff9ce8a53751cc33f3f7746bafd72a1cd3ed32e4128000800000cfc6facc1ccc5f3f1f5a89d7e5f6f35d01b1ca787819b94a29ba689d893fddc176072f54726c4d7cf8e4358e50739a592be1c264fee343b27a6d7e970d41d092575a7ce319bb2b71f65bed8dffe44ea6e10fda2a0567eb792475bfe25faf7d3bba747cc3afd0469d630b1a389878d8d17daa6a8417f115d018590b2b0f1b212e9595c67d7f20ac853bfa870eb495750f8bd17135f7fac5b6d4e5e1f97529c5383fb4a2fb4067d7d917adc2b3bf678d5cbbfff0004a47f4d57ff0046e77fef2472d573ea70debe1641d1e1e927e71f6817ae37a58e8f591c5f3539b9b9d9222b7ce73a3d5e16ff007bbfc9cf4edf432faaa0d9d18a26d341bfd7ed72763a29a6b25b7654ba88235392eae8d5ed7027817bc5598d556c20cf1ca7438da0c6c3d96ba7385d55c94bb939799b1fe14deeed4b237392aab94546981b70e27b0bb2b0dee36d1c9a6892f083f89855db06e77e1625ce3e2eca613ebede4bb1b5cf8eb75d979928f6a9adcba118c6118c62928a4924be12444f32a67771ad9461fb4233ff00684d32b2a055b7e6bb953bb0a12851db70ea06eeb7946fb5db3a35fba4ba9fef3f666cf15e61abc7d6d38596d50e88107bed8c392f22c0a75f5bb6150575b000400000000000000000000000000002df53d2b3d349cfc5f8f7f1dfec73fab63fd4452ee7af8497f7844e8190ee58f73a12772ae5e9a7f1e5d7b7650a9d9ff509a496b2861583361cd3738cf032f0eaaa8ba715399d13071fe930b171fb5d555460bf88ae8e71b3e47ccf5aa8fabc1a28839fb4d47cd1d1f12cb2dc5c7b2cebce75c64faf8eda00000800000000e771c4cfe4fbbdc77b2bb1eac59baab841bf981b9afc9dc6e78ce750ee9d59f876f879fddd443c3796ebb956daec1c5b6fc4b6cea708aff9d235f077bb1d74b74e1816b7b1b5cf1d25dc632991aedd0b88eceed9e931eec89f9de9ca3364b10bc3b5b6ebb47446fabc2f9b94e64d1593331a19789938d3fd3755283fe24ba28f83a0df616b37bab774278ee96b18bc0f28fdd01cf753c4f7594b169dcdfd60d3f18ca47420000041f20c0e47957d0f59b0ae8a231fcebb716053751accbc9ddf25bf0731d17d1996a87d9a7365a35bcb3acb781b6abe9b257eefda3229da1d2728799b574672c79c2d70b6536fab264967f09dfed2e8dd99b3a1cd20d3a2823b8c6b33757aa863665ca7779ca44886559e4bbae39458b1b3e885f6c1297443d1cef458554e18baf9c1155e2baaab916db3279f36d28bb67fddc99d45f0ee3dff00ec100aa9dbfd46c18773c6d4c9cdfcb6d44e86442e1dc755919fd04497080000000014de5ba7d9bd861ee7569cf22a4a0e0917239ff2ed96cf2b718ba2d6d8e0fda4dc64e0c0c9c6749b4587b8d8654250ceca84d54a71e9c593bc478ecf4d8d6db7cfbcac9e9d857b916f3713dd4351a9b7de1592dc2b759d9eb3f0b3bdeec49fbcc2ad400080000000000000000000000000000000000000000000000000000113cb9f868f25ff007892c42f327ffd0572fbce06f8febc7fb6393e8cbfa523060a30f64481a584faa97bf7d9bbf27d0cbcbc18f88d5b27e1958afc54bbb3c7a3a524bc57b2f839665384b2f060ff007bd7c3699d517c23cbf11e307ab875db476b08bd65cfa49aedf7fc141c6bd5f0535eddfec5ef7b192d465fecdd7239d6ad378f097dd1be09be3bfdb1cdf5a508dd97bd5fbfcaec923433db55b4bafcdd23b38ba8e2aeb1eb4fec055ff0e1fc207cebe6be84f100011400000000000000000000000000000000000000000000000000000000000000000000000000000000000000000000000000000000000000000000000000000000000000000000000000018b16b863e7e7fba4ad50b12f8fba66513afbbaab3ce49c53fcabe1f7f7016800080000000089daeef175508caeedc9fc417cb342ae63adc9a271b93a1cd35d4cf5c8f596cefc2d8c545c719fe7813793a9d66c288c9e3d53ee29c27d23b4bc331c778ddfbd2abdc630f02fc1952a709baedb1a70fb39162c6c3a312bf0a21e2bbece71b3d7e7719cd8656b9b755d2f1b20cbdea77b5e5c9516a50b7aed7da48d724caef2c6db89b49800f38000000000000000000000000142cda2acee5d5e3e67fc0aaa72a7b2fa406ef0b5d957e2df75ca8b699b6a49f5da4458d0b618ab982eeb8753c43371b4a9da6ce9c7ed632927d7ca3533b0b0efccaf356d234f55a83945f5da2d3a7af594c6caf12e8593f67634556d001b4832028b9dc8f612c99d3adc6f5fc13f2306bb9be7c27de7e0386377e0ec26d74e82042719c63384938b5da6815000000000000000003c5d6b82727efd26cf668ed7cfe8b21d69f6aa9b4feed22559e5158bcbf5bf552c5b1b84c99fc670ebcba71adb230b2c5dc1365275b87abcee3d3c8b3afa9f7537f66867d5899fa4c5d929b5914c138d917d3520bd3a001a9b276eb306737dca5441b60ac80000000000000000000000000000000000000000000036d5bb75b995af9954d202f9c2baa729fe949f608e7da5bb8ee2e1baf21d73bba6db91b39b0e27b1abd0a9e3d37f716ad23e9de6a29cbf4eed1c638ce7e35dce24eec32745afcda29c9d6c230b1466ac557714991a6fe155a1c3cda298e3554e4ca2bc25feb2704f070efb28ba744273afde1269368152bc6cf0f579552fafaab9461ee9cbdba23ffc3bc7722a696255287eed48aef2ba259fbad5eb6cbe70c7bfda7e235fac7a0df2c0aadb1e0e6d4fd9bf89915878b605dabe43b3c6a286f1275770b4bd94ad13c9d5f25d8eb6cbe76512879d4e6cba84a000a800001113c0e2b95936f9d5893bfcff003a6d79764b955cae07a8bb26cc9793949cff006530b18b926878ecf5b916d50a2abe15b75384c95e17679f1dc1f6f84d159ddf07c4c4d6df9387937f9d2bcfc2c9770916de277517e830274c210fc9d4d4575f9d0126000800000000abed7896976b9f765cf25c2734935122365c1353560644f1f27aba14b9a3d6e3896db2b6b75f8b9de963c9ae927d78913b4e29bdc3c0c9bbf12bed842b6e71f37d38055a3fa7caa5a47e1df6ec6e65acaf706fa4fc071fd0f9f7f54b0840000000000000000000000000000476f3778fa2a28bb228b675d93f0fc84257fd43d24fcfb8dd02c7b6ced563d305b1952a894bdbd48f926d11d46df893f7aacc2fe541222cfe951a36956fb99ebb2f121355518ed5923a41cee37612e71872d3f5e84b1ffed2a9f689d10a500010000019f8ab37072f15cba57533afbfb792e80d865c707072b2a4bb54d529ff00d101cbd51c929d7be3cb17c6b539c3ea5aea0e0cb1ef341b3bf5781a8c07058b0495ae441a8721deeaf33657673c5c684273a6b87b29a46a635dbfd46ab037b1cf9e463cfdada26c8d5754c7a218f453456ba85708c23fc4574051742fa29ba0fb8d908ce2ff00b49760acb16466e161f82c9c9aa9f3f873928f6795bfd1ff00f7d713ff0036261dc71cd66ebc1e5c27e705d46707d34432e01c7534fc2fff007993b5e911bce4f3d66d70b231363464e1cfda74c3a6e28beebb638bb2c5864e35b19c1b6bd9fc3fb32025c1b8e4975f4b3ff69935a9d46169f19d18aa4a1e4e5f998195b6936976faf8284f97f21c4bf2a17e82d9c2127f0a6ba45f41440eaf9a69b63e1176fa16b975e16915cddb79dc5fc27f39a5836bc574db3aba9e34299fed6d2942673ecdd2eff136fa4c6beeb32b1619917459f65d907544ba491e361b1c3d562bc8ca9b8549a4e4a2e5f27b1b4d760ecb0e78f9b14e96d3f9eba68a8a0e5d9c033ed9644e705649f9cdfbc7b24f53b8e2589955e1eaeb4acbcd98707e370ffd44df7f7994ccac1d6e8b9a6b6147fc07053fbf4e5dc48aeaa002a00000000000000000000000000001977bc6c4c9bd56ec755539a82f9938aefa2854f3dd8d9ffeaedcff00bc1b65f726faf1b1efbedf6aeaae539ff115db2b55f3de37f1eadb05fdea6155bdff0024c9dc62d5a95a9bb1a79738253bff0027c48e91a9c5785adc3c594d4dd34c61e5f7e8e6dcab926b76f898f85ac4eebe772ea5e0e2e074ad64322ad760d792ff00ce863d71b1b7dfe651f700000800000000a2e4f25e518f99935d3c7ac9d4a6d41bae662cee61c93128575fa09d10fde6cbf9e37383f88eaf3713b49db5349bf8520ac1c7f617ecf538d997d7184adf37d2fb29348da35b8f6b6dd569f0f0ad9a9ceb52edafef272364234391e4dd83a2d86453ed642aea2fece4fa396fe0b9bafd3e1723a732d7913b15b6c4eb1c8539e8f67055b9b963ce2a2bddb6ce678b77255a29e9de925383a9a84dbe9c5482c49f2aa33f59951e47899f24ad9550747f303a1573f52b84faebca29f5fc9cd6dc5e49bfa3035393af78b8f44d3b6eece94924925f09028015edf6672ca7615c353850b71dd29b72ff005845531b69c916e37b7e1415f4519738ceafed165fb49c830b715750928642fd744bda68e67a0cde530cbdc2c0c4aac9bc9f3c94fe14cf1b2d2f2bcecefad86a3e9eefbd33500d3ae834f8ebd9bd4e3fe270eb24dcbed545175cd36ab84a6d2f97e2bb0cb926468b9271cd8dd7eae164eb7eca75c3b166eb9ebe92a3263fc506eafea5e57efaea8ceffa96ff006d68545cf67cff00ce09c32d7f141d6ce718ff00d44cac9cba31d6ba1156d90877e674700000800001cf39253b1d4727ab7b4e34eea5c12f6fbb8381d0ca0eff00986c75db8c8c1a70aa9d35a881a7a0a3652c6e47b97893591383fa74e2dcc9ee0da7cec1a3333b37dadcc717e0fda68adff8fb710abdb5108244b6472ed9c38c51b1863d4afb725d4157a06a71cd8e46d34d899991051b6c52efafed268db08000000000000000000000000000000000ec000000000000000000040f367ffd08d7def813c57b9c3eb4d0fef9559d38bf530fed8e4fa32547053f497d8de669614a32abdbf6375247d0cbacabc33c446a8b9edf0979a5dcbb3a99cc6af05b9d7a6976e52fff0011d399e4f88ff87a787fe917c87c63a6bfbfdfd8a0eb578d3e25f39347c34f3fcfd7e7287ac7de3a6dfe6efdce9c1fa57fb639affe9afe12244ece32718f8b69f9244bb22f364de461d697ebbe0bff0099d6393aa417508afec805f081f35ef9e20000a000000000000000000000000000000000000000000000000000000000000000000000000000000000000000000000000092ed75df400000000000000000000000000000000000000000000000000000000000000000006935d1f2aaa34c63082ea097c76df47d007cc9a29c8a6755b1f284934d14cb78e65e25954297e7529fe5975ef1ecba03533cb1f1421e7e10f36bcba5db5f7003bea567a6e5d4baed26640000000000000000000000000a4edfd2cce4d89859d3eb19c1f4be14d9762b3b8d3e0ee736b4b2ea85f4fedf13416379f17e37d34f1a3fc79b24759a8d66b1def0a9f0f369cff3391599717ce50ffedbbd24be5324345817e14f2d4f3fea53947b6ff52697ee04e9f2f527535147d136d260513885d0860ec299c1c2f77cfb8cbf5742aba9fc1732b975ea4ecb7c63fddca461a7738b6654edfa0b617457cc63ef3e9982ade6af1adb1d98b385ce5ed0947eec8abfe828be8d4e2d77bee693364572f2ae12f1f1ed77d7d8159000000000000000006445595ca3d7bb8c92068ed653a30eeb136ba849fb7ca49058a8e2f1fa311ca2b60e2dfbc976919ead46be2d516667754ee8cd43cfae8c9a0d76bb67ac867644ec9ce4da7f9c969f12d3b9f6a0fc9054dd50842b8421fa631497f080ae0abae108fc46292ff6019000000000000000000000000000000000000000000000c3b9c5591aaccafcdc1fa4da92fbc7dccc79cd9d3562dd3bbfe1a8b73fed1fdc2cf31cff004d9d8795c6b230ef50f5a853ed7c48d3cfd8e36cb8754a7d2ca572843efed326b1b1f8539bb61745cdf6fb665f478656d4d7a1f3dfb8e9a5bf5be7f876129feb54414bf94811f83c834d937468a32e129bf648900cd55b98606c339e1fd1633f56a9a946f4ff00410d9381cb33ecc5c8ba3057e2b5e1ec5cf6fc830352e2afb940afae49b2d941bd662f945fc4e417fc6c69757b1b36d7ecf3e6bcdd2a1e259c82d362ee29b2ccaceccefd48f4a8ebda04e88997900010000028597a8dd3d964fa3bfaa9877fa0be9cbb175156e3946c14726d8535fda7efdb44589ab741b3bea755fc86ab2a9f4ac8fdd16cd551add561538d55f57b2f7977f2ca9eeb87429c0bedc4cccbf3aaa725173f964768788eb36daba33279377af303a403e514aa29856a73928aebb9bedb3e9500000000140db2e5cb737d5836cd63b8a9426e0ba23e6b9edd8f2aa53ee16929c9377b25b35a8d5ffc7e939c88ec8c6e73acc57972c883856bb924fb6156ee2daabf51ad54db3eec9bf3993c45717debdd6bd5d6f82ba1ed62892a100000000000000000000000000001adbcc2d465614a5b4ae32a2aee5db6e3d1ce2dd970cc68b5468e76c3cfaf25d93bfd449cd6bf021e6e344f27ab4d6e4d89aec6d3e89e2d75c2bfa9a7ab12235135c673b8e6479ad763431ee5df9c1fb4cb1143dad4a1cdf58f05256d98bdd8a04b68373bab36d97abd9e32528294e36c4166d6600159000006cf17eb35d9b8a9f4eea2704fece48142cec9e77857e6df08552c4abce7efe1d78408b193437e5c38f6db517e2590b7131ee5fca995ea2dd9edf4783a2c4c2ba304fbbaf9afc9d264c69f73cc7709db462e22a9fcdb246bee777cb74dd42ec7c5a6a9cfdac8449b574ac7a638f453443f4d75c60bf88ae808494a31927da6934c1a6554e4fbfccd6db8b83814f9e6dfee975d915f81735cba94f2b78eaffb89927cbf5db08e4e16ef5d0765f8bf91d6911b47f52211afaccd65b1bfed022be59a6e6dae84aec6dabbda5ee8b4f15ddd9b8d4ac8c8495f0b655ccabddcf727361386ab5374ed27b87eb2dd469d43220e3916d92b271605840949463293f849b394432b946dd6d3698b9ee9a711b6a09f49a4368eae0a2666df7b91a0d76f706febd2efea68ebd9f4cb4d5c8b021a7c4d864db0aa16c10d89234392ea6fdceaacc3a2e85737384bb91bf558adaebb23f138a92fe1907cd3656ebb4573a66e16db25526514da7fa799afa71dcc097d1709fc37650cccbcb574abedc2044e4df9da2e1987d64b5919b6f9f7fba8589c8d4c786db45bfd4d3667dd3fa88c7cd4a6da7e445758001500000000000000000000000000000b2309d738d893838b524fdd347349efb4b09daf55c6237d757cdca2745dfb9ad26d5c1b525896f5d7f0507537e2c380667a0a1eb28cfd6fbf6e61636357cb305e5622ccd12c4574baa6f2f9f2735dce4e04f87ea719ce33ce7550a95f3337b22de5daecbd63a9cefc4b6ba2334a3e7e0d24a4174be00032000006d24db000afae73c79dd3a9e44d7da6e1ecc53cdf8e4a2bfed6e3fcc08ccb9f00c3b6739d58929b5ef0845cc8ec8ae8d9c17e0bc5e87f69d95a8402e96d7cc78ea8c5fd7c09739ae27f4f2e7746fcecaae31efb755513a5018779b2fc2b55979aa29bae2bc57ddb7d14bd766f3bd8d2b32a58d0a2cf7829a2cdcb29a67c7368acf854f6bf94d3450747cfd6060d1899786e6a98284670044eaa3fa8339d6a7954460a69cfa502ea5163fd46a2e9d3553adb7ca7348bd028014edff30cad2eee18af1613c5f494dffac22e35d5554a4ab84629c9c9f4baf7606165d39d8b465512eebb60a51656f90f29c9d1ec6884f01cf0e50f7b40b20be5e345d2ebbea127d0c4c8a72f1a9c8a5f75d90528bfecc349ae981ccffa73561ddf5f0ba154e7ecd291d323878917dc71a94feea08e63b4e25b8d66c679ba47d53fda6a2d1aeb2f9fdfdc20ae615ef937a13e65aeab1e10735750a6a0753281c678a65d3993d96e17791da7545c948bf840000000043727e4d0d0558fd51eb5b737d47be88adbf32ab028c46f07bccba9849d4dfbc089e7b2a21b9d04f27de84fbb17f6533066ec7534731a7636db0bb1278df91fca8b202e77b2a7defd3f5576bcd9d0f4fb4c4dd6beac9aa0945fcc1fbf834436ef75c729d5e5273c7b3cea9284147bed9a5fd3cc4855a79e42be5295f3f787ed0f002dc0028000000000000000000000000000000000000000000000000000015ee6d8d9193abaa1452ec6af4fa4584171b71b2a59b96393e1e1ee210ffea567f7f6e99b4b1f72fdd605abf64be59d381dafc4675c7f0f83976af59b89efb1676d16d70abb9cac707e275100e796773d6dd71c26335117ca31b332b59286256e734df7139ce0616f145c65833475a06b0e6cf09a9e19cb8b1caeeb9abc4dc76bfec13668cb57ba9e7eba7660dca3f530977f292523ac02de7cea4e1c200038ba8000000000000000000000000000000000000000000000000000000000000000000000000000000000000000000000000000000000000000000000000000000000000000000000000000000000000000000000000000000007ccfd5e2e7d3e9dd0f8efc5a6d34cfa00a8c3236bc6e6abbd599587fb4faf7896ec1d961e7d4aca2d52fbafdd09c21645c6714d3fd994fd8693274f912d9eb1bf18b73b29474fcb94efac97cae008fd1ef28db63f50fc97c63f9e1f664818b3480008000000000000054f90e829c8bde762657d2e547fe74ff596c2b79dc77273f68e76df2588926a2a4162a3572bd8aa6ac5be0e13f57c1e435ec5fb41aa86242dc8596eef5d45b37f2353aeb317d09e3c1c3f8447697517ea27975fd4cacc7934ea8ca4df8012c273f04e4d7b2f9604a2a49c64bb4fe50443c791ea1bf6c8a7ff008d115bcd96a32706f8c2ea6564d7b24d132f88e85ce527830f73dc38b68eb9c271c28770645e9b9a4f5bf0ac4f5fbf53c5f7daebf73280540000000000000000064d30b6a9426fd9fb740d4d94acab16d9c3bf38c24d24162918dc4f638b2b5626ca7555397e848dd9ebb7d8f639fe2ea09aff009a08c5a8c7dce7512bde7b827269a31ecf43ba74f5f5f6db5cc8bb5fa8f3f46af39a9cbc17725fbb056f43aedceb950edcc5651e1d384db2c85640000000000000000000000000037d00000000000000000016aadd735675e0e2d4bbf8e811fbf73a74f9b6a8c9f8d4df510b3ca95999fc6b06eb6356b236753f769766deaf63c5f61910a2fd5428b67f1e68d8d25181771995cea4ec9a9f6ff7932173d63e4f14a6f8b8fd4d56a709417bfcf445d2fd4719d1e35eb22ac0ae36a7dc646f0c09d93c2c69589a9baa3e5fcf40a8d1dde8759b782fab87528fc4d3e995ac5d1eff004506f5d9d1caa7bff83288e4df577ecb07535e44a9591efdc06b31f2f4bb79eaaccfb6ea3269ff002a727ef1682ebf94c68f7d979f9776165eb6cc6ba98764d950d064ec70b7d9faace9ced4a0ecaae9fbb702de1280008000014dd971bd8d1b7bb67a5cd8553b7da75172283b0d3ece9cbbef7bf9d55ce49c176163672abe65b187d25aaaa60ff5d8916bd46ae9d4e0d58f0fdbb6dfddb28d8d879b913f08f28f3949f466c8e2bc954d3ab7b3fe7cda0b57d02b5250829b4e497bb403200000000e67bf793c7b95fe2ea873c7b51219dfd42d75b857428c7b1db383494c9fe45bfd3e0c5e3e6415cfd9a814fc6e4bc594927a98d5f69cea22a7382e05f8987919774147ea9a9a45c4f3819d8999894df8d38bae704d747a2a00000000000000000000000000001b5d6636db06ec3c94fc27fbaf98b5f0d154c8e1d3bb4589ab59fd7d3dd29c26e05aecbe9a7c7d4b230edf4bb7d76c7d5e2f9383c8a94bece4930a86d0f18a75364f26dbe7919724e2ee97d8991f51475dfad0ebefe48f94e463dde4aaba1371f6978b4fa076fa000800000d9e34f2b599f8d574a76e35b5c7f99c5a07cbad8535596d92f185707293fb28aed81cff0041caa9d3637e15b7a2ca278bdc1335790ef23c8e886af578765cdce33769b33e45b2dccee5a9d0d1915d6fa56dd13de0f24cdd465d18db4d253854d9f36d50235d2ff8d4ac7c6a295df55d7182effb2e8005651fb3e4daad4e6431732c9c24ea534fc1b46d61ec34db05e58d7d169ef3b4dabd8cd59978555b351f152922a7b0e01ab9277605b6e2dd08fe4ea5dc7b276bd2df973fa7c3cbb6a8af3853392497ef15da21b876c73f67a5864e6daa763b66948a8e46df9271ec7c8c4db56f228b212853948b17004971dabfbdf60165392eb792e2e9f3b79857d4ecc3b722d4ba3ad0862e343bf0a2b8f6fb7d452160e33afe47f4dc7b334f1c7b676dd39aa7fb4665c69e155e5e0eafeb732e51aa85dd05d54209f6a11efefd01a365708d75c2b8fc462a2bf8447f27d4bdc69efc687fc55d4eafe6248117ca6ddc55ae83d557295eef8a6d7ed12a28fafd6725da5facc3d952e18b81352f787fa09c7c773f2f97cf3f29afa4a145d2c8359bfd42f69bc56d1bfa7c9e6b3d9d15e7d33547bb9b6157d053389dbc916667fe2beb787ffbdfbfda05cc200000000000000000000000000000d269a6883a387eb715ec15129c2acaa941d64e5d7554553b6d9a85708b7293f6492345727d035dad952166fd9a3a6e19a9d4d90bd29dd9107dc6d99386a2e49a27dfff0049507aa390e97272238d46c699db2f88a60d56c800200000006bb4d01429f0578d96f335db3879fca85d0f337a7c877fa97086c34eedabf7b69342de1eb0e6e57f28baa4fe1b9f819a9e37465f708f27c9b7ee95a986963d6f2cd2ec5d70864aaed9fc4264a9cfa5fd38842f85b0d8b695a9b4d1d04203c21fe940043a406c76983aaa6bbb32ef4eb9daab4fa6fdd80051b2ec8d9fd45c4a7d9c5e23ae6bf984a65e4d7969f5bf8badabaffed6a1e3df60502f865f08d9cefa612b757953f8ff00412bc8792683234193085f0be7747a8545caea29c8ae555d542cae4ba7192ed32b79ba1e2da3c5bf656eb54e14a5edef322a4f8ae3db8da1d7c2d4d49d4a5d324460e543330b172a0ba8dd4c2c4bede4bb0545639f4e5571d9a8bfd77d7124387ce73e3f84e726df443727e5baac573c0962c33269af384d7702b58ffd43c9c751ad6aa8852bf442bee1d442baa821341caf0f77374c62e17a4e4e04d840000000078da69f036f4aa732af3516dc5fc38942bb8d708c7b678f6ec542d87b494ee3a0155cde03a9ccccbf2a59193176cdcdc534044cf41c0faed6cab4bff6e5bf8de1eab0f0155adc957d4a4fb9f7df6ca5ee380ebf0f5797918f9573b6a839af32c7c0fe9ffc3b8de97b4fce7ea816200000000000000000000000000000000000000000000000000000000000000000000000000000000000000000000000000000000000000000000000000000000000000000000000000000000000000000000000000000000000000000000000000000000000000000000000000000000000000000000000000000000000000000000000158cdc0b30f6b8d95855cbce73ff003631f8fe596700b6ed6d0004400000000000061b33b1716dae17d8a329f7e29bf9e8f6f6986d7e5bebff00e246aeef4785b7a3c721ce2d7c4a073fcae358946d70f171f27292b3fd7326d7a74c8e6e349a4ae87fd508595d89384e325f74fb2ab91c1754ebf6bef567fafb35b89624f5db4cfc3b6f95cd28b836c0ba09cfc63da079caea15f48a456b65c9ead7c9af4dd9fda03039c6bf2e6a9ba0f1ed7f1e645f11bb5d98f3adcb82fab8d8e2fb25392e268acc09bba35aebe264559e328ce2a5169a7f0d02338e65c65a8c3f56c827d748932a59a000100000000000001914faf54e0a4e327169497ecd83cdd3f08f6053f1b8a6daa4a0b6ce0937f1122b3eae45a39c2c9e6bcaa1bea4fd350e8dbcae47b479364306856d51f997ba30ff00896ec88550db6bbaa2c9a5e5f2949069d0b1272b3171e72976e55c5b7fca0319d4f1e97575e9b8271ebe3a01900000000000000000000000000000000000000000000065df4518f6cf21a5528bf3efe3a02f8d32aa71ba3175c975252f74d3028781fe15a2dcff00a6d84a30bd3f3a64d248c7aac4e2b876d6acd9c27d4fb8c2762e932d74eaf8bcd374e361af7fec533976af4b4534e562535a9fad18f50234e90051272a6a935d7708be815953b9b55972b3067878b73c8ae49c2e87bf890f9b7f24cbcad5e73d6b56e37bcd45feb2e1bd5beaacc7b357e128fc4e3234fea398f5d3ab13b0dea6a30e971b6597bcbb639b47a3058ce108ff002cb5909837f229caf5950a3bf45b838f7f26fe8a5b6745cb66a2ac56751f1f871096370001900000e7ba9c7c7e4db8d9db9b372aebfc90a0e8455ebe319385c85ec302f8431669fab00b155c0d1eb331722afd2f4acc69b74cfec5ef88e65f99a5c795cdb9413876caacf88eede7ecdacc8538b956394bc1beda6ce83aad6d3aac0a312af8ad7c916e80015900000000732d9d5858fce9cf67ed8b382706df515ec5db7189a1bb5d95eac71fc552fa69a5d103bbe3189badb5d72d8787508a703465c0f15c20a7b89ffbcc2b6f823a7075f9b2bf2546b95c9c3cd9788ca338a94649a7f0d7ba39b5dc031e15292daf502fba7c15aad5e3e12c876b879773fe5f606e00020000000000000000000000002139471bfc7a9c58ac9f45d0e4512de0b8f09a83dd43c8b473ada5fadd751550dc6793271f35fb2453f3f8bc31bf039cf2ed9db9f282b7f391524bfa6d29c7baf6d065938d718b38f5d953798ae77422bd974416b16571de5d56a61933b30ef8f7d4ce8a50000400000c1bfa6cbf49b4aab5273962d9d28fbb6fa339f3639d56b707232ac4dc2a8393480a6f0bddeaa9d3d18575d0a322a94d4e13f66db91a7ceb6b859f8b8dacc39abf21e4c25d4089cadcf0cd85cee9e9733ce7ef37048d9c0e43c43072eb78ba5c985df1194d222ba663d72ab1e9ae52ee50ae316feed2001518373bac3d361cb2321ff68569af299447fd47aa1f1ac9b87dfccf7c8de14b99eae1b36be8d62fefed02e5b7fc1e3a9c9792a8fa7f45a4d24d2f6e97891555a79eeaf320e9d86be75556fb7bfe7849176d563e063e1551c0f0fa77db8783ee3eeca4e929c0bf84c5ece1074c15dd4e6bde26ff00f4f9dcf8f2f3f857cfc00b3dd6aa6ab2c716d420e4d25dbf65d9455fd4687ba7a6bcbd98b3b2f59aba3d6c875550883a536afea362db0f6d65ee7fbc2228fea1d391978b8f0d65abd5ba30edccacacfc88ecb3f7da4c2f0c58412b2169d3747b8d5ee71d5b8d08466baf3834bb8b075f6481a7c8b6ff00836aeecb50529f6a105f79337081e6daec9d868ec58fef3a66ad70fba4545132767cc650c4cab329575e64baa21d22c7a6dfee71b730d3ee545ce6bb85a426eb3f2568f8be4e462384e8bd370ebf6a8dbd553b4def2baf6b91872a28a6045746001500000000000000000000000000000d9e0d5b1c0c9c3b672842d874e48e71470ce2f7dae9ab7aecb3eca702f7c8ddd0d16ce54b6a6b1a6d389c9b1b8dc27c616eb1b2ac5951936d27d249482ad7ff00a3bd376e1f88dde6890d6703c0d6ec28cc8e5dd3753ed45957e5b64f1b2b47b8c3be71b6fa62cea516dc62df5df40000100000139c6b84e727d46316dbfec809c6338ca125dc649a6bfb3039971ad02e4aaedaedf2677776382a893e45c43030702fd86ad5b8f7e325624a6617a6e4fc732725e9146fc19bed55363271b9a6fa50c4cc857898adff009ae1daee21579d0e55999a6d7645afb9ce88b93338c3c5af0f131b16b6dc29aa35a6fe5a8ae804466fb33638184aec1c29644fcbde0936535f2ae6315efa09ff00e44cbb6ff7f8da1c6aaebaa9d8ec9f50844d9d46ef07718eadc6b539249ce1fbc1b0ae65b8d9724ddead61ddc6ef4d4d4d5aab9963e1393bd50b3073f12c8538f04a129c1c0b56eb6b0d3e04f36ca67642138a6a1fdcc7a7df6bf738d2bf166ff23ea7097b4901b455775c53659fb2bb3b1b773a3cd2ea05a86565e2e1d4eec9be1557df5e537d208e773cce6dc792f5eb59b8cbd93466dd727d6eeb8b6c1553f4affc9dd2fe7da68bf61ed35d9f39c3132eab9c126fc249957de70fd4ed1cd634e18b97f687c7fbc02ac1c7975a1d47fee74fff00389b1b2ba746bb3ae84bc655e3d934fece311838df4985898ddf7e8d30afbfbf82e85f4c3228ba8b1770b2128497f692e984730e01a1c3cd864e7e552ad50b3c2099d3ecc5c6b6bf4e744250fb38a38ce167edf8667dd8b7d7e753f771f7f097f78964b7fa955383556ba7e60426562434fcef0eac44e154f2a8ff00a5a75d39a71ad3ec373b95bdd953d55ed6d474b0000000000738d871ae677ec6eba1b2ee3dbf09ab5c0e8e738d96d777bfdddfabd4dca8aa888562b78972cbea555fb44eaf869cce8ba3d455a6d7518707e4e3ef39fc39c99ca712ce52b1f619d0cf95d0c0ba6a709b7f312f381cc30bf08d765e777095f3753697b29440b2014dd5df5c6dae4a5097c301000000000000000001fbfc800000000000000000000000000000000000000000000000000000000000000000000000000000000000000000000000000000000000000000000000000000000000000000000000000000000000000000000000000000000000000000000000000000000000000000000000000000000000000000000000000000000000000000000000ab725d65593653978f90a8ccc76e71b4b494adf63473f63858964daa6cedc91161465f26757a5255c9fbff009be5f949dd06a258b2bf2f26d85b916fef17da488da685afd87d0ab5cf1e753f06df723de8259585b6cbd74edf3a52ee3dfbb436ab387d3ed03e643942329f7ec97c048a46569f4987936e5dd7384e7272f691eaad6f18d8ff0092f3a2e5f2e0e7ee7ce3b5e1ee6dcfc8be52b7d3b9c5573f889b9bce31adf0b3231fbc7ba306fb805be5b0b8560af1eb26f5d32c6924925fb22338de5dd6ea3195f272b609c7c9bedbe8932a5b400040000000000000d5d8d76bc4bdd516daae5d25f3df46d0b26a116c2cf2a4719cfaa5a69e3dabc2f84e7e46b559b8f93a68e37ade57ca52f183f79764de1e7e0e5675f185093ebb7678fb488ac6dc6a70736daa58363ff3bc54d25d26ccf6abd6ae13af5d8709aea4aa8a68084e33846717dc5a4d30699000000000000000000000000000000000000000000000f3938d46463dd45f1f2aec838497dd33d1e33b12193877d129ce1ea43af283ea480ad4383f1a84dbea6ffb7aa40f20d06b349e86cf13b6a16253c7edcfccdf7c59e2beaee4790bb7fbccdaa78962e45d0fa9da5d935ffa1cc34b6d162b69aac4ba52827d00928a497c25d201943eff004799b29d36e36cecc67022ff00c2bb882f0ab915aa0d7ef02d802ed4e5c577ea338c7913f8ff00413ba2c1d86bb16556666bbe5e5fa89400d80008000000735c99ed794ef32b17172de363e3af76bb416474a528cbe1a073ecce1db7c0ad65ebf6f6bb2a8b9cd4e6fdfa2dfc5f677ecf5145d7a7eaaee326049000200000000295b9e154ecf697e53d92ad4faea0695bc0312ac794d6d24943de665dc712dee66dafc9c7d8b850d2f06e6d34696670ddfd5876cd6ea767516e50739854951c7b0b6da3c7c4c5dacfbaae9bf51fbb9178d6e12d7e0e3e22b6535547af297cb388d7a9dce1e956d69ce9d708d8d3a94da69c59d978f665f9fa6c2cabd7565916d81b20008000000000000000000000000d3e43a686eb5d66339f84be612fb328b99c737cf51a4c7afdeec4badfcfdfbc5797b1d1805954be3bc672f0b3a5b1d964faf91e0d22e8004000000000306befe8c9c8d2ec69c6efd6950d47a0361656be0fff00ac63a6bdbf5c4a1f3f8e1ba35b9b0954ec86528368c3affe9ee1bc1a2dcfc8bd644976e15b436bfd3ca218f5fe196dced77af3574d7b408ae8555f4debbaad84d7b77e2d3ebb0436978ce2682775b8f9191376412709b4e24c9461dbe9703738de865d5fde135ed28b2a557f4ef5d0bea9d99b7d9547e6a64cedb95e1ea36b5e0e5553509d0a6ad26b0f3b133eaf5716f85b0efa6e2fbe9fd99047ecb8ceab658f898f6d4e3563fe8506d1218d8d462515e3e3d6a15417518a00a8654ac8635f2aa2dd8ab93825f2da5ec735d6715ccdae4c33f7d90db9fbaa5be99d2b3aeb28c2cbbab8f94eba6738afbb8aed1ca7134d99b7d2646f27b5bfeae0acb2114fd978115d5a8a29c6a614d35c615c17518af845273f8a5d83bbc0d96a3b843d74ef811db7bb3f3f8e60722a736fa6fa1253829750f69b8399d1f5396f37598394e2a2eea213697dda0061dd6df1b4b833cbbd36bb518c57cca4ccc557fa8752b34106e69786542654404ffa911b3e7509ff003324751cf2dd9edf1b0d6bd42177b7eb36351c878b2d76229ac6aac8d10534e1124f037bc632b6145186a97913efa92a88a9d001500000000000000000000000000001a7c871b33234d9f4e1aeee9d4e291cdb1b857288634e9597542ab3e6bf33aa8ed77d77ee0739c1e05b079d44f639aa78f53f8526e47464ba4900000000000058a5284e309f849c5a52ebbe9fdc0be73ae8bac856e728c2528c17cc9a5f005371b8d72aabb7fe24f0edbf8879917c871f96ea70de4cb78eea138a93505168d8c5e65c92c9f8cf40dff119c0d6d867f26e494ad6c355f4d55b34adb2645edd1f55395bacd7d93b7d494f1aa939f5d79371035f8cf0f030f15c949d34575b97dfc23d02a28ffd4a696bb057def22365a9b7438faedeea1cd45d54faf517de45c73177f4d10b67284e993709a24aaa215e3d78ff00aa11ad43f37bf692ebdc2a335fc8f47b7c46de4d31ed756537349a2a7c1aba9eeb915d8afac556f55a5f0e2e6c9ecce0bc7b2ec94d513a5bfda97d22c3aed7626b31618d8952856bfeadfdd802859d88f7fccb275d9773587894426aa2fa5477da1dbd5b5fc6f4b77790d285b53020794e868e370c5d9ea2db289ab941c4f1bce255eb748f66b617cf2eb506e6ff007f3648c78eeff90d8a7bfbbd1a21dbaeaac2e21c8f2d55839fb84f5f07fb49b9b02f9a6c99e5ea75d913fd766357297f2d1e9b4936d8a29af1e8aa9ad750ae0a115fda2ba34793dd6d3a1d94aa5272f424bd8220763ce3415cdd5e1f5497d92712163ce38f53ff000b48cf5c1b8eeab2f5f3cecaa637d929b8784fde302f6b8ee8a3f1aac5ff00cb4054b5fcfeacecfc4c38604e0aeb6302ec61a74ba7c6ba3914ebe8aa714d294209198000000000140d668b6da8e60edaa13b312e53f3bbfb49765fca3e1f21d96d798471b166e38342979c02aaf53e49e96db5987aebbd1cacab1ced707d74cbfe3f13c5971cc7d565fe79c3b9f9fdad9154d9f28dedf9b98f59050c5c06dcce89a1d9adb6a71733c7a734d4d7da51036357811d6e06361c66e4aa875db00040000000000000000000000000000000000000000000000000000000000000000000000000000000000000000000000000000000000000000000a85ebbbbce6db8f5e3dfe55fc2000000000000000000000000000000000000000000000000000000000000000000000000000000000000000000000000000000000000000000000000000000000000000000000000000000000000000000000054390eb733332b09e27e4b31dbb14d96f20371a9dd5d930b7032e108feea6c2c43cf5dc86fc8a3226e88d95a6bb507d327353aac88e75b9f99ff001bbf620e7ace67556e5f8851fc2448714d9ecf26ecea363d29d32504a241670d76ba079b3a8a08a26671eb7073a795a8cb54a9fbcab9bed366d5546e73671a6dcd8549bee715d48c1aac09f2179d7df956c3d2bdc210832627c3b1e6fcfebb214c6a35d2c5818f463625355114ab8af64818707156062558ead9cd43f79bed998ac8000000000000000063d963ce78977a5d292aa7d7f3d19001cd749b8aead55b44ea6b2937dc7f76cdaccf43134ab1eda5cafc892f1ebe7c8ba64697533c8590f12bf5befd1b93c5c69baa53a2b93aff0043714fc7f80bb8c5a3aaca751810b3bf254a3280100000000000000000000000000000000000000000000035763912c4d7e5e4461dfa70ecda3e65e357958b7e3d8da8590706d7ca4c0e7546927b6d7646df3afb6519c2738549f492446fe1d3d6e9e8dc6b6fb21356f56d6df7168b46bf5fb8c1c6ced45ad4b1fc271a2d4fdfa990bafd56f33b5b4e05ee15510bbca4fe261add74ac5ba3918d45d1f8b21192ff00702bae15570ae0ba8c22a297f64032d2d9ed71359529df6c609be9767ad7eff57b0c7baea7260d551eecfec53f96d153dd6a23953ffb1ce7eebf6f2467bb5981a6e4b80a94a146742709d5fb11aeb5174c2d960ec2bf5317221647fb305070e85a0e4fb2862bef1de2bb5d64f71cdbe76d2fc8b2ca1d38f1f6519fcb654d2c0000800001cc72e1c8b59c93372b5dadb7c26945bf0ee133a7148c9dded773b7bf034d642bae98773b661630676cf98e7634e8a74f3a94e3d3991985b3e4fa8c1ab0a1a2b5a5ff00724cc98d9bc9e2b65934e7c2e8e04ffcdadaebcd23a3e936b0dbeb71f2e2bc5ce3f9e3f691066a2c9db4d539d6e129453717f29800a800000000e77bbc9e6d46cee862d73f43b4e1e115246359dfd42f07d6329f7fb7844dee43c876ab6cf51aaad3b7a441e366f32f0cec8af294fe8e7d5b5854aecb2392be3b8f07ae97ad39ce37c541bea25e740f23f07c2fa9a5d56a834e0c8ad5f2bc1cad6e2e465495339fe47f6f2276328cd2945a69fee80000200000000000000000000000023b93ee5e9b576df05ddada8c0aa70bcadee5e565e767dd7fd13a5b8f9fe8327f5231ed9ebf12f8ce7e10b1a9c0c10e4b834f0ea6ba6f4b2218ca9700a8bcde51c97699f990d3c9fa157ba55c53f62d9c2f90e56e68cb86634efa1c482e2b9589a1e2f76cb2bdfd7c86a03fa72a76e46eb29c3a84dc00e88000800000063dd6366e56af2e8c1b7d3c89c5284fb71032023f478f9d83aca31f3321dd7aedce6e6e7f2feec8be49a9dde667605d819aaaa2b69ce0e6e0059000079d869f59b349666242d395d3c5a776f7734eb735e22c39d4e0bde7facbd6ef976b34b7bc5b616cee514fc608a4e22e53b0d966676054f0e9cb71f394c9552595bce4dc6ba5b0a6acba1fc5abf2179d36deadb6b28ce55bad4fb4e0df7ef1656eae151bdc27b5d8e4e534d4bc1cff00216bc1c1c6d7e2d78d8d5f8550efa42149a4e124e3dae9fb7dce4fa4cae43ab7b0a71b43916e25d64fa838cbf21d632f2238b8b919324dc69aa7634be5a82eca0e1f2ce4d9e95987a484e9727e2042d187ca6cd34340b50eb84ec6ddf33ac6b306bd760636243e2aad45bfbb39d6ef79cba8d75eecc058957b2f5a3f2897e39bbe4993761d79dae4b1adabb8de9016e34f7faed6ec706356c6e55d31ba33527350fcc6e117c9f432df61538f1c854b85ca7db5d951031e15c5bd3f6c9eff00effac6debb8c71bc3d9537e36441db04daa9d8a657eafe9acd47f3ecc86e218f56272efa69cdce5056c20e1f7445760001500000000000000000000000000001e76f9df876b3332924e55552715f7672fe2bf8f6e37d46e2f9b953094e139978e674645fc7f3550fa704a73fef0894ce37ccb59a9d14312e85cefa9cc0c5bbdf6f371b8c8d66a5d91ae1dd6d43f7f0243886f36b0db5da8da5cdb8c3a829fcc67035384d8b0f0779bcca84e6a261e3527bbe6197b1841c2b8a769075300140000064df0c6c7bf22cfd155729cbf88aec0d8e3bcbc0cdc64d277516569bfbca3d014ee33b9dd673cedaec670af5aab7e10219f27e4f3c7bf7752a96b617f87a32229646eff075c5debac573b7da7ff73bf32d7bcd56c9eb359a1c0c6ee89c20afbdaf68f8055d30f26397898d9315d2baa85897dbc976061e34713131b1a1f14d50ad7ff82ba0106d2f9690ed7dd117bee3b1ddd34572cebe850976d43de322a5b4e134606b73f2e1b4cc6e9a2538a0bd3a0f9c17cc90528cbbe9a6737e3dc469db69f1b37236398a76f9fb4266cf01a9d1b2e4343b5cd5338c00bf8f28f6e3daed7ca071fb72f7af90ef33f5f63f5a8fd70f96ebed400ec00d4d06e28dc6beabeb6bcd452b63f69948e558dbcd365ddbac5d8c9d13b629d4dbee011d0866e2c337132716cefc2eaa507fee8424a718ca2fb4d2688de51b5bb4fa7bb2688a7676a10039b51a7e69a0be70c084e5097ef04a7066777ff51fed93fed080c4e67caf220a75e1d56c3bebb558a79b727bedb68a70e9738feca0fd82b7f413e6776e28faf9e54285db9bb21d45a4745283c6f956e765be587970ae31509a9c122fc000010000038ae36cafe2f9bb8c49e3773b1751676a193aec0cc9465938745ce3f0ec82901c8f15e76bb87dbe8e25939ecae706fa7ed03a2f10d6d9add1e2c2eed5b34e728bfdbb25fc63d25d2e97c200000000000000000000000000000000000000000000000000000000000000000000000000000000000000000000000000000000000000000000000000000000000000000000000000000000000000000000000000000000000000000000000000000000000000000000000000000000000000000000000000000000000000000000000000000000000000000000001909b5dee3eaa54c6df77326ca5723ef1b6583931c677b8cfc5412ee24ab34dd7cba13a9cde1647837f2a0cad6b37af1373b0b9e3d8e37284975127d7207e97bea6eefeceb33e1df5dd959396b5f6c1aa547a947af2f16d85dacf87955e663557d7da8ce3df4fd9a125dc5a34f51b38e65777962cf1e7097bc248dbb543aee5fb7bf613ddcf68d1eeb0f6999918d38aa6db14bafd992f2972aafb75e441b7f75da446e0e2edf3f372e7567ca38d0b1fcbf2f96cd8dbeab7d874bbe9d8f705ef38855cf067911c4ae392e2ed5ed271f867b29381a8dde6535e553bb5d4d32ed529c2aae339f94d45272fbbfb84a000a800000000000018b31dd4e3cedae1e6e316dc7f76653e65e43a2abed718ca15d6e4d7eefaf70b3ca834732db4a5383d3dee47ba79d5beb4213d6dd04e46d439c69272f6a6697f781a5b4ddeaf6ebd0a2b73b5f4a2d2f80d697faac56d709af8924d0189170c5a22ff682018a000000000000000000000000000000000000000000000cec5797897e3a9f879c1a4fecc1e7325930c4c89625719df18375c65f0e40546ae31c8e1f1c964bf9a882de63f28d37a36cf6b2bb1bcd27384147a6c9086f39ca9b8cb5541e3369e4dbf843132b169a6a562936469d02a7dd55b4fbee2bdfee0555aaabaeb5f118a8aff6056503c9f4199ba555755d546afdd4881b784ee27f4cdef149d1ff000bbafde05f005da034ba09e05b7e4e5e5bc9c9b57529b27c008000000001cff535e46839665e2cb1edb69cb8af1b4e801c2126a4e29b5f0fec15c971b74f073b91e2d14fab66559285491d138a6b25aed450a7dab6c5e7344b7d363a9fa8a8ad4ffd5e2bb00d8000800000000e77b4a33f4fcca9cfc7a6d9d193148875bfccd5ecb7745188ee9e55b3517f6675c0b1f1e3394e3456a4df6e4a2bb617a52f55c5a9bf8eaa36357575ddce3f7ae4cb0e8302ed4ea68c1b2d8ce5073ee51feec9301000000000000000000000400000003ceddebff0fc85b071fa671ea7d942d6f1ae1fb1ba4f132fd4fdfd1f3f748cdfd43a727e8b027197fd994dabc8f9e16b34f91c7769afb1c6ac89c2bb3dfe54d055d7230747bdc15af8de9d345abb853349a702530f0b170698d18d4c6bad7ec8e6589086af9f428c39f545dfae3fcc0e9a1000000000000003ca3fea44372cd8e6e06ade5605d05653742535f3dc0099069e937b8bb8c357d6fa9a49590fb48dc0287ca7616ebb9262598dafab26f9e1a504d394ccb2df734f4277fe02942262e4994f4dcaf036b7633b71be99544eddce3415e3facb21cfed04bdc8aaa6372ce5d9b0c8fa5d5a9f84fa7d43de05df439bb6bf5d196ce970c9f3927dc7c0af70896465e76ef64e87563e4cd3ad174019ea6f072d574ab66e99a55bf89b6be0e6fa7cfe4f81850c6a34de1443bebcd3848e919d931c3c3cac997c5554e7ff00c2bb39d6ab077bc9e99ec2fdb598d44e6d42aa4a46ee4e7f29ccc7f42fd0576d52945c89ed8e6eef1b73abab1b0653d7ca095ce093e9b656b6f87bbe2f086c30f6b764e341a8db55ecbfe264432f171f2609a85d542c8a7f3d4d760003167ecf03575467957aae0df5d846535a1a1d555b396ce18ca392fbee49b2af99fd43d4d507f4d0b6d915cc8e79bdcb6be8705417f0ec03aa02b1c3def1d39991b573eed943d253491670000000000000000000000000000012715193934a293efbf8e8e719d0fe9e5374fb4a7efdbf466da2c5cf33afc2d1754fb7af72a67fc34c8fe2fc53496ea31b2eea96459741b6d854f6aeee3db4d64b5d89283a3c3c254a7d4ba257035981aba1558b446a81ccf69abc5d1729d0fe1b2f077dd053837f79f474e00000800000ce8e5cf0ef8e1d91864383f4e525da4c0cfca8e16165654a2e4a9aa7634bf7f15d814f589cfd7ebdae2fff000407d0f3f85906b6f8ce1dfbf70815eba5c8767a1cbdde4ed67554a1dd5451dc7dd4bc0c8ade45a5d7eaf74f67664e34e15bba99b73f6911572bb1f91c3798f643360b5dd27387b1362b9ab6b8591efa9454977fdc151e767b7c0d552eccbc8843d9b8c5bf7975f6473ec8ddeef96432b0f5589e8e2a84d4ee9ffce5b391eaf47930a7376d371af18d4c7e5bc531a985145f0aea5f118c02a178af28d5e068a18d9b6fa56e339a7132700575f66ef6328750c9c836e9bb846f36318431aab325a72fd0e0996ca31f1f16a5551542b82f88c17480fa5278d606555cb379933c6b235384e0a6fe1b724cbb14d8ed371b5e493c3d7d90ab0b126bd6b40c7b2e39b5d5ec67b5d04fde73eedc534b3bfc4dcaa54ebefd64b031d4bce764d33366ed37db9db656bf4f6ac6861cdab6d660ccc9e5fc65559397950cdc56d2981d12bae35570ae0ba8c62a297f6457f9d382e3995e7fbce1d16084e338467169c64934d7ee99a9bfd2c379af7892bdd5f9d4d492ec08ae0afae3387fda7695ce01385bb5dfdabf79268ba693070f4f850d6c723ce49ca4fc86ab45abd0bca9e339455ed37e72028ba07df3fdb37f7c83a4907ace318183b6c8dbd5933b1dbe6d27d349cc9c0000080000000000000000000000000000004572ccfbb034b7d947fc59ca35c4b3ba20779cdebc5c99e260d1eb387b4e7df514cab4f9cee937ef0edb3d712d055b15664e5f6e0a5ed03ab57a5d5d708416152fa5f2e277df0e335ab6b8eb92dfe1cdb039fe72b5432e884a074dc1cdc6cfa2bbe8b233528a7ecfe3b2bfc878d616561644e8a615ddd27da4547fa7b937ad86662ce6d56e0a6a0673f9794de334d63eb97b74e001c5d000000000000000000000000000000000000000000000000000000000000000000000000000000000000000000000000000000000000000000000000000000000000000000000000000000000000000000000000000000000000000000000000000000000000000000000000000000000000000000000000000000000000021773b2ab06b84bc3ca726fc23f764d14be42de16db5b95754e78ca4e0feca4458d15cab7755b545ea9af35ed0fdcb9e9b758bb28b87a5e95dd7bd72f9207659f8f0dc6a6c51eabfcefb6ba5d24c6ae10cbe453cec7828531ae517fb79390daada924ba484e3e516809c7b8fb7c95973eab1775c63332163d0f230ee6e7edf30249ee33b368b69af06eedc7a7e69c11e92e495dd74256d52877d272edf68cde9720f770963fbff00288d2c5a9c2583835d3dfb2edffbb329524f97c3221e5e8b8a2da8a9400040000000000000f17db0aa0e534dc526df4bb3d8b146516a4934c2c41d19dc6bed8abafe084ddad5df059182e0b360d383ad9a97e3f17d7a4adc552b490d4ecb8ae4dd5c2baa10b9be92692237e2ae5ad9db3c0c49dcbab1d5173fe404925d20573000000000000000000000000000000000000000000000f1b5c8b71b5f937d3579bae0e4a3f73d86934d3039feb76fcc3654cb271a9afc1cfa499a5c8aee614613964f82a5b8f73abe6074daeaaa9828575c6115fb45748595d76c5c2c846717f2a4bb44d2ed5ae393e4ea75ad9283a1c3e4b28052ddbc6464d38b54adb6718d715db936579739d041f4ef9105cc9b9ed75b857db38614da732ed0e3da2850ab5adc67051f97040e9b7859f899f42bf16e8d907fba60a268b171f5bcbb3e8c3949637d3294e1fb2932f6000010000039f64f3acfc5beda7f089b8466d45fbc0e8202b9f7f8f36afbeb41688f39dac3ff00d5fb8e82d7b3e8a9ec72b97d1374d5878f6af3f6bd7cc9105b2b939d709b8b8f9453e9fcaec08b6e2bb5d3e8150000000015ddff0024c1d3b7097e7c8f66ab44051fd4aa9ce0aec07189119bf495738b56dbde8fd9b5f78177e4b8ba2c5d1e53b716949d6fd2f0493730ab0e166e367e2d5958d629d562ee2c14cfe9d7adf85dfe6db879fe42e610000000000000000000000000000101cb74f3dc578742d8431d2949c94cadc380d2eaf09eefb875ec922c7caf8eaddac27f52a8f43cff00dfccad51c09f4fd2dccbbfecc8a9dd1717d6e9735e6cb62aeb7c1c579968a7231f222e545f5d893e9b849492673d7fd3d9cfe36f3689fe23c6b2b40b3bd7c884fd670e940a2c6000800001e771aefc575b9382ee757aa92f34bbeba699e8f3b8d8c757accbcd924fd287693fde4fd920286bfa6fec97e356ff00b546d43fa798ea0a13db6533471b339ceda85b1c5544286db85421cdb7596abc4c2d5f79f183f59488a9cd1f0cab4bb0fabaf3ed9ae9af02cc5538d72bc9cfcdb75bb2a1539916cb582ab3bee438f8d9df86656a27974ce109fc791070d9f1da9f9d3c5ef7641f715e93f6689bdf6ef368d9d1aad5e242ecb943cdb9aee0a2692d6738a92b565e14e6be6004863f2a9cb599d9af4d7d50c66928137a7da2d8eb69cc544ab5373518cbed17d7644f18dd5bb6867626763421938b3eae497e427d2497491433b1639987958b27d2ba99d6dfdbc974736d76cb77c55dfacbb59765d109bf46704ce8b92b27e9721e2a8bbd572f494be1cbaf6ecaa5391cfa6fa953af80111b0da6df96463abc7d5db8b4ce4a76db67da0746c4c686262e3e357fa2aae308ff00115d150b3239ff00b2862e08c3bf9dcf3f09e5d14558be6bd56baf78016f2079571bbb778b4428bd42554fbea44f10dc9b92ad0c287f4d2b6568473b8714df69b221935e257924fc39bdfaf70867e96742647d3ccf7db7bbd0c2a71e966e5dc3b6fb96afd8ecaa7302eda2dfe26f69bedc784e3e959e0d48dc2338ef1fab418b754af76bb27e726d7449800000000000000000000000000000daeb71f6b837625ebda6bd9fda5fb339853a0e59a753a70b630841b2efcbb756e9752eea12775b62aa053359c5b75b3c1a736edddd095cbcd2f3905891d0714cca7396d3717abb213ee106dccbd1cd30eddc71ae498781979cefc7cb705db3a5840000000006df1679baad86343f5db8f6421fcb406db37f0fd6e6e5ae9caaa6738a7f0e497b01ce75d957cf89ecb5595856d56e3513f771694cd4a6cdc6f75babd35381751895c2a59174d7b492253598fcc76d8b0ce86da8a2abbde30365e8b9abf04f7b42829a6e316e01a5d2bae35570ae0ba8c22a297f6402f64032a27f50a0bbd24ee8bfa457cd5a4de2f19e21e92b6ac4a2709c534e56b91b7c9f53aad8e1c67b2c89d3551dc94d339b7a1c263d41ed739c42ba3eb74dc5b17395b810c7faaad35d42e7368972a5c6349c72abe5b3d665db6f5dc3a9b2da1039e5f7e7f14dfec321615d918197f9fb81d0c01c9755cbf1757b6dbdca8b658b976bb543f784cdedc6ff003395550d5eb75b6aae73529db33a65d85af829daf06894ba6dff00971ed919c777bafdcd16cb1aa54ceb9f52a9f49915278f4ac7c7a294fb55d71827f7f15d11dca36d3d469efc882eed97f975ff00694c91217996b6fd968eeae8e9cea92bbf9f02a2a5c1b4b937642dfe5647cfaaa2887cb86cf976fb32aaafeb1a99b8a7f308c0d7d7734cbc0d3ad72a22dc7b509964e310c9d2716d96d234f9dd6f528402b5f8964ec359bfc8d35d7caca611674b285c2b076193b1cbdee6c1257c251897d080000000000000000000000000000000010fcc711e4e8729c23dd9538ce04c02cea8e3dc679243496ca37d4dd377ccbf789d7f1b2a9cac7aafaa5dc2c8a945ff006655375c474965caf95d3a17cce119248b0ebb3f4f5d15636364c1aae2a091bcb594dc8c4dcbe507cb393636be17ebd29bc99d29a68aeff4f71e4efcecef092874a05a36dc4b0f73b359d3c9697a4a0e10458b0f0f1b071e1463d7185715f08cee6b4b25dec00196800000000000000000000000000000000000000000000000000000000000000000000000000000000000000000000000000000000000000000000000000000000000000000000000000000000000000000000000000000000000000000000000000000000007680000000000000000000000000000000000000000000000000107bdcec4c6a6aab268762b9b8a893850794ddf47b4d3df7c24e9f5a4ac5fb11624b6d93afc4c3c2c8b31db497846a4fdd225b47b4c0be72c5a69957382fd2e2fd922bf3b7f15e471ae1e13c4a2bf27da4e064d5df565f22f5f12beb1eaae71b3a5d20ab90b25e2be7a0271f24faf92a450de4ed77397950c4ba54534fe5efbee2da35f0d724c3866dd1d8fade8befc1c3d9c61eecfba9c9cdd56c7275d934beb22d9ce1248c14edf2289ed71a1896cad9ce718ff0032235676e91aad8d7b3c3864c3f76d35f668f460d2e03c0d7d14cd25349b6672b37c800080000000000001833e6e9c7b6515f1093ffa23389f838ca32e9a6ba682cf2a9711ab579180f254e33b6736a5e5f28f3caf57acb6877421085f1f78ce3fbc880dc6a35dafca9df85b39e1b925dc5125aeab0b6d7632b369ebcebf19783646bdd77d24eeb353832bbbf3752efb328492492f640ac00000000000000000000000000000000000000000000063ceab2561df2c6ebd7f07e09aefdcc8326f8e3d16dd2f8845b02850973b7f38d5a426f9ea8370a6b5235afcde53b4c7bf330f22ac6c5adcfa4bbf39a89e71b73c9b51898d9f9ce1918737d74bf5a23492d7e4f3759f8eb33153a2734a65d85738d95c271fd328a6bf8602545722d063eeeaa617643a94264251c4eac7aa754390dbd334798d97e46cb5da885cea85dd4e73245f00d77834b3f37f973023aae0552bad789bc929170d069add3e2ce8b336790dcdbed91fa5e2b8fa3ca9e4433b22c4ebf05093278a0000800001cc653df722d8e6bc2ce74d38bed03a71cba79db2d5f21cebf53ab9bc7b3e6b69f8b61a9ee9586db7f9fc79e6e3d9d65e15cd5cba4fd48a2e3c7b6df8beaf1f2a492b1aea6bfba399e0e6f20c3ab6b443513eb326e6bef06cbff12d5ddadd4530bdbf527dce6817c26000190000000053f99be37dc1ec3b7951517050fd7e2476572ed06d6986065e2df550dc4d07461e7f3ac8a366fb8287508c8baf20d3697f07ce73c5a60e18f39424974d49222a6f570c1ab031e182e1f4ea0bc1c5f920543fa7765d3d3d9197e884fa816f2a0000000000000000000000000000291fd429e5386a71a1778537db385ac8ec3d34f8bedb556432ddb8d9bdd1327f9be06d3654e062e15309c2739bb64cad7f84b96cf1a8a279b070a64a75273efc5c48acda6fabd0f319eafcfcf1f27b674829dc778aec71766b67b4ca56df14d44b89500000000022f96605fb1d066d3426ede94d47efe0fb250d5e42f650d55f3d6fbe4c1c6515f7498150d4f35d5e0ea68c7caa6eaafc6a954ea5121f0f6fb1d4ec723799daab618b9bedecbde2cd8a793e1d3727bed0786435ef6fa3f2741c4da69b675f8519145abf7ac8aa5e8ebcadef24fc76586f171e9a928292ff008bda65f046318c546292497492f848a5736b76b8597a9cfa2cb5e2d56af3aa0c08ddfe6e4e9b98acdc5c59deecc44a702527cf1ba92a74b972bdc3e0f2f9fe2c976f4f9a173ac64bbfc1733fda0056b49c8b235593b5c9bb4f936df97739cbe62a274fd567cb67adc7c9f427439f9775cff6e9909572985ba5ced82d5dea7426946702c3a4d8fe29acc6ccf41d5ea27f9182b0ed6f9e1ea7619505f9eac79b87f2733c6d56de5a87c956dad59093b9c3eea0ceadb7752d56c5db54acafe9adf3847e5af1390eb769b8c7d2e5eb7f0bbedc6c8aa6b1df836e3e608b1f20cfda538f81c8f0729aa6518425432f945b0be9aae83ee3642338ff00125d9c82166f763a8c2e3ab573874fb774fbf84cebf4d30a29aa982ea15c1422bfb457400d5dbe8b59b6c755e5c1f50edc26a6e2e2cda29bcf7232dd7add7e34fc1e55fd1460b7fa77ac9a83c4cfb632445e4f19e5daf4e78bb195ca28dbd461edb8e6e28c3c8cb56c336892affb4e27be2f97b4c0e4797a5cdcb9df1506d36db027389656fa78990b6f55aa4a49d2ec4a0cb1801000000000000000000000000000011dc9f4df8d6aacc74fab20fd5abfbce288be0f1db55acb69d84271555be3529ae9a89b5cb61bd9e163ad3f9fabeb773f07d3e8a6431bfa8bdf6eeb7fde682b7b0343bbd9721fc476ddc218b7f75ff7f07da3a0144d351cd6adac1e7d9378de13f3ee68cfc468e430da6c5ed3d77528fb3b64daf302e8000800001afb8c676e9f655aaa56ce78d628c23f2db46c1e36f76ca8c1b6cd763c2ec85f1093039ce936bcbb59815e27e0175d087b41b8381bef9272d95b4571e3d3a62e714db84d99a8d8f3f9f5deaf1511d3e51ca7136d878197898f4fab742215d14001141e7939ddb2d0e0dafac5b6dfce3916b75d46df8ae3558f054bb7a7145ab9171ba37b8b554ecf4aca9b70b3aec88dbf11cbcfc7d2c2ad8f85b855783b42a335d08e173dcaa303afa79d09db087c43d8bf10fa4d1d1a7a6694ddb758fbb2e9fea91300a146c8d673efa8bdd1b2a541cfb81790095465abfea0ff00f7e29227178872cc3cd59d4e5e3abdcbdda91d3c03606d2f96084e5da8d8edb029af02d71b61776d39f82940226de3ead5aee75637a8fe66d47b0e75c62df947a48e50b82f274bdf3e951fed74cceb85727853679eda0975f11b66152dc53739f9fc8f6d4dd95dd318cdc21fc4cbd1cbff00a790953bada513e9ce34b4dff133a804000000000000000000000000000000000d4dfed16a759765f49b8f51843ef29336cadf3b839e97be9350b53659dd897c39eebb5bb6e4b96f2edb64aa4fa9da5867fd3ec94a7e39ea64bf01caa9e95d5eca70bd96e6d2f7674b9e52e9ce618df772ae37b4d8eaf70b5992e6a136d78cfdba91d54e4b99751b3e6f54b1da70f34bdbfee40eb4673defb8de3350001868000000000000000000000000000000000000000000000000000000000000000000000000000000000000000000000000000000000000000000000000000000000000000000000000000000000000000000000000000000000000000000000000000000000000000000000000000000000000000000000000000000000000195898f9953a722a5383fd9917bbcdccd7624ada69f36ba7d2f9e9154ff1de452e11b35d34e7f7446a4abee16a7035f19471a9508b93933d42baeb4d420a29bedf48a5cf97e6d55a9bd4e42835da9127a0e5d5ee72150b0ec8bebde4370b2ac2006cac9d20aaa949cd423e4ff728db0df6d67992c5d6e32b1aed372f8469e1725e4753cb9df8b4ceaa6495be1f288d7a6ba281afcca73b12ac8a5b709a0564000000000000000035b6329d18d64d7ca8499b22d842707197ee8956299c631f0363893cabdc6764a6d4bc9fba68720d26b6a84b2f1942aba0fb8783516cd3c2e37878d7d8e8da5d53efdfa91bf95c3e199d2bf7192fdbb4bb43b5ab66a6f766b70e539f73752efb32153c4e2d9f8565325babbc2125f90b615280008000000000000000000000000000000000000000018b6f84f2f57998f17d4a75351665008e79a4da3868b67a6ba89ac8c5c7b88386de7b2e3d469b1f1adb6f72f76be2275f7452e5393ae3dc97527d7bb1460e16336e8c5aab7f78c52235b9f67cc4a7e9b168a5cbbf4eb8c7bfe0fa015955b96e8733713a3e96ca959049aedb46b43039d578c92d9532912bbfd0ecf657c2ec3da4f1ba8a5e1db51226fe37ca552d437fdc82a4f4ab94d77ca3b575babc3da7168b0144e239fb47bdd8606cb2ddb6d15b817b000008000014859bce29bed8ad55338b65dcab67736d5ebb32ec5b6bb9ceaf9f041511b3dff33c2c695d6eba15c3f79976e3f9f7ec74f879791e1eace2dcbc4a7e773bd06660e4634e9c9eadadc071de61a4a31b0b5aa17c3a7e107240f65e800100000000157e4bc5e8dd591caaf21519514a25765c377596bd2cedc7e4848dcd9f11dee46c327229da3aea9bff005c88cdb715e438585764adccee8555b9ce2e7322ba56af5f8ba9c1a71b1fdd457cfdd99c83e1539cf8f61cecbe7636e7ef2270a80000000000000000000000000000ab731c4e43933c17aaefc23e5e7e0caeac1e7ea13b7eae5d96adff0024af41661ab319dbeb2910f0fea56bbf7c2c80a8de13b0db656ff2619d936371c6977099d2ce6da3d9ea27badb6da8864270c29592afc4b871be4d5efa196fd1753a1a02640010000000d4df5db4ab01ad652a7932928c40ad73d85535a373f8fae488ddfebb87d2a77e3e6ac6c9fdbe9e61712e43bab6abb779ea357cfa317db896cc0e23a2d7a7e38aad7febbba9b0bd2a7c2f6dbfbf25d593e7761287b59389d082492e92e9008a7ef771b9bf76b4ba9aa0ac8414e73999357bcdbe66a3714b82fc570bb874910bbcdad1a1e6bf5bef35662c55f0304395ebb137f97b0ae8c978f7d294d3824fcd055c789eeecdc625eb26850c9a24abb89c299c115f7ddbdd8ce975d79793e702e610044ef3956b74aa509c9d991d26a9814aff001c723cb6a783a84eb6fa5f92730ba74b073ba79ded30e515b3d3b843ef04e05d34dc9759b9aa73c794a3383f7aa7d298349029bcfa399914ebf1b131ae9daaf56a94225c880e5dbfbb518d45388bbccc89f505d36051afa79a65ad74edc172b70a6a554cb0f1ad36e16e6fdc6d1785d2528381a34eb79e5f8f1cc5b0509ce2dfa2fda4893e2bc9367939f6ea36957fda2a8c9f981720004000000000000000000000000000047725ddad16b9642a94e72b1421139ccb73cda7f4b6fafe1f553eaaabc122dfcf75d939da783c7839ba2ef3922af9fbabde071ed95b4fbd73ee51845f5d2ed054f71ee4bb0fc4a5a9dc55e191eee132e58db0c0cb6d6365d36b5f2a135268e79a8a363c8b790dde5d11a29a60a1187fac9ed5718fc1b7d999d45ebe96da9a557ee9c822ca0000000000cacbc7c2a277e458a15c7e64c0111bce3af6f9dabc9597e92c49f975e1df7ee99923cb38fb7d7e23523dff008ab8efb7ff004ad017b48035b0b7fa9d8657d2e26546db3c1cfd8d9080966e1c26e12caa54fece693293ccf2b3f2765abd1e25f2a9652eed0bfa6dacf420a79d94ee02ec9a60a37127b0d66f73f437642be9a2976a65e40101b9e6ba9d4dcf1fa9df72f95593e730e1595a8c5bb2e1b4f086c1dfed3bc2b797f51afe9cff00039f87dfcc9fd3f36d56d2d5438ce8b9fc466585db42879bb20a097cf6ba399f32b34d99958146b941ec27743b9d280e9a62c8dc6b7168f5adcaad43cdc3e57b3465fdbdcabe7f01d466df75eafc9a5d927270835e011688c949269f6987ee98aeb85508c211518c574925d20042e8f8cc34f9b9997f54ee9e427e5dc7c7e65d934000000000000000000000000000000000001938d4e5d33a6e8294240ad728db67eaa8c578b479cad9b52ee2df4917196d9a4be153b3846eb0e76cf1727b87cae9f536cc5f81f30cfeaabe76c2119fc59332e3f2de4b6a5dd13ff6a59b8f94ef698f9d8aa8f7feb8b47a663cb7ece173c25f1561e31c4e1a69bcbbad53ca9c1c3fb44b21ceb41c9f6fb1df5145b24e9ea6e6a08e8a70ce59977e5db1b2ce80018680000000000000000000000000000000000000000000000000000000000000000000000000000000000000000000000000000000000000000000000000000000000000000000000000000000000000000000000000000000000000000000000000000000000000000000000000000000000000000000000000000000000006935d328fc9ae8e16c35b93914ff90ad719c922f0436fb6faac68c28d8d5dc6cf80b1bb1db6a6fa1fa79507197cb2b3a8b31afe4d6d98325e0a0d5bd2e9322d5dc4141c6129974d25ba79464b5f08af7e9b4920bdeaa484e3daf6026dc62da8f6195078e65c70f2b6389955757cef9f877f0e230765454f6f54d47cfd7b528fdcddc2dd6b72f616e36c7095391093506d7eb36b3e9d2e04edcdf423e524dfb24db6c74dfba6b8ee34f175b0ae5df5e4e51efeccdd3e6aaf791834dae9957dafd3247d0cdf3400040000000000000d7cc6e355925edda3605f1f3aa6bf7f17d058e6981a0a7330e5b38e4ce193eb3f78bf8f124f638b75fafc7d963dce1974c3e62fd9a3470755c9a99dd2a270853676bd291bf85a0dfbc4b30efbaa54ced4c2aefa9bacc8d6e1db67eb954bc80c4c758b8b450be2b82880c80000000000000000000000000000000000000000000000dad79d6e064c3066a190e1f91b7d7b8035f6bb2ab57853cab2127541a4fa288b13fa851927eba7fccccb7e073cbeb9d57bc4b2135ee9b22e97ec0cea3618b565512eebb23da05178b68792e9f312bad87d1f6fceb532f45443ef77f4e9b195aeb7394a5e108fdd9547cbf91d77e3c5e97dadfd1033f2ceb1b9069f2723df0bf43fb29123bccdc78724e3d3762f14ac7d93b566e339bacd86767e4ac5746cbdbea2a2ca73e85376db916ea7adbe54778ebabbe13b0b271e5c8316bc8c6db4e36b84d7a76f9793604e800a80000339d61dfc535993971cab7cec9cfb6a706dc4e8a5077b9fc6b0732552d4d793972e9b51ad058ddc9dff000bbaab212b229ca2fe2b9196ab78ce9b53abc97052aa7ff0ad945b656dee35144e0b61c5a34c1cbda6a08e890d76a369adc15f4f0963250b298856e269a4d7c0092492403200000000e6fb28f3a5b2c95870bbd0ed7874a1e245edb2f9cd381743394d63ce1d4e5d449ddaf39d9606cedc6581075d4c8bda739c9cfc1bf0e1ade9dd0700abcf0dc458ba1c35ea29f7173ffabec9a20785e264e268a8590e4bcbb9a4c9e080000000000000000000000000000d2de43475627d46d68aa75d5f1e71edfb9427ca389c251556a62a08dafea5ca6a1a8f9f49ceef31915ea2ad97169d70aa18b6d1261566d06671ed8c2efa0a6b84dfbd90eba64d606b3035b09c30f1e354672f2924731d25144f976cebd55ce18de83519c0b1712ccdbd566cf076d294a7458bc26c0b600020000061dd6bf2763afb31b1b3258d3938f53899836a29b6d2480a1cf8a725aabba6b91d93697b22278f6a77bbcc0792b7f7550f5a506bde658b75cbaa8496bb56964665b2757de1034ffa739d8d0d6e662ced8466af76915a1c67f12c3e5b7e06567dd6aad4d7bcdb8c8e9673bd14d65f38db66e3cd4e88425dc91d10a29bb7dc5d8bb7c98d7c5de44d28af5fee8d59728cda2a94e5c5a4ba5e65ab3b9568f5f953c5c9caf1b61f29459a595cd78dac79bfabf57b83fc8a0c0dde35bc7bcc29def13d0f19f8f4a5da64914be04e6b0f6372a9c68b725ba11740883d6713d56b722ccbe9dd7bb6535399b5b2e53a3d5dce8bf297aabe6104e4d1b7bfcb9e1697659106d4e18f3f06bf693f64ca6710e338393810da6c2bf5efc96e5d5a15b55ff5134b64fc2da2f84093c0d4f18d86555b6d7a83b2b9fcd5269291312d169669a96af11ff3544a05542e35ccb0f0f0ed9ac3cd8a72a80e885379d615be181b7a2af37876a732d3bcdde368f0e3957c2738bb541281515fd46d4589ab706f03ed5fd47d6bc653b31ad5775ef034785539bb3dc66efb22094249c0c6f92708ed4ff06f7ffd922cfa0e55acdae53c2c2c49d2a307349c5440b08002000000000000000ed000000000000011fc8391626868aa7742539dada84114c8ff0051f0daea7a9916ae51a1c4dc558b3c9c974c719ca5fcc59110e53c3f19468aea878c175ed48556edfea266fd7c2c54758a97bd274bd16ea8dde12c9a61287bf8ce2cae61e978e6db65f8ce3daac5ff003d3f30722d9463d18d5aae8a615c17c46092400001000002affd429f5c7bf9c9822d054ffa88a4f410fed97003635fc2f8fac4c795b82e73704e4e73655387f1ed46d1edadcac5f384323c2a8f9b3a7e277f4b8fe4ba6ab8a68a9704d6ec35d46ce399538395e82a2741858d81ceb698b8d0f0a618ad411d0ca46ad5ab9fee67e84fc1d1e05dc229dcc34fbbcfcdd55bacc74fe97b92b7ce29a99addff00511d6a12a69f8fbc0dce5bb9d9539fafd3eba6a16e525dcfeca72e8afd9a7dce3ef30703f1dc8eec4e72b3c9856a62e9f9c6b72adc8a71fbbee5d4e6e7091d178cc37f1c4bdee9ff009cedee1ef0f68fff00804671cdc677e2397a3d93f572b1d39abbef12ce00a8727c6e1ab21cf673f0c99af9abbf32df63946b9ca2bb6a2da39a70cd66bb75f599db2ef2b2fd57dab008b58ffd3efdf3b38bc717c5e271eefd5b52b7ef63eec2c12d06924927aac4ff00ca89ce394e16068b6bafc9d57e4cb735de3400e9c000800000000000000000000000000000000000000001f2eb69a20ecba718417ef27d23e951e6bafd8e5e3e255895ce70526ed358c96c96a5ba8fbb0e518d1a6c861fe6b5c7da447e1e833f7138e467bf08b827fc90183a3e4343538d11537fbc89275736ae316adb93edfc4bb89e8f46327e4ce386edbf9a2fd838189afa1538d54611edb691b850f4587cae3bba1e7665bf4c94a738f9fb17c3cf9cd5f3b76c7c00032d000000000000000000000000000000000000000000000000000000000000000000000000000000000000000000000000000000000000000000000000000000000000000000000000000000000000000000000000000000000000000000000000000000000000000000000000000000000000000000000000000000000000078cca302f8d7ebd119a8cbb8b7fb33d951e517df3962e0e3dcea9e44dc54c2c4d4f13419106e31a7dfdbb8913a0d3e56af6f950a2b4b09fbb6d9039bc5678d938105b1c94ed9f5271932470b6799a1d94f072ec77e3ca129d73f99f8c48abb89c9c63df462d5ecf0f6147a98ee5fdd4974cca56544d9a86fa7662e3e3495906fac89271f0669c75db2e3b6d1919708e643da29b24f337eb072d61e0e24aeb5f94e6918f179a6437359bab946b891578c0cc866e2d77c20e2a5dfe57f2ba07cc2b31ecc5ae78f151ada6d247d2a0000000000000000079bff435e7e3ecfdfec7a3e5d55765565737ed38b8bff702914d7c93e56d6b5dff0006d7a5be9a5d6ee1e5f7f047a5c6b57092eb3edfe1da32b59a8c282bfebb223187bc9c264db7a79c5c7e470caa2776c699c14df715145b888581add97d165d19b6f752528f84fe7f944b959b40004000000000000000000000000000000000000000004ec8569b9c9452f96c0cdc4ab3716ec7b7b50b20e2dc5f4d76079c7cbc4ba2a55e45735db5dc6499e8a25bfd3b5534f036d7d4617b1e57c5fa59f0867627ef6a0ab4dbc92bab7d8da8f425ddabda64c1cbe1b4c3da732d3e562a7d381d40151fc8323530c0b56cab8ce9ed7b328195bae2d94b0e17e064fa74f6ab7eebb24b95db0b3926a7133147e8daedf9127b97874721e3d57a752835302578ce5e8efc470d5251504bce24a946d5d78f0e6fb18607b4150ddb08fb40bc828000800003f74ce67a1c8c6d4f2acea7615785d3f6aad91d30e6f9d9bb0d866ca37716f5a5534a1634e0fa5ff7c8d45bf98e6e2e2e8b32172ee5756e108987856364e2e871d5fede7dce24465ecf7991083cde2b0b9425dc0c0f95728a7d282e3bd47b4be2409e17d020dca116e3d36bdd02b200000000e7fb2e6df419d938d669e0dd6fd9b9981ff51e850f6d2f53fef326f3795f16c5cebe8bb11cad8cbf3cd5316456f391713cdd5e5c2ba94ee75b5575574d4c2af3a1db2dceb69cdf41d5e6e49c7befe19b057785db72e3984a7ff7fc4b10400000000000000000000000004a518c5ca4fa4976d8128c6519464bb4d74d011bb95a2d961534665f53aefb22a99297cc88ed970ac1cfa30a8faabebaf1a0e104685dfd3dd779c27566e5420ac73502e4974920ad2d56835fa9c75563c3dfe6767eecdd00200000000047727d5e5edb592c5c7c9557734e7f6944913537f8bb2cbd74e9d75ea9bdb4d4db71035b43c635da3829549cf25c3a9dccd0dcf09d76df39e64aeb699cd253502bddf3fd356bb8c32ea8ff001327349cdf0b677c316fa278f90c2b678d53a0d7df9daed7db3964573ff3bcd7b93e5138b74f977257ff007e7fff00797b023b3f8ae8b63933c9c9c2f2ba5f32539a312e1dc6d3eff0d87fd6466da6ef5ba7841e65ce3e6fd9457722b2bfa8fa78fc61e58176a69aa8aabaaa828d708a8c62bf648157c1e7fa5cbb6154e3750e52ebb996808f3b3c0fafd5e661f693ba994537f0a473ae3dc8b37496e368b638367b5eeaae7fccce8f917578f45d7d92f1aea84a737f68c576ce7795cee7957f5abd43b9c1fb4e7103a26c333e870efc9f42cb7d38f7e15aee4ce7ba4c4d9ef7770dee7f75574ffc08744c69f9ad39d9b0c0cbc2b71af9969c6cec3c89e45545d094a8978d908bf78b0afbb2d6616d31fe9b32af3abc94baedaf74735e57abd36064e9b0aac185355f91076ddf681d288ddee9b5db6c48e365deaa97929427da4d3030ae37c65e3422b0699c3a29bc2de363f24d961e1cd5d8de1270b8c8f83dd539aa390b8d45bb8de9357a785b5e35f0bf21fbdb3ed3604c0002000000000000078ba97251edfb79c5ff00d1f67b0165d00f14d73843a9cfc9f6fdcf61280000000289fd4abad861eb6a52ea13b66e668e4693434ed38e632854e8b6a9bb1ffafd99d0b73a8c1dbe23a32d7ddc24be62caaec383bc9a30214ec2709e354e0a720a81d5c2ac1e63958ba8bbca12aadf6fd94d165e35bfdbe66c73f5db2a22aea112da0e3185a2564ab9cedbec4bcec9928a8a636596c6a846cb12539a494a4a3f1db00000800001a5c85edd6077aba29b6e53edc6cfb1ba696fb7d8da2c6aafbeab26a73f04a0052eacefea32ed3c083fe540c183c9f93437b8181b28c20adb5270f05f1324d7f52753fbe16590d6eef57c8793e86c8519307098574ee977df40008a372ec5cec7dd6a3718544ee705e1246b6ff6b9383bfd767d585659de2fe83a10718bebb498553b8beb73de665eef6307564e427155fda05c400814cdc710c7af2a79f85b4fc3fbfd65cedb155559634da845c9a5fd8e69a5d34f97e3dd9fb3cfbfdaf70842120af6f5998daf3e6c5874dc4f0a8cb59f76c2dcebe3f1299e3fc01c7e307ed91fcb995dccc6bf876df592c6ccbedc4b5f52aa6c0e98000800000000000000000000000000000000000000000b2eaaaf1f52c8c7c9f4bb7d76c151e5fc6f6bb9c9c7b712fa94210e9c2736582dceea52edd90ffa9f15d577d7a90eff009394ff0080b7ff00be653ffc723768e0fba84e0e79b54630fdd4e4759861ef9b9dcb39e31dbd68f3edc8e6b91fe73757858748394f1082ab95384d7838d161d58c724932eab585b67700018680000000000000000000000000000000000000000000000000000000000000000000000000000000000000000000000000000000000000000000000000000000000000000000000000000000000000000000000000000000000000000000000000000000000000000000000000000000000000000000000000000000000002b9c8f557def12ec79af5a8b3ce3d9632b7bed85f44f1b1f1faf56e9f8c7b22c6a6c3f17bd6bb2aaa62f2616372879ff67125b5fa9b6ec99e6e7c539b8782adfec9902f8defeb82babdc4fd7ff437dc4dcd26e3695ec65abd974e52edd76a0277134fafd7645d762467076aea4bc9b46ecd4bc7f2fc9f449f480a2e8aec4fc4b675dcbac87913f4fb3363656239eda17f847a938aeffe646a64edb156c6c766beff005e9728a9c21dfb266957b2d3432a76db8d93e537e4bce256974e355dd46b210b64daf2938a64c0d7e455938955b5425183efa52019be400040000000000000f3914bb699a8cbdfa67a31e5b9555bebafd2c558e7dade37af547fdbeeb2bb9cdfee6fe470ed566d563c5cc9f99a78ba87baa5e65f956badf6d422dc4d5a74d7eb75d66c3032ad84ea6e6eb52ee1202dba5e2d4eb234dbeacbd55027cac61733c4eb0a8cb84e17db543dfafc9e4cb380000400000000000000000000000000000000000000000f3b2cdfa1c1c9c98d4e6a9adc9a47a0d269a6bb4c0a961ff5074f77b6542ec7996ca33f5d9d0ff2722ab62d7c267cbb4da9bd756ebb1a7fcd712a797c234d09f9e2656461d9f78d817aa98ab89e9e8d92d8534b85a9b97b49a4992c5470f57cb755974b5b386762ca695aedfd6a25b815a5bcd1626ef17d1bbda717dc27fbc482d970986c69c384f65729d15782996a00db4349a0c2d252d55dcac9a5ead8ff00e766f80100000000028d7edf7bb7d95d85a56aaa29f69de5e4e75c66fbf47c873f5193549ab5b9c3a0b1ab46df965546c32e1971caab0eff0009a9c0e97a6d9d7b6d76365c3e671fccbed25ecce4781c81623dee1d744ecb733266a98feddc9f474ee31afb35da8c6aae7f9faee4becd85be124000c800000002ab9781c2aeceb5e44a8f5e52ee49cd919c8745c5a3a8cbc8c5f46ab610ee0e1231ee386ea2195919793b39d55cdf6446371de2975aa2b713fe3ce0157ae1198b2b418b1fde9ee0c9e1abd7e26b70a9c7c54bd34be7ee0200000006fa000000000000000000000000000000000000000003e5db4d7e365d3876e4c21758bb8459a9b5e3da8dc2f2cac652b3ae95a9f52450f93604365ccb071276ce0a74c3de24a2ccdc711afacfef375fdfb5d1ff008b003ef17e379da2cecfb2fb61384d28d6d1731879f879d446fc6be3656fecc01cd6fa75b95cef3e1b86bd2504a98cfda2df48e914e1e0515c6146353182f8518a23779c5757bb71b2f53aee5edead656a7c173fe2ae4392a0456d732c1e3d4eab26db31e8864bf6a5c3da6e64ff001777bd06b7d74d4fd22b989c035f5e4c2dcaccbb21c3dda65ce318c528c52497c24511fc96ab6de3fb48d69f93a1f49159e1fbfd1e369f1b1adc8aa8be2da9a7ece4cbb645f4e3516dd7cd46a841ca6dfd91cfb268fe9f6c26eef5e3536fb7e12f4c11e79666606eb2b5d85ab942fcf57f7e7132636af3b2b982cfa305e363d0fab25f0a67ba361c2741385b86d5b6cff75f9dc0b96af906b36febfd25cdba9a52ed7441b4563937109efb369c959ca9f0a543a70ecb3919c8f9151a1c58592addb6cdf508151469ff004d2f5549c367073fb38187fa6eab5b2cf84bfe32a0fb0e7fbcf7b67aba5d1fc4cb8712bf459b564656bf09517ca6fd6415610004000000000000000df4000000000064d11c8c7ba894a51565728371f66bc975da000e7d97c0b637ba20f72eda6167b46c5ef081d0400b680008000000000cccac2c5a7cf32daaba9bf1eec69206b6ef4b83b9c7853992b142b9f9a7097407886eb8f4bf467e27fb49144da5dafb399e925aa9d4ed534ae70f781e6dd77f4f7167e13c99d9fc5a5ab8e6b78b273c8d542139c7e66df9b8054f80022afbee579babd8fd2e3eaa7910552939118b9c6e1af6e3571b1bfdc6e1eea8d369fc23738294ec66ce8b75b8cafc5f5b93552b3f0e1f91fed30a89b79dee126bfc3b6c0b9f1edae46df5cb2b2311e3cbcda5123b8b7209ee6aba9cbaa30ccc7935613c00e7d3e35c9b49916cf4394a744db7e8b3a0d9657542765938c2114dca527d2497eecc10dfe92cfd1b3c67eddfeb40525dff00d49bba8ac4a6bfeffe5121a8e31b39eca9da6f33237dd526a1592bb9dae1dda9cffa2da570be344a707099a3c4f95d3b6a618b9334b397fd2690166000400000000000000000000000000000000000000000c7b0dd6af56eb8e6e546a73f83215ce4dc556eeeaaff005fd29421d166b7da5494395e82738423b1afb919e3c874f26d2cd8768e7d9bc2a1afc39db3cd53b3fe44a3d0d2f16ab61853be77b874da8f477f97c3e9dfaeb8de4e4f56a6293e33aed7d7bfcacbc6d82bbbae5d565e0e5fc2ab54723cd4d49f862b475039724932d474c2db3b00061b0000000000000000000000000000000000000000000000000000000000000000000000000000000000000000000000000000000000000000000000000000000000000000000000000000000000000000000000000000000000000000000000000000000000000000000000000000000000000000000000000000000000000ac727d6674de1e5e35906f1a6ec70659cabf24ccc885546362b4afbe6d41b0b12faeda3cec1f3f0555befdc087d6606c6fdafe21969d50a935543dbdd32bb93c7f3f1aec550dadcadb9fe6717f909fd76df33579d76b76339daa115285dff00700b609494576cf98d9d8b975ab31ed5387dd1f64d24db02b7fe31d2d375954fb8dd09b8497833532f91693329b61092936baf1f025fbe30e76c9d58cec727e7da4e4476c71f412c6b2caa142f672ed25fb05eb697e2ef223a7c78e426a69cff00e8e449119c7322d7a9c756c7dd77d7f1d92612f90001000000000000017551b20d3063cdb9d78d638f4928bec2cf2aaeaf57b3d65b6e1c6d56e1a8b707fbf6cd3d5eb76f3ae78f749428567f6edc4cda49e6ceb9ecb272e6a3d4938111e3b59556ed2bceb6305353843bf66930d5d2fd95a4d7df89463df4464a0d746ea492e91f35798f335d899136bce7545cfaf65d9f430000000000000000000000000000000000000000000001e73b2a3858975eeb9cd570726a0bb67a005357f51755df53a2e4476f397e9f6dabc9c350bd4e68be5b89a7a7ca73c5c58af97270898e12e3ee6945617949fda217fc53b87f2c9db1ab5b9d09f9c3a842c2f82bc4c18cd595e3d2a4bfe6515d802177dc99696d855f86df7b9c7b4e1ed121d73fa7af7d3e67648721d9ef30b2ea8616ae1934bafbed904f91f28824df1ea3e3ed222e961d6f2dc6d94333c316faecc7a1dd384894d16ea8de61cb2a9ae508ab1c3a9107c537f93b8b72e9c9c3a699528b342baeb8f8d708c57da2ba4100015000001d2ed3e814fdbf2ccba73e7afd4e12c8ba0bb90170fa6c7f3f3f42bf3efbf2f15df60e6987ce7790f2b7335d078d5dbe16ce1069c0e9785975676263e554fb85b0524000000000000072a7555bde679346ca4e308c1a84053a7d45faee45ea4142cc3bed8533fed02f3b1e2b8b9bb8c7d9c66ea9c3af34be25d15d9f01c9bb3b2e766c7ac6bee7394201527c02fbeed3b56fc427d40b59835f818fadc3a71685d575ae919c20000000000000000000000000000003000000000000000d5dee9ff19c278df533a7dfe626d11bcab3efd768b32fc79f8ddf92107fde72039dd9c2f356fa9c4865dae85529faff00bc09f9ff004f28707e7b5be64ef18d46760536646767597e46428ca69cbb5136619b89c935d9d5e0e55d57567a4ed4ba69c7a61768fd0711ab459575f0ce9dbe70eba71e8b0949e21b4cda767b1d1e7e53be74cdaaa6fdff00417608abe5f36d36bf272689ab673a9a5f9047fa83c79cba73bd2fbb8163bf47a6be6e76eb312536fb727547b63f01d1ff00f7a307ff0022015c930795d5a8de67db8f2b2fd7e45ae7e2760c6c9a72f1eac8a27e55d91528b35acd268faebf08c2ff00c881b35d75d508c2b846108aea318ae924060df602d96a33311deaa538a6e7f6516a47328ecf86ebab8637e19f58e9fc93bfc3e645f396fad4f19d9baa7d4dc127fc3924ca9421ad5c05db45507375b56cbaf7f303c2c1e2fc93d0c3c24b03254fd471f47de702fd83a6d66aa56bc2c7553b1454df6fe2250796fa1561e8678934b39b5e36c3da6e074800738e711855c874d9597173c24a0a7fed33a3907c8b65c77bfc2f6b3f79d6a608905bcd155850b565d2a875f715fd8a0700829eeb6b91454d62b84940d55a8e06e6e7f8bdfe1fb43cd17fe3599a1b71e78fa85d42a7dcc0960004000000000000000000000000000000000000000000000aa7f50726ea74f45509f4afc9509b2d66a721d3d1b9d6cf1aeb1c3c5fa909fda490143e55a1d6eb349aca71ea879bcb827625ef33366eab134dcab8ecf061e0f224d5b4c4cf2d16d767c631b15ec71edb6ac9738dca6e69c4dfd071caa196b619bb179b9b4fb26a5dc60156b0004732e5bb4581cb3032f160e77534af5511b0e4d978fbfbf731d4cd2bf1d55e99d7e78f8f3b15b3a6b958a3e2a6e29bebedd8e974974ba41546e1383991c9d8ed72b1dd4f27b50897900217d35e4536d362ee1641c24be3d99565fd3dd07874fea3f9f32d3917c31b1efbecfd155729cbf88aed94ae39b3dd6cf2f2b7397370d6c299a85415211e01c757cd57bfe6c33e270ed2ebb368ccc65746cabbf673ed154a32799f2295b99817ac6c5f392a8dfd3eef79aede51a4dcb85ae6bf25a05e8001000000000000000000000000000000000000000002b5c8b93d1a24aa55bb32a71ee30f849165299c9a1a096ff03f1273efd0358eb69557a72b7bbff2b6706eaaa1397b2ea0d927a6e5b46a712dc5bb12d77424ce91851c154463891a955e2ba50492343338c69336df56dc2879f7db71497674bc98deae1d39cc2cbb99281c0eac9cbdbe5ec27df8baa49b3a70c5c3c6c3a9558d4c2a877df508a8a073caeeba49a000654000000000000000000000000000000000000000000000000000000000000000000000000000000000000ed0ff006f600000000000000000000000000000000000000000000000000000000000000000000000000000000000000000000000000000000000000000000000000000000000000000000000000000000000000000000000157e4b819cde2656247ce78f3735065a0adf20d8dd86f12aa20e57644dc6b22c69ed2fcbb6bd764538ddd919f738797f6648e1ebafceb9e4e7d118a71ea31ed35e2464f8bed941d9f8bd91fdfc11b7a4d8ecb1b3a1aecffcee6bb8591f8404ae06930f539193662f708dbf35f6da3532b93ea702f78f953ea6bfb3274d1d8ea75f9ed4f230eb9f4ba4da029d2b7845f75f736dcec939c9f9c8cb0bf8429c62e4935ee97b9e38ee16973b3b60edaab7e958d46a7ed1e89ddc71ed15d8f392c7a6a9c23ece29228b061dd8f7d109e3c93abf66810dc56e52d5f4a3d284dc7da1e1164c82800080000000000000bea56d53837d769a4c0039f63f1bdf6be73c5a32212c49aed4e4bdcb0e4e82e7838d895642843a5ea37f2cb064ed30716495b7c23fcb1465e3e4a6eab6325fd986b77ecf38f4c71e8aea8fb46114923d0019000000000000000000000000000000000000000000000c1b8cafa3d765e5a697a3549c4ce3329a2fc5beabda554ab9466dbe924d01cdb4bc6bfc4353daecf3a73f59b6aa44f4ff00a7ba397c3ba24463e8b926b1d8b47b3a6dc37f9e109cccf3bbfa84e1d7a547f290569e16266f13dfe060c72ddd8998ce8e5534fc673dec21b2dd65faf7c3fe143e628b582a2b73cab5ba5c8863e4ab5ce5053f6891cb9ee83af69dcdff00681bfc8f6ba7d6c233cec685f6f5f920e2a6caa7e35b2856ed7c4285475dcba82edc00cfc4affade43bcd942970a2d45ec89e39bec0db52e18f52a6dad77655d75d12c100000000039e70ec8a75fb6d9ebf2d7594e6e4a723a1b7d2eca73e69c52795f533aedf5a1eca6ea0aace26f3030f0793e164b6edbafb543ef32ff00c371edc7e3f82a6ff545cd2fb29b2b10e43c26ab6794a89cefff00bf517dc2cca733128c8a5350b20a514d74d203d0002000000003cd99d874df563cef846cb3f445bf767ab7271e8695b7420dfc26fa397510b775cdec73bbc162c7b5fc408bcfa3337f91bbca9e4f84709cd421f7506c2bb282bfc233ecccd1d0ac9f72a7b816008000000000000000000000000000000000000000000001a3c975766db4d9589574ad7d4a1dfde2cde00503136dcd306aaf027a88cec5051858cc38ba0e5ba16edd64e9bddcbbb60fa43793dd5dcc1e260e74ea7e841c539bf02c181ca9d3910d76eaafa7cbfda7ff00aa90578e2fc6f3303272b65b3b14f36f2d0134d76804000000003228ab268ba8ba3e55db0709af8ed48aec386e151add8e0537dbe1933f2fcefb502c442e5f2fd0604dd7665f94d369aad7981a9a5e0faed5e457953b6791743e1ccb29afacdf6ab6ae51c3ca8ce6be61f0cd80043eef8d6a76f955e465f6ad8c147da5d77144c14ee4fc576fb9d943271b3aa8551a928c66e406c59c1b8d7a526a0e3edd29bb5909fd36b7197e218fe0bd7efcdcbef035ff00c07c8941416e61e1fbaf39974e37c631f4354dab7d5be7faec0260000000000000000000000000000000000000000000000000a873fbf21626b70aa938472b27c2732de6a6ff004d8fbac078f75aeaea4a70b3fd120291c971d69b51aed16bdcfcf22e303d5d1a0e57a1a35f6cbbb61d5f06c9cd3f1afa5d8559fb1dbfd5db4a71abb908e2e830394557df9b65b9d92e72abb6bc2a0ab6810b2bb22a509c6517fbc5f6804466f37f81a2a62ef9776cd370aa3f322a33e65c9723a9e1e82c54cfde0fc2733c67578fb4e7f46365c53aeba7a50f953f04e674449452492492e92445503139f6451930c7db6b5e3fde65fe138ce10945a6a4934c87e5d878d7f1fcf76c177557e7097da5130709be76f1cc4777ed29c61fc40a27f6588b375f998adf5eb533877f66d1ccb57bbfc030eed1edf1275afcfe16fca6a674d1762e36424afa2bb17da71520396f1ce6d89aad7c3072289c954e5e1381bd893c8e53c9b1362b1274e1e2c3e665fbf01d27edabc45fc55133461082ea31497f65d0000040000000000000000000000000000000000000000081de714c5df5d5e4d97d954d55e24f1ab93b4d7e035f537c6327f10fdd971defa4bad775c875d89b6ab372b175b9137e127fefe2586ae4fc875767a599442e827fc4887d76faad6e467df08a73b273706c90b5eef78d3af17c60e2a4a728b5191ebb31b7f34923cb32bed6ed79d2728c3dcced85709c2705db83258abf17e3976995f7645a9df6fb3f07eca25a0f2e7e9f55f4f87a71debb00065a0000000000000000000000000000000000000000000000000000000000000000000000000000000000000000000000000000000000000000000000000000000000000000000000000000000000000000000000000000000000000000000000000000000000000000000000000000000000000000000000000000000000000a7f2cc4d8d8b5f76141b9d37a917020779b69eb6884a304e76b70827df4d858d4a779bf954d4b532f3ffbb2457de4f27a76eb36ed4c9a82e943b4649ec395d2f16c71a12b27d428727d969d4f21f5ae9e167d4a9c88fb28f7d81bfa7dae467abd64e14b1e706bd9becdd938a4fbf811f16bb8f5d312ebae80a5ecf49a5cccdfa8c5d87d36545fba463869ea4ffed3bcb670f9926cd4cb5c66ad8ca3636aeefa99273c2e34e9aaeb1cbd39cbc134c8d6965c0ccd2d35c28c6c9a7d97b45336caf53c3f4ce75df076a4be1265862946292fd97419ba000540000000000000f197275d5dfc2fb1ecf99152bea9c3dba682c73dd171dc6df533cfcd6da7649288daf135a87f5babbe75baba9f80c0e35cab5ae6b0f3295539b6ea6df81b79ba3e5d9cba966d1087da0d855e35991664e0635d62ea53ad360a86060f2ec49d109e4e3ba6b2de128000800000000000000000000000000000000000000000cac5a3331edc7be1e55ce3d49000545706862dd3b75bb4bf185f3e71ac7e6953b0a916e017d5551d5f3677e6558199adb68be6d4525dc8b70f18b7df4bb00ba73ce6ad61eff51b1b7a9d30828b81758f27d1cf1de42ce83825db3eef31b4d3a5646ce8ae71afe1c9149ab6fc0673f0fc320976d76eb0ac5a9dae95728da6c964785335ec747c4d9616741cf1ae538a2129e39c57614aba8c2a5c24be604deb75381a9a654e1d3e1094bc982e9f400190000080b1f0caaeb55ab0636392f35327da4d34fe19547fd3cd0b9b7de4ff001e6151fc99f129ea723d2b3155f183f47c0b5715b2d9f1fd63b61e3d5091155700d042709385d3ebf6732cd5555d15575571518422a314bf648000020000000039f6ff008ceeeadc5bb0d37c5f0ea66d61f11cdab8ee4e1faeaac9bac6e72f9ed1139fbae4bb1dedfafd4cdd5e02ec0fea274fbcb9cbf89a0ae85a0d3ad3eb68c57679ce3df7236c8ce310dcd7ac8476ce5eb26ff5bee449840000000000000000000000000000000000000000000008fdd51bb78d0fc22dae17f97bb992056f99ed3375b8986f0a4d5d75ea082c73f9d5ca67c9ff003cd4762a2ba9fc43a458f6da4e63b8a151991c169352524fa689de3dc9e3b1c9b30f3b19519f5133befc696127a8553bd4d3929fef102bfc3f53bed5bc9af6162547b7843cd48b5907c5791cf758977d456a19344ba9a44e04000000004572fbf268e3bb19e3b929f8c576bece4932078bf19d0646a3172acc759175b0ee6e65b779afbb67abcac2ab23d19da92f328f8bc0b658a97a1be9d3f7500ad6ddea70f55bdd47e0ae54e64e7ef4c1fb781d1ca0c7fa7d92eff5e7bdb9dbfb4d27e64c69b8be46b7630cabf757dee09fe46c0b300563997267a7a162e2b6b36e8a7197ed088459c1c829d4737d9a8663c9c85e71ee2e57380599cbf8bba6ecb764f1dbfd164fce0075f03599f5ecb031b2e0ba56d6a4d7d98000000000000000000000000000000000000000000000056b9a6af2f658f80ab9a58d5dfde4fba5d40b294de7f7dca9d5e1ab5d74e4ded5b20201617f4f697e13cf9cdfdff39b5470dd36c33f1afd76546ed77babe2a6fcd16fa386f1ea71951f4119fde73f79955a30a3a0e6b85898374d6365d4e76541576d3697174b8d3a6894dc25372fcc6e00114de55c776b7ec29dc6a26964d5049c3e2458f8e59b99eba1f8b56a37affac9103b4b39d7e256bc1a28fa587bc3e3a9a23f2363fd42a2895b3c1a1a49b7e110a91e49a0de6e7323455990a75de11f32d3afc1a35b8546355fa2a828a39d61ec79d6cb5b1cac39d1384e6d7b75e6743d7cf3160e3acc92793e0bd4ebee065d8e5ac1c0cbca6bb54d339f5f7e91cba1bee61562d5bdb9c67813b3a751d2b774e34b4db185f2f1ade3cfb97d8e4d8fca311f12bf4f6c26af55b8d6e2bda5ee05af79c8b6fabd86bf2fb83d4e4281754fb5d9c7f3f6d4eef4da2d2e1d3379509d6a7edecba8f81d82b8b8c2116fb6a297600001000000000000000000000000000000000000000002a3bfe1f91b9dcc72de628d0ab51e8b7155dff348e9b64f0be93d5eaa4db2e3bdf49521aee29a8d6fbc2bf397de64d49c2b8393e9462bb7fd922810fea341fce033dddce6acac6c8a9e24a1e754e276f93cb58bc9862b468792e2ef1e4c6a8383aa7ff5892873afe9d43ac8d8b3a29cb2c7d374dcbb9b000654000000000000007bf6c0000000000000000000000ec0000000000000000000000000000000000000000000000000000000000000000000000000000000000000000000000000000000000000000000000000000000000000000000000000000000000000000000000000000000000000000000000000000000000000000000000054395faf4cf5b90e893aa9bfb9f45bc8dd9ecb1b071a72bd45a7eca2d77db0b15fdd67d496b7260a4ebf5927fef1663862added965c13855543c15b1f6723465becaef1ea9e8a6aa94fa4e45c745b6d7e629514d1e85f0fd75744ecb1a9a3d66cf556e5556e579e37c551276d8ff00bbfb23e86d25eefa29bed44d4e36b2ed86debc9846cbfd5728291b58f0c4c9ab678326a50aaceff8355f1cc2c8cfcacb8eea50729b6bd39a5d44ddc7d06be89493dc4ff3a6a6e7624d916a5789593bf53073b7cd46c9449931e1c35dacc4ae985f5c2b4fa4e524bb6cc8564000000000000000031e43942a9497ec9b321f33a16cea6a15f92e9af10b3ca838b8bc8f7554f2ead8ac7abcdc229224169795a92ffe96835da6ff0022456f4fb2e4da87663ad6d96d29b26e1cab90bb7c6dd0d8e2e6bf44586978c68db0a2a8dd3f3b147f34baebb60f38f74eec7aac9d6eb94a29b8bf947a0c000000000000000000000000000000000000000000000457269dd4e9736754dc24aa7d4a2fa689534791d16dba3cfaa9abcec9d5d2416798e77a1dfeeb578d897ec673b75f9126a16b6a6e2ce9b7d0f3f5f6ac6ca5076d6d55743a928bfb903a0d4432b8ae2e0e7e2b8fb59ed25ef16e4c81a71f94f1776518947d7617cc1752934065d2e7eef55bf86a76d7a9c2fefc265f0a46b70b7bb9dee26db65870c5a719350835d4cbb82b9f72971cbe45abd4defac7708ce648ecb5dabab9168f1963530adc2cf624f9268f036ca36caf58f955f5e1791db4d3cf633d5e455b8abd6a1353b14d76c8a89d747275fbee4356aab56d70abd5855f69b2dfa2e43f8c5174de34e8b6a9f8ceb91a3a1fc075b7e5e3c33633cbf9badb268b1c2bae2e5284229cbddb4be4174000ac8000063d8ee75bab8296664aacc92978c652ebe136733d16063726d967e6ecee9cdd72f08d2c2af78bcaf419738c29cf839b7d24d389229a693451793f13d2e36b3232e8ff0022fa61dc0b0f12cbbafd0603b7de4a0d790132000800000000e479db8969b9867e5e2637a9f9142502567fd48ca5f3a6ff00accf6ffa8382afb55ba81673fd6feda797fba8855df8f6e27b9d7c32e78de8b66e94dd873186bb55a8c9c6d724b2d4df87c2878172c7be1934557c1351b20a493f67d30800000000000000000000000000000000000000000000148fea35d1862eaa1f7ca732ee323171b2a0a1914576c53524a715249a02afc878dfe2d898b9b82d433ea829426bd9d845e0f3f863d5e86df12f86557ed37145f12492497490cad66bb31f7938345cfef382930291c26bcb9dfbadadd4ba619b7f9c205dc00000000001294609ca52497dd8f5aaedaf521daf9f746aeeb4d0dc604b0e774ea8ca49b940a8c3fa73850f9d9e4855c76d8587b6c19e35b74941b4d4ab9f4d3441e938d60ebb653ccaf693c9bbc3a926d159b78be8ebc8861d5c86ef5e6fa50534cb2e8f8957a3ceb722bcdb2716882c8731e657c30b986a72ac4fc2b85137fed3674e3537ba4c3dd61ba323d9af7859fbc5951b7839f89b0c786462dd1b2b92f945439fed306ad55baf94d3cab7c2518123a2c6d5f1bc08e3cf6754a56cdb727249391a5b5e2baedfed639df88f75f828ce15b4c0dae0b4e453c7a85727f9e729c3ff00032c229aaba2aae9aa0a35c22a318afd92f6480001800000000000000000000000000000000000000000047f23d055bec1544acf4ec84fcebb0900073ca703fa8b8895156541c13f66dc192da2e3595839cf67b2ca57e74cb680bb0001149da73acbd7e7e462bd24da84dc5373e9ccd39ff5073ada9c28d0cd5afd97bb99bbb4e616c7637e06b355f556d1da992389c9164e8eecfa35fe79547b594463f120af3c335f97abd43864a709db74ac7535ef02cc60d36e28dc6babcca575db71945fed24670865c715e35df56a0e8516e7e7fa52473c5ccf42a4e3468e73843f78a45d394c27671eda2835ff0001b2bdc537fa0a74f8d4bbe8c5b609a9a9856851cff05e442bc6d2cfb9c944bf91dfe20e3bdc21f896349cdf4929264880000400000000000000000000000000000000000000000d4cee3ba8d8df2bf2b0e33b1f49c8db025b045be25a17d77848c39dc734b4605f386124eaaa738f4c9a06fd79feeacfa31fdb141fe9c2eeacfb7ef32fc79a68a31a3e3555087f68ae8f466db6eeb5a9000100000000000000000000000000000000000000000000000000000000000000000000000000000000000000000000000000000000000000000000000000000000000000000000000000000000000000000000000000000000000000000000000000000000000000000000000000000000000000000000000000000000000001f7d3e9949e576c2a96a276b6ab595fe6b2ec78cfc0c4cca7d2c8afce2d858a9eeb6186a5ab75b8aaa77af797b2fd2c536d391c9213c37f9215f564a24a64f17d65d894624fcdc2b7f725359a9c4d653e1545f5f797bc985e99c58928bed760065ce2ec7e2af3f255993646d736e503dc31b8a5d2ea39d3f67f0bb2ed769b4565d3b6dc7a3ce4fddb4885da71cd55b8d67d2574c2c51694a0fdc34dc7c6f5d9bada28af26d54a979c5c193908f84231edbe925db3438e55958fa7c7af2a1e16aefb37c2500010000000000000005f6fa31f2f64bf76fd900073e7c8b7f9f65d0d56ba73afbf15315f29e47adc9a2adb6be3e8f7d4ee5064daebf9741029b617d55db07dc671524c15000000000000000000000000000000000000000000000197915e3635d7d9fa2b8b9cbf840c3bdc3b33b519f8d537ea4e97e1d3ebb60519724e49b5f37a7d52f42126bd4322c8fea255f9e545362ff475134b41cb29d1e2ad5ed712ea6743693502c2f9ff001efda77fff000115f349cba5939b1d6ec711e365bf687da65a0e758f7be4bc9b0337170a70c7c5f776b47452954fe51a5ccd8ed75fdcdad7a8f53e9f4d48d68713e28ad75acf9f9ffa1587ae5376565ee303478f74ea8dd153b2688fc9e29adc6deeb70fcee71bebb5b983a66abfa7754f3725db933fa66bbaa48bfebf0abc0c4ab1a129baeb5ece6dc9b29dc6b2b270379b2d25d933ba9a57754a65cc14000400001f5d3ece677dbc76bdd4363aede2a3e3d58281d31f4d3efe0aec38c71172b2d8c28927ff007d3482c45723cad06ede1467ba8c2aae4dce3192ea44ce1f23e2d818f8d8946756ab8a50895be55c7b8f62ea67918ce155b0fd1e0ff5937a6d069b2b51abcb9ebe985ce984fb480b38002000000002a9b2dff15c6cdba9c8a2a958baf37e9791af7f32e310c69cf1aaae57c63dc20e968d7c3e0b35bbc8c8cf9c32315f6e3f76d937b2e1ba8bf072218d895577bafaae645466ab9769366b128cba2355fdf50875da4d9734924922b7a8e15abc3c6c5fa9a636e4c3de732c850000400000000000000000000000000000000000000000000000000000000000043f25d8e4ea34d765d10eeded417da1e4738c0cfcae4109d3b3e4f2c75fb57e075fba14ceb9c6e8c255f5dc94d271f6f7f7eca76ce8e057ce75dd66255349b72a5a8854b6a78ae830f2219d8907392f7849cdc9226ca3e9b43463665395a7dfbbb16127e74f7d97808146e73bdcda2da351849ab6f8464e48bc9ccf96def5bcc35b9f2afbae10a80c389fd3acbbb16176567aa66d77e1e1e6476cb4dbce23386562e649d1df5ea44ec589b1c1c9c7aaeab26a709c7b5f99146e77bdc096b27afa2f85b7593877e0d3f00abb697631da6b313317cd95af35f6919089e21853c2d0e1427df738fabfc7992c100000000000000000000000000000000000000000000020f93e8b63b8fa3fa3cf542a9b6c9c2b1cb61c954287a86fc3dfcd55fac2c41dfc7767834f797cbd528a7e4e6ec6bbbe9703777e63b3d9aae3226f570d2c542ddfc364ef4fdfea13751d4f5ab4be11fc39627497b7a3e21557e134edf170f2bf12572ee51f461696d0032e653d8e0e839ae658edf3a723bf5bef54a661d3f24d46b765c8a6dcde3e4cfcea2576db2e1983b1cb84f56f2f2a76b77351534a6684f92716a929ae2bff005aa0153bfd3bc7bead4e4ce75382b325b817035345b886e305655744e10f371f736c065e355978d763dc9baec8b8cd27d76995ff00f01f1af9fa49ff00e6ccb064e563e2532bb22e8555c7e6537d234bfc4fa0e93fc571bff8c08c5c278ed12aee862cd4eb929afcecb01a4f92e83af7dae2ff001e68d9c2dd6ab3ee74e266d56d8a3e4e316064000400000000000000000000000000000000000000000a26cf9adfa9dde4e2cf114f1a0d22f6686e34baccbc7c9b6ec68bb3c1b53358eb7da5dc9b86b7916a767ef4e4fe7f6fc934e26fa69aed3ed1c9355a1b76b4643ab354655f4976fe642eccdef1cc9854b29dc947a8c536e1d1d6f14b6c97b729cbf78eb6087e33bdb77582eeb2a509466e0c9838d9aba759760008a000000000000000000000000000004ba5d200000000000000000fbebd800000000000000000000000000000000000000000000000000000000000000000000000000000000000000000000000000000000000000000000000000000000000000000000000000000000000000000000000000000000000000000000000000000000000000343376756043d5b7a5037ca472b9d10fc33eaa6bc3eb22e6bf6710b2359f3e70b575acb1d5feb2e3a7e47afdc76a89f53ff004b3eaccd14b1da8db8fe1fb7ba2a75e6686ae4944e8bab84bdd36bae82e97a13978c5b155f4dcbbaad84d7fdd7d89c5c90473bcbc6cddf6d6fa6bc99d38f43f09f46ae36976b4db931a76373954ff277efec89ea71b63acdb5fe853ea5394fb94a3ece0ffb9a75fe3b466ec9578929fad24bbfed2235a5c7419f66760295a92b613709a36cc1a7c058188a0faf2edb93fbb33959a0002000000000000063cfc59598b628bf7f16641956aaea9ff0c948a770fd8d78eadd564c7d1be3394e2bfd6a46df28ca85f52c1f41ce76fb40afc7136bbcca797895c31e11fd16bfd4faf6325af9168efaadcc55e650a7fae5ef2820abf6a699e36b71299c545c2a8a693ecc828be17d30b62fb525d82a0000000000000000000000000000000000000000000006beeb612d6eb72b26a8294abadb48d82239641ff87b65d7ed4810da6e4ba8e42a18b9f8b542ff00b4fdd48b065e9b5b4516db46aa9b2c82ed45249c9950c0d057b8e2baac8a66ebcca6163aac89b7a7e64e873c2dec5d1935ff00cffb488a91e3bc9b0f36e9605987f45930f8a8b19cf71efa36dcd7072f022e74d506adb123a114aacf25d1e66566e36cf5b6c2399425134b7785c8add8ea33f12a84edae96a494bd9364bef38e656d33219146d6fc6eab5070832165c3b73084a50e4792e6bf477264131c7b497e15b939d9b72b337252767da04f146e0f959bf5fb7c2ccca9db6d3f79365e4a80000000035da6bee8e777707d14327d1b777646727ed06e2744393e938fc3774ece599956fe2355bd2fce162c4b806a616d2eed8df3877ed09975a69af1a8aa8aa3d42b828457d9239c5b18edb89bcb9e5cd65eb1bea6a45d38d67dd97a2c0b6d7dd8ebe9c81528000800000000039eea28e518fca17d5cf2e789dcfb94e4dc1ae89fe678db9bf0e8fc2e7729c24dcd54da930ba58c1a5c6e3b086970e3b1f3fa9517e4e6fb91ba1000000000000000000000000000000000000000000000000000000000000000015de737df8dc772151ecac9c21366be8b87e8bf0ac2b2fc585f6db4c6c94db7efe659f6f8189b3c0bb07267e30bbe1f6934d7ba68a353c7b99eb1a860eeaa9d11f682b5b02333b0eae2dcab5af5ce4abc88a52a8e9e5574bc66fab3a3b1db67fd5677ba8fbf70896a8db54e73846c8b9c3af28a69b5dfdc01a7bcd261ee30563e449c1466a6a66e1cdf99666cb3b7b8da5c3b9a4d43d936bde4062b7fa78a2e7e8eee1d7d9c090c0e13a2c39d5766ec617f5f306d281a9ffa3bceea3d6dff00398e7fd35caf7eb6700ae99171714e2d35fb740c5abc2781aec2c6b66a6e8a630ecca100000000000000000000000000000000000000000000020b916cb90e0df8ab59ae85f53fd6c9d20f916bb90e4dd8b7ea73d55e977dd4df4985883b36bcab2e0e191c52a9c594ecad2f218642c8c2d26461bf97e8cdc8b5d3cdf63afca960ee35addf0f97496dd7727d267a8aab32109bebf258d4181a3c4e7b9af5ad6d1cdcfcff00229fca893e134c01cbb5db3d668794ee9664d4e16dd3ead49bf065cdf31e2f1876f3d3eff6f0990d995f0fff0010ac27af79195936f764a32ee119b34f776f06c0cafa5bb52e735ed3f47dbc00bf6bf67859d8d0bb05a950fbe9f5e3ee9994d5d42d4d7814cf571afd0976e3e06d0479daea70b6f8bf4d975f9414bc97bf4d48ad3e07c72ba65dd363697cbb1967d86c70f598d2c8cab542b89cd9ef77bcb2f9e0ebabfa6c57faee0ac5c3b8beab6baeb7233699ce5eaf50f7713678ee0d1afe73b3c4c64d530c666a71edfd5c61e7eb3670b9785adc3a46f710964ecf926cf71e84e144ea69360742000400000000000000000000000000000000000000000a3ef79c518f765e043126daee0e65e08d9718d45bb19e7db439dd2f9f27da358d92ef4966e7972ed3cb7b647c35b54a709cbf3cbe1166c7e1b7df3f3d9e4b69afd112fb0842b8a8c20a297ec9740e979f2be351ce716334c7add6e2eaf1955443c608c801cadb6eebac92000200000000000000000000000000000000000000000000000fb0000000000000000000000000000000000000000000000000000000000000000000000000000000000000000000000000000000000000000000000000000000000000000000000000000000000000000000000000000000000000000000000000000000000000008cdceab5db18570cb8fb426a449951e4d2bdfd2d15dcebfa8b7c095ac5a91d6f0c4e78eafad3efdd79b2469e19a0b20dd2884cfe2baba1e1c5c66dce7d58dcc92c484f55bec3c4a6df3c7c9836e32937d38a1b161d5e930f52ed78f29f53493f27dfc12127d202694e1d76545471f333f336972a6f55d34cfa9fb7c9ad9595bbbf657ac6be11a688a7eebbed986fc4de6af3b2be97195d8f77fd626f63ea76b4eb72acafdf2f26717d3fd90559341b2bb6380adbe295d1938ccdb35743ac96af05d339f94a537366d04a000200000000000006bec316db716c8c26d5938b4ba360c39b74f1716eba30f29c60dc61f77d7b22559e541d4f23c8d179e16cb06e494df8ccd8d8eed6deafa2c2a27395cfc3eca2785c9f716b9577f1994fdffd0c55cbeec7ca851668a54b0abcebe89636bf131e5ecebaa2a5fc99855273aa126ba6e29b40ac800000000000000000000000000000000000000000000686fe7462e973edbea56c155ef5fc791be45f2e715c7765df5ff080d0e2bc874f998d4e16352b1a75c3fe0125bdd6eb2ec5befc9d6bc971aff4c3da6ca461f1d9e7f18d566e0354e752a72ee1ece64fe8798e2e5d4f1f6728636641b4d4fd9322b2f18daf1dc87755aec6fa6b3dbceb2c8739ae7afc9e77832d638784613f55c17499d18a557f7f95cb29ccad6a30a16d1e9a6db2216d79ec2129d9a6a9929bae4b769f32aa7f0bbae8b826e7134d73cadc1cd6973ff95020f1c373279d9fb6befc3aa9c8f656745c8a4f0e964656cb71b6943d2a32bde102ec21400150000039cd5c6390db9d7ec966d58775bed2504a4746947ca328f6d769aed14aa381df09cdd9becbf7fde0c2c474781ed215db4bdc28d16cbbb5781d1b59875606062e2d4fb8550493399eff008c6c359812cc86eb2ae857d39c25368e8ba0b2bb749ad9d6e4e2f1e1ef27e4c0ce0008000000000000000000000000000000000000000000000000000000000000000000000000000076bbe800042f2ca3539183543639cf157a9dd7614da78ff1aee36ae536b9fcf6a691d1f6fa6c1dcd10a33232708cd4d78be8af4f847168b5170717fdee0a8fd16b74546ea89e36feecbbe109c954df64deaf8ad381b9ccda4b2a76d974e6e2be147ccabe2e827a3e6583f4745af1254c9b9b3a1840e5fcb2591a6e598db75439c1c20cea041edb9371ec6cbb75bb05e6e2939a955e7002bf0fea5e1fa5073d7dbe661b3fa994ff00eab573ff00799bef3f803f778f87fed51827b8fe9f272ffb0e3bebed8e05df0b3566e0e2e54578abaa8cfafb291ec604f1edc1c4b31a1e344a984aa8f5e3d41af60000000000000000000000000000000000000000000000002adc9357bacfcfc758bb35878ca1eefd7940087ceda6b75bce727272a7d56b0d427ede7ee57b6df86ef32250d1e8ed76b7ef7a93844bb6070ce3d8ad59957fd55dfbbb66ba2d95d9814755d73a2bf6f68c5c63ec150dc63133f03535539b393b7ddbee5db89322338ce2a5092945fc34fb4c0472dd167e06a771c9adcfb210c98d93f45ca27bd5baf1b49b7dfe7a56db9ca70a49acec8e39b9e4346bfe81dd7c652859725d24e07bdbf27d16039eb1e9de4578cd270f08fa500adde0d5cf1b8ed3e6bde76ce68b28d6ec31765854e5e377e94d7b76ba6baf60110bcbeed455ac83da553b6af5d38420da6e649e89eba7abc69ebaa50c69a6e08cf958989995aaf2b1eaba09f6a3645492656b2f96f1ed2258953f3f0f8863a4e282fb2cb95a8d5e6cfcf2b068ba7d75dce09b15d70aa118570518a5d249749153a7fa89a19cd4270ca87f77045b28c8a726985d4d919d735dc6517da60000100000000000000000000000000000000000000000226fe5ba4c6befa6fc970754927ecd92c71ea35f56f793e4c2db1421372949c0e9c78e377eaace56cd69d1bfc6dc6fff00db5ffe5ccf73e63a18d6a6b2fb4fed0910cffa79ab7d3775e43720e23aed46b6ccaaa76cda91bf4f05bd6559b793ece91aad8e1ecb1bd7c4b7ce1e4e27a2adfd3deff00fe72a65a4e37cb70008ebb7faac1d8c30326ff0be514ffb222a440aaea6e8f95564671fbc5f60000000000000000000000000000000000000000000000000000000000000000000000000000000000000000000000000000000000000000000000000000000000000000000000000000000000000000000000000000000000000000000000000000000000000000000000000000000000000000000000000000000000105c878fddb2aabf42ceacaa4e75ff6913a253843f54e2bf97d0596a999dace4d76bf0fdab79909fbb5d129a4d1e6d594b3b637ab2f8fb5692f682689ff005a9ffee91ebf90f2288f5ddd05fcc905ddfb0466df1372e987e1b7454e2fdd492f724e328c977169afba013c2bda87c85e4ca59fe0a84bf434bbff006e8b0800a0002000000000000000007cbef8535ce72fd315db7fc1f4f393e8aaa51ba0a55b8b524fdd74040d3cdb8df82ffb5b5fcc1905bddeea7694ac6c29ca76b97b7506bdcf51d8f06ee5d60d2beed522de4dc57053962e12f3fb28055ef5d1b6181891b9b73554549b0456a7956a369355536784fa4d4644a84000000000000000000000000000000000000000000000d0da5fa7cac4c9c5cbcaa941c5ab137ef146f90bbae21acdc5cafb1d955bf0dc0093d1435f5eaf1e1afb5598f1ed46688fda710d2ed2d77db4b85cfe67066ee9f4f8ba7c6fa7c7737526da737dc99b4047ea341add3425f4f57bbf994bddb2400021f65ca353a9c9fa7ca9c95bd27d283f8647ae67c62c84e165dda9269a70661e4db5c3c6d9431f278facc6e94e3678299a0f90e9bc577c56f4beef1a24dc564e1b7cefdb6e2da20ebc07ff000a05e4ad6bb93513c5ceb29d4df5428839462ab27747b65b8c2596a99d5f9dc1c260ad800150000092938c945f52ebd9940fa3fea379b7f5757fd607df5f67b4e5993890cbb29c5c1929f517f3e031e1b5e577e4db56ce58f834dcea5087b4d915f32b49ccf674ba3333a87437efd17fd5e27d06bb1315cbbf4698c1bf8efa473bdc6a777c76afc47077175b4d5d39c2f99d1351972ced5e0e549752b6884a452800080000000000000000000000000000000000000000000000000000000000000000000000000000000083e61babb4fabef1fdafba5e15c8e71b7e3b938787abd96567db3cbcbbe0a7f78799d239568a5b6d538509fd5532f3a4aa6de1c87338e6a7d7c0b27994677bc141b7f93b49b0adac4bb61c7b9362eaadcfb72b0f22a738f997c293aad76df6dbaa777b8c7850a9a9c2aa0bb003946d3068d8ff0050acc4c94dd53943cffda83ab9489e9b3df397b3ea1e82927f3efd7a5e211b56ff004ef493fd13be0619ff004ef4cbdde464173728af96909e45108ca53ba118c576db924920af38b8f5e263518f5a6a155718413fb45747a09a924d34d35da6804000000000000000000000000000000000000000000000adeff8662eeb36197f553a27d753f6f2f22c846ee392eb34b04afb3bb3f6a61ef30ae75c8f86e2e9352f2eacab676aba2890cfe03898fabbf2de7deeeab19cdf645eeb337dc9b06ecc862bab5f47ba87ef32cd95ccb556f1c9af593cab711c1d3f69c90127c0fbff000e62f73eff003d858881e0d5b871ac2ee1d393b1ff00d664f04728d1ecf0f41772559bed94a7d53da6e5369c8cf87e1ade2bb0d8e6d5e77ed64e1044aef779ac9ec274e1e92acfc9a7e6cf4fb509230e2f3c6e09e7699c71a135094eb5da830ab1712c5c9c0d0e2537d7285bdce4d3fdbb913e31b22acaa6bbe99295735dc5808aef38da646b74e9e34dc2cbad55766be8385eb3130e99e76342fc96bb6e5ef12479869eedbe9e5551ff001699aba0befd22178c731fac9d1adcdc79aca49af3510ab266718d165d2eb9eba95f6705e0d150e1df55aadeecb4365cac8570f345ab93ef968b015d1a94edb27e10895de19839f7e6e66fb3e1d599307080176000400000000000000000000000000000000000000000e4fb2791c6f93db9b1c552a3e2075834b6f6e89d52af64e9ebe7a9fc9bc2eaf8db39f8f2805cff0052d77e86415ddff2c9edeb86060e334e735ed3f999290c6e13e4e7ebcff8948dbc7d970cd7373aa75b92fdfa4d9d758cee71d73972bff712fc5f06ed66971f1ae5d5bdce53260f9adcfc4d862c32315b75cbeeba67d385deebacf0148e4bc367b1d8bcea2e50f3515345dc09754b373cb8bd2b67a5c9f4abbe4bc25e4e1fb48b361f38cda1bfaec4f387ed381a799e97f89a70b63dd2f29393f95d13fb78f14b5783694a0d7fc03d966394c67a2ddc7965ca5b7d7161d7722d56c60a75dc93fb4fd99bc707d9ac5b2739509af1ebc7af797fbb476ad1cf223a7c0f5e5276fd3d7da97caf63872f1cc2f55db8f3b94edbc0038ba800000000000000000000000000000000000000000000000000000000000000000000000000000000000000000000000000000000000000000000000000000000000000000000000000000000000000000000000000000000000000000000000000000000000000000000000000000000000000000000000055394e0e164d143c8cb963a85beed3fd7d96b2a9c9e155d0c685bdfa7f511f2255885c3e3bacc88f54ecf267d7b7cb465af86ebb32173a36d7770649df8987819983763350aa4fc3b8cba8cbd8f75a589c9698e3cdfa5915f9ce2454e6874d2d451656f2ecb949fb291bd24daf66049a48d26edaa4d985cb61917759f5783976bc91956172eb1b50cfa3fbfe535f35ec76f997e3e2e54e8aaa714e49f4fbecd3d6ebf734e4e54e1b4bac951df50737d30d5b520b0f9bd0dcfd5a2d5f1e05d60a6a3f9e5dcbf7fb1a9a5da7d7e042e9c3c27db4d1b6132b40006400000000000035f611afe9a71945c934fbebff00c86c0938a8b72f80b1cdb53b7e27838ee89d6dcfc9f729c1f912176c7876cbfca8c20ad7ed1924d327a195c5beabd055e2fadf6ea242f22d46bee9e3fd1c28a725cd4abeba8855af5fa5d763574ce18d0524934cda3c627a91c4a2367eb55c54bf948f61280008000000000000000000000000000000000000000000476f2dbb174f9f9152f7853260865724d2603eb23360a7f1e2bdd9b981bbd5ec64e389970b25f6289c6789e9b63ada73b33cefbeeee53f730728d06368eba33f5129d17ab145c14c8d6a3a381549cabadcbe5c5360acab9b9dc6e35b92aba349f535749a9a99153e53bfa29f5a7c667e1fde65876bcb753a8cbfa5caf5fcfc54bb8c0d09f3dd07534a76bfe6034adae31c86edec32fcf01511a5a5ed3ec9c4925d25d2295c3dcf2371bccfa699d5857b4e0a48ba840000000052f3f4dbcd66f2edb6a210c857fb594b20f5b5737d75d916626a946175ae6ea6e2750949453949a492edb286b6dbfdee464c74ce9a31a97d7ab3f9930a8eddc39ceda858f6ebbc29fde10703a46928b31b51afa6d8284eba2119239bd1c8b95430add929e2df8f44d46e87b9d375f9b5e760e2e5c3da36d51980000400000000000000000000000000000000000000000000000000000000000000000000000000000f39f85664e064514dbe9db383519ffa59e801405bce53c720a1b7c079742f657c246f55fd46d34d3f3a32205c67084e3284e2a516ba69aed3461b74ba5975e5abc37d7de9805526fe7f6e53f4351ab9db73f8732774383bda2dbb3b6d9ddcef8a5e824ba813b4e362e241578f8f55515f11845451e80141df712de67eeefcdc6cc842a9a5d3edc6512fc726dd3de65f30cbc0c1cebe13935e0bd5942092ad48233ff817914d49ddb48ffbce72305fc037efe32aab7f99b347715f28d2cf12195b59b9dfda8f8dad8dfe0f27d2c2a9e66d27385afa4e174c0ec78554f1b0b1319cfcdd3442b94feee2baecc83593959adc09c9b7296354db6fb6db88000000000000000000000000000000000000000001efdbf7000021b2f8a606c7693cece73b63e29428efa847a264a86f791726c2d8ce8c1d23b28f884dd539f9858b7c68a6352a6354154a3d2824bc7a2bfb0e39c73028cad8bd5426e8aa567826d47d8adbe57cd7f6e38fff0022e316c792728bf59995dfc7a75553a2709cdc2680bf71dd8c367a8c6ca850a94fca2ab4fb4bc1f46d901c17a5c670bf9b7ffef27c239bf05bf1e89eef17213faf6db977fba81ab4edb51471edde35935f517df72855f2fb937d163d96db8b6bf6b3be14fad9ce138cd63a4caf6b765c27ebfd79e0dd09bbbbeeef784661a7bfc179355a5d2ddaeb2e8d908494e8efa7ef36ce995a9a843cdf73f14a5f6ecfa9a6934fb4025b6a2393f217a0c5a2d8632ba5659e3d39746f6162e1e63c6da3c154e44e9fdff574ff00667bdd67ebf5b852c9ce8c6508bfcb16936e7f2922bbc6390ee377976cedc085582a0fa9a4fde605a275d734bce11974fb5daefa60a8e7f3ba69ccbf1f0b02eca54f7e738164d1ef70f7789ebd1dc5a7d4e12f98b036800100000000000000000000000000000000000000000390cb0f2790f24ba9f5a51adb934dfbf5189d78e356d995c5391e44d53e7f2e1f67099d38f7bbabdb19c97cae6bfa77ae7149e6e40ffd1d6abdbfed579a0ffa8ebffd80c73fea44baee1ae3771e6d77624f47b4abae9f554ea306bc5ae729a8b6fb912068687752db6aeacc9d1e9ca7292f137ce35b8143e49cc73f599f66063534c5c3a6ec917c23b278ceab2f62f3afa3ce6e0934fde25c6c97766cb36e518b5ed7699164e9ae729d92edc9c5a8aeff00b96bc5e0f996f4f373143bfd6a08be5b97aed753dceea6a8457c769151d8f3fd750e71c5a67735f13f881def2f2e53a9a8e5f2f8e5ed3d85c5f4b8706a3891937f2e7ee4895ae25becfdd2c8b7229aab847d97826594e196f7dd75924f1000195000000000000000000000000000000000000000000000000000000000000000000000000000000000000000000000000000000000000000000000000000000000000000000000000000000000000000000000000000000000000000000000000000000000000000000000000000000000000000000000000081e45a0bf6d8d5c2bc974b53ed93c79b32b16894636df5c1cbe14a49761628bfe05cf952ab96e2cf127b57c7160e47af7665b7cd75d36d93df538fecfd7afdfe3f3210b2b9fe99c5ff000fb0760926d3ebe4008a1d70daea77367fd9657635f64ff3c7dfc59a18d95b8c7d9edaba71273764fda6fe2274b0176d5d26b65aec2aebb249cfddb3680096ec000000000000000035f69194b0ef514fdeb9246c1e326a94ea9a5e2bd9f5df6c2c735d46835d99a8796e7379be6d4df6d344aecb16bc9d2e2e77a9d6562c14a134cc38dc63754cecb23b5852a6fbf0f933d7c72ec4c6f432b6d17411655df537597eb70edb5a739549b60622a238f5428945d718251e9f7ec0ac8000000000000000000000000000000000000000000007cd9623ccc0cac6f3f056d32877fc9f4c5b8cff00c375b979315ef554da0451f0388ef35909ac7dfaa213ff00b832f85ee7636c2dc8dfab7af87e0454357b2d96af23719bb2c987709db5d509348533cfd06bb59b7ab3aebf1a7738d94ce41a5ab0b8f722a7331edbf7eecaaa6bb8787ca2d06863f26d3e46657890c95eace29a4cdf09503c8b3f4583185d9b8d5d967c57dc3b91527c931d4e153e27fad76a3e1eee267dff00a14731d6fd7fbe27a5da6c97cdcfc6c6e5bac9ce708e3d986fc2616ac5a3db6bf658a9e2250705d4e9fde06d9ce75f4dd9fbbe4391a9bdd09c3aae6bda0e65c78d5fbdb71ae8ede8f0b213ea32fba09625400100000b20acae707f128b8bff007289c3d666a32361a7c8c59af77642f502f72928c5c9bf64bb673b872ae4998f23375dadae7850975db41620b5fb2ce7acd9e9ead7cedbf22e70958bda2bb3ac68f0a581a8c1c5b3e6aa9297f256761c8aec6c0d76cf13595cf1a6fbc9fbc0b7e16643370b1b2e09a85b546693fee0a000200000000000000000000000000000000000000000000000000000000000000000000000000000000000000000732cccea35bfd44b7272e7e14f4979ff00349d34a4ef5f13db6d6dc3d85b3c5caa124eef6826057b98ef75d9f9faab30aef5962b729f48734e49acdc6161d38737270b7cd978d2f13d1e02ba74bfaa5743aeecf19af13363f0ed1e2e74732ba64a71f88b6bc0099d7d53a3030aa9aea70c7ae32fe54400000000000000000000000000000000000000000000000002a5bae2b0cfdadb96b773c694d24e3d855b5ca315dc9a4beecc5baa2ccbd3ec28a7a73b71a6a0523fc133943c6ce4f73807c2a7f30e537a605a789e1e46068b131f260a3641cfb5fcc893977e2fc7e7af63c69f0e581aec7c69e54b21c13ff365f2cf60736e0cb12dc4de5d7f4f33ddcdbfb346ad12d57f83f631be75bb55962827f2a7dbe8bdd5c57598db1cacea9d9077d5384aa4ff00277321f0ff00a7baba32d5f75d65d052ed54c09ce25ebae3daf57c5a9a812800451bfa95dfd06b97c41e4970bf230751a7b3229f0863d75f71f11bdd351bad7d98b6fb4be6b9ff00a6650170ae497574e0656d6bfa083efa8c9b0a97e0381551a7799f33cb93ff00a41b447f0c553e47bc789dfd274fc0b56d38fdb93a4c6d5e0e5bc78d5e09cfef04868b49469309e3c2c736e6e739b025c00100000000000000000000000000000000000000000206ee57c5a7ef6e4a7d3f1f7ae44f35da68a5afe9eebaab9cd655be06f0f4efbba672dfb4db7d6d78734ba54b5ff80f37ecf85b4d5ca8f8f87029b99a5c7ab6d461d373f4a764539ff32e8dbe53c671b59aeaafa6db1bf2f07e677b8e1d4f5e5db8ccb3fdb34e95acc8c0b35f45982a2a8927e0a2ba464227894153a0c287d948963cd94d6563bcf10398725e45b7c5dddf878f99e8555a8fc2474f35f63a0d46ce4e795870959edf9fe266b0b25ee2652d9d572bd7e85ee1b9e467c54fbfe64cbce0f08d1d118f9c1dff00de64567f049f7eae065284d7c22b9915734d3c2e6acbd569fcc7f3a491db2cbd5f4e6e58e36798eb38f8d8f8b5a8534c2b82f88c5748f440f17dd67ed28be79b8ca9754fc09e3cf6597b7680008a000000000000000000000000000000000000000000000000000000000000000000000000000000000000000000000000000000000000000000000000000000000000000000000000000000000000000000000000000000000000000000000000000000000000000000000000000000000000000000000000115bde358dba854a574ea943bea48952077fa6dc667d34b5fb074b849b9058895fd3cc45e0bebf20d7d0ebacd56dfe932b2dd9e517e999568b9852e3386de163f74d4ccda0a1d3b39ad8beb35aee0d3ee124455c43692ed8124dc5a456549d96f36b3cdb3075b429ce2927335be939db5dab6b3cc3657f1bdbe73cbc29ce8be7da9c224fae6faa7d255dfeebf6811a43e3f20e43ac9c23bac25e94a7e3e69a2f49a693452361b1b77509e36360da9cda4dce1d745d312b953898f54faee15c63edfd904af6002a00000000000006b674721625f3a53735097875f7e8d90073ad571cddec29f5f33699545b293ee036dc3f74b1ed756d2ebe0a1ef099d1405daabc6f8ee56a946c9e7d9f9e0bcea2d4004000000000000000000000000000000000000000000000c7b8c079facccc58b4a565328c5bf84d990c1bdc9fa7d4ec269c938e34e49c7d9a69022a1ad86e61a5d8ea3271ba78d54eba6df66a647e36bf71b8d6ebf032711518f4c9ce72fde464d16072ad9e153952dcfa54cd7704e09b306ef1f93e9dd73fc6a5f4936a329a5fa08d2eb99c735976761e778385d47c78fb29744a14dd771cdf63e7e265ddbb77529f9cd76cb9152a2b92ad13c44f6a9784269c4a367eef896d6cc6faca2f51a20a109121bf50cae63afc5caf6c675af9f65366fe7d1835f2dd5d2ea8f87d1cd344559b44f532d7d52d6387a1d7ec6c949e3752c7e53bda70df78abfe8a45d8a94000400001aed35f74720d1f28c5d37d7e03aa57e25964a50703afca5e29bebe1142c3e654382843439537fda1e64555b177f6c3419ba55857cedb5f507f68b3adf1bc6b31345ada2d4d4e34aed14dbb9ee2d1d77a7be32fb4e2a05ef13296561e3e4284a1ead519a8cbe5292eca3d00020000000000000000000000000000000000000000000000000000000000000000000000000000000000000000052b97f14c2be9d8ede36ce17c6af36bf67e08ba94ce5bcb3028a765a8555d3c8757837f105e6052f4189cba188b335136eaeff479c7ff00c532769fea1e762592a361ae529c3e7a9f441e9b3795cf02ac0d762cd51efd5aa0d7eb27313fa799b933576d361eefe543f3c80e95559ead55d9e2e3e7152e9fcaec0a6a853557541350841463fbfb25d0000000000000000000000000000000000000000000000055771c1b1b6bb2b735e75b539af7896a2abbfe6585a89cb1a987af92be57ed002272384eb75d8cefcddee442a453a9d465ed32eda74bf513c2725195936d449dc38e1efa70d86ff7d4c2127ed86a7e0743ab7fc6b1a955d5b2c385705d28c6688addd2ebff000cd5e261b9f93aa1d4a4643e63e551954c2fa26a75cd77192f868fb3f2f197875e5d7b77f1d9511db0e4da4d5d9e8e4e5a53ff0044539b31e1f2fd066dd0a6aceeac9be929c1c4a4709d16af6d4666667c3d7c9593ef19b37799f1fd061eb5e5d752c6bbbea0a1f13617a5fc1e34d2ba7aac095fff0015d11733d8403baa5f3643fea8aa73adae6e1636062e1cdd73cbb249ccd0a7fa6b81e92f5f3ef777eee005e81cff008f4363a3e4b3d23c976e2ba5ce27400000000000000000000000000000000000000000000000da8a6dbe925db672dd8738d8ec67e860637a6bcbff001ca4752b545d76292ee2e2d35f7453353b1e1bac6ecc59f539af79f833a71cbe663b633f1ddd2af9b8bb3d34f5f95954bb176ac6d7ed24fe1b1c87947e2d88b19633878b5d752efb6740b792f1dcca6755b2f520fe61381a34ed78660776d2a987fe081d6e59f56f1ddb9c98fb67d277498f6e16ab171ed494e31f7e8dc3e5191564530baa979424bb4cfa79eef776ed3c40e71bae59bad76f7370e8f0955094541389d1ce6573abff00488e0d7ccbff009fa46f8ee32fe68996f5d334f96f25aa0e76e34210efaedc4c9fe2cdc4e973588e6bafd6be099e7725469d74bd9ccf744697c1a326ba5f40cedebe2f4e37e5ceeb8fa793d57f3b270ddadbb0d7645d77cc6f712c652ffa796c1eaf2bef0c968ba1e7cfeaaef8f800065400000000000000000000000000000000000000000000000000000000000000000000000000000000000000000000000000000000000000000000000000000000000000000000000000000000000000000000000000000000000000000000000000000000000000000000000000000000000000000000000021372f9155d3d54ea693f78b893641ef3657e063378f1f3b66fc6300b11d0cae6d384bcf171ccbaad5ed67b259db0f083afda1048afd9fe2cad516db974c5d93f1f8f82cba6dbec619d3d7ece35a93ff0084e098558c03e5d17e0e4976d7ec195676fbbba1911c7c3c2fabb1c5f6934922ad6ecb6f8f7a76e8a3577622475bb8c2d4ee73aacf84aa76d8e754e448edb7faec9a943126aeb66fc57834c8d5f2d8d7f22f4ad8d59f82f19cdfb3f94598a3720cba6783461b5ff699284d2fde25e71632862d119bee4ab8a7fcf454b340002000000000000078cba7bc7b17aaa1dc5af2fb1ec5f44322a9573fd324d3ff0072558e7b4e9b6108a4b95a50f3ea06dd5a4db42d875c9dcd7dbc4d987f4f74e97bdd90426db8b55a551c9c3c993829c5cea9b0bb5a6fd46e2793856d5b150847dad4580614e36e1e34e2ba52ae2fa054b4000400000000000000000000000000000000000000000c3b5d6fd7ebb331bb4a56d528a66631ecb6156bb0b23225fa6aadc981cfb5fb8dff001ba56b72b4f3bebadb8d5380d94f917289d588f5d2c4c4f6736cdbc7dc734d9d3f5585898d0c7936ebeccf3bbfa83da6a9c3234b9d55aaabaeb5f108a8aff6021e5e11f3ebcba5df5f1d82b28ce43c6b137b5d6e73755f5fe8b51039fc2f2b2eec2b56d66a75d2e1648b880bb68e8b418ba4a6d554e73b6de9db399bc00400000000252508ca52f64936cadd5cd78ac1b70bfc3f8aa45919519be075df729ac373f30a87e55c8f8f6c7533a317abb224d287e469c4bfe815cb49ac577eb58d02b191b5e1d814cf27161873bab5dc21026b59ca7499fe85756542164d2eab97e5025000100000000000000000000000000000000000000000000000000000000000000000000000000000000000000000281b4bf8762eff003adcfaad9e4fb77169b817f395bd762ecb9ee762e4c26ea7ff00e480169af9d71aa2a842a734becab305ff00d47d443daac6c8b4957c1f8d3f9c1ffa4e6787c138dbff00f959afe2c605829b617d55db5cbb84e0a517f7525da02aae15575d508a50845462bec90000000000000000000000000000000007df5ec00000000000000ad6f741c5a13bf67b35e1e7f2d4daed96539d6cf11f22e696ebb22d92c5c4a93ea204cebf8af0fd9e2432b171a73aa5f79ccd7ff0ef049e42c65754afefaf059067e5b64345c6a18b84e5579ce354083bb8560d1c69e7777433a189ebb0ae9381838daec5af171a1e3543e176d822f89675f9da0c1bef97767528b97dfc24d12775b1a2ab2d926d422e4d2f9e90473ca7fa79b0aa739c37ae136fe61062fe019f7b53c9dfb9f5fbce0d973d7729d26cec75d19894fcba519fe473243231ebc9a2da2c4fc2c838bebecc2a8f0e19b0aa753bb94de917928ebfa7aa77d76e4ee2fb6302f0055b9c6ab69b3c6c0860632b5c2e726fb4a48c18d97cfaac470b7534d96fed3774093e59bebf538f8d46243cf332a6e15149cec7e598f9f818d91ba6afca4dc5c5fb47c011971b039de3ecf2769f87573caba1e0dce7517ad059c866b27f18a2153f3eebe9c5913c7775b15b4cbd2ed9a791547b84cb5000004000000000000004000000000000000000000000005bff000acffc2ce41c4b4d8fb6bae56d924e93afe4797a1778c7b9784ba5f77d1ccffa6f5591cdda39a6ba82474c33b8cbaac658ccb5b60ddea68c2dbe0ebe17beaf71edb32f2ed0e06a75f8d651069ce6d48dfe4981b1bf96eb6ea716e9d3054f73516e0ba919ff00a8aaf96bb5e956fdee7d9d2f2e57d1db138b1efa5af8cd70af4780a1df4ebecdd35745dd3a5c085919c650a945c64ba7ec6d1c2f76bacea40a92e2b9af964f6f3baaf43bf34bf7fd1e05b4e69b4c0e60f71972c777ba7bee1d3fc9d1ac31f55d6f45ba5f79068a1bdc4863cef955d4fc934bb3dfe0b5ad1fe12ad7e1e83abc8e757e1f2eaaa76e4e6d915d7baf220b333765d457d7e4b93f65184dfb9dbe45d759c72f9b37f4d758e33a07a1c4ba8791eaf9d9e64a95de175ecabd5359de6a4ed6d2b3b73512c479f29ab63acbb80008a000000000000000000000000000000000000000000000000000000000000000000000000000000000000000000000000000000000000000000000000000000000000000000000000000000000000000000000000000000000000000000000000000000000000000000000000000000000000000000000000154e4d0ca55517d14bb1553ee45ac86e437ef688a96ba9aed8f7ef069b61ac515b4d9cf2313032aac5b1c1dea3387ee974ccd80b2767b7a32953e14e3b7e4e5f3db446599bcb5d094b514a4896d0efb2f26ef432b0fd197c7445594012692ecac35f61a0d46cba7978719c97c4bb699ad87c5b4985384e9c4ea71f86db2133396cb1f62b171f0e77f5fafa45b28b5dd4d763ae50738a7e32f95dfecc2d961f86e0fd4c329e3c5df15d29fee0008000000000000000018f2a17baec8d77284bc1f4faefa6643ce5e32bb1ecafc9c5c975da7d30b3ca990c2e79d752cfa262dd06ff3675ad96741d3f6818a1c3b6357c6fe691b2f8e64e2ca36cf7f6af17efdc82ae34d51a69aaa8fc422a2bfd815db78f4f2f271726ada4dc124db89620940004000000000000000000000000000000000000000008fe4b5517e9b610b2327d5137ec481e769b0af5b837e4cd371ae1db4811cdb8f7335afd6e3e15fadc89fa29a5381351e7f54ee8421a7cc69c8c78dcbb71970f571f8edb3c6fda645eeb966f71a8505a99e1f535f9e61a7494fb49820f8feef67b19b865eb278f155c5c644e065adb7de6069eb53ca9b49fc24bb6ca847fa93aef753c1c834794c69972fd6fd7b8c71152bde7fa0e8b3a35f2c271942a78cebebfb789158b53b8d7ed3195d897797faa2fda5133140e1ca88724ddac08bfa2502fe528000800005f52ba8baa6fa5384a3dff2ba29da7e03ada31ed8ec60b26c76f709a7287b1716d24db7d2468ae51c7e4da5b5c6ff00798543ec781e97231275e250b1effdadee7333eaf8669f0618b3b2853c9aba7eaf6c94ff0012683ffbed8bff00988c6b94686574298ec697293497b81be00080000000000000000000000000000000000000000000000000000000000000ed00000000000001f000000000000000a3626876d0e696ed6da3c3114ec6a6e69b69c1c0bc909772dd161e5dd8b7e4b56d4fa7f91854d9833b6181aba55d9d7c6b839249157daf3ed6d14f581de45eca9d7a0e49cab265979efe9d24927641c7fe9103add738d9084e3fa6514d7f0c0847c6318f7f0920100000000000000000000000000000000000000000000039fefe9cfd07217bea287763debab57fa0bced736fd7e0d97e3e1cf21c3aee102bba9e53b3d96c154f4d6d38afff005b34c2e9559e564736db62510c79d3814fbccb0733cfdbced8e97070e725954fbd85cc046be835f2d669b070e7fae15f73fed29bf266c4e11b23284d77192e9a078befa71aa9dd759185705dca527d24073fe5bc4b5581abb3618109d13a1c7d936d3ee43575f37c6c0c2cac7be1954ceb5254cdfbf4cfbbbe578dbdd7e5eb75bafccbe76f5efe07bc5d4f33cfd66361df914616342b50e97fc571415bface6f0792b036788f1f254d43f27e745c082d570cd3eaee864415b6df09f6a76489d0297cf28bea9e9b6b552ed8625fdcd10dc8791635b9dc7b63557374a84e6e274d12a299463175c5a8fc7b7c0146e3b5656df91656feea25563babaa0bc8492492f840200000000000000000000000000000000000000000000175b0a29b6d9fe9841c9ff115d943a39fd1fb6adaedfed32f99ff00fd4733ff00613fff0011cc3826af0f35e53caaa13751d78e61ab7273cee5d4c530f9f77db86bbd97de63279ed31a3ffb3fce443ef3130a3c970311d7d53638fb1b5ce7598181818b3a2a506db8248eb670eb1d4ae72f25dff15d1316e8e5e3d39114d46704d267d30eb2505afc36bdbfc949457c2331e6be6bbcf1021369cbb5d82eeaa9ff003f22b978b8226ce7b7f0d7667e6598d9d57bbed41bf75266f8e616fe7673b96bf2be3cad8ef24e3e70a6af24a71f32cbaed5e975a9d975f54ed87bb9cdfc7457ece05993f6fafad44d0bb806ca6a5de7a9cceb671fb67a73c667bdd8e9b5db5db053ae71945fc34fb4084e37a9bf4fac5897db19cbd473f626cf3d770004000000000000000000000000000000000000000000000000000000000000000000000000000000000000000000000000000000000000000000000000000000000000000000000000000000000000000000000000000000000000000000000000000000000000000000000000000000000000000000000000022b69bec1d3c6a9e579753975ec4a919b8dcebb595779143b3dfa4bc7b0b11b5f39d25fd420e6dfd9c4d2c1cafc477b5656353354d69f9b3d43976a3a6d6a72bbfb7a261ff1e61accc6a71f0e7e13ed4fb87520be3d9761745ca1ec359b3a36543b6aed38c9c65192e9a6837d04735ab656f1ddd664b330673a7267ed32767cff005918b7f4d798b339264472edc6a35b65fe9bea728c3b448cb6d5470feaeac25371fd7071f744ed6f94743fa8bab735178f7172c6c8864d15dd04d46714d77f666be12d5ece8865578d53effb236020002a000000000000061cbf51d1646b9f84dc1a8cbecccc322b85b4d909be94a2d77fc858e73a5d36d36386b3323737d33b1b33ecf88e7ce89286e2eb575ef06cd5a749a657ac79ef6f572f6694a28955c6b028ba9aa7b9ba33b65dc62e6bb974469bfa2d165eadd139ed6c9af4527475ec8b290991c7216df8d7559b757e9f877e2fd9c624d8668002a000000000000000000000000000000000000000003634e25f8775596bba251ea6811bcaaa9cf43b170f954480a93e630c2abe9753abb2da317d9ccd9ab94e06d55189b9d73a217353adbf781e7577e23e097ac792538625beaa20b739d859dc7b51878dd4f2fce3e305ef289174eaa050ac8d14ab3f5a8454bf9ebdc15156e6d95a8860c71f2e976dce69d50895da769bca34df4591a0b678ce1d76a7efe06d721b56bf996bf3f323de22824a45ee7bbd42c69647d750ea5fba9a0a83e1991a5b70670d753e9591ebd7832c45038aa8dbc8f73b0c684de1cfb50997f050001000009c236573ae6bb8ca2e2d7f66727d8e2713c3c9b3131b5d939b747de4ab9cbd8eb191e7e85be1fabc1f4503807d17d06741daa396ec976be25e01620f0970cbeda617eab2e884e5e2ad9ce4a05f28e11c6e13aaf8634df4d4e3dd9228f1d8e0ff0082b3f1aeb212bfea1c6103a6f1c56ad0eabd5efcfe96006d00020000000000000000000000000000000000000000000000000000000000000000000001aefa000000000000000000014fcce0183999d93953ceb97ab373f04897e41b4c8d2d189950c6f56979095ff7502075bcee19db6c7c1a307aaae9f4ac9b0ad2daff004f7d2842ed4dcddd07fa266aeb79cec3596fd16e715cdc3d9cbe268e9c6a6ef47aedc633ab2a1d4bdbc6d874a68236d35249af86bb4025d248000000000000000000000000000000000000000000000000afef795636a2e585563cf232da4e35c00b0039c2e7fb485d384f47d2abde70f752823a2eab6187b2c3af2b167dc25f3f78bfb303d0da551bf5f9754b1bd752aa5fe57fa80d866c35f877e4caab2c5547b70ad772039bea33b926bf0e1462f174ba7faccb93cdf77853af1afd2469b5fb2f399babfa93abfdf072caff0023e470e4f4e2e060605feafaea7dcc2bab015a9c6108ce5e5249272fb808adf22dfe6e92cc5863eb5dfeaa6c809ff50f614c233b742e107f0dcda3a194cfea475f83e27fef615aaf9dedbd1572e396783879f9f932d3c6b7966f702794e854f5738124eea27a877369d32c4f3efef1702a1fd37eff0004cafb7d6c80b8800200000000000000000000000000000000000000001b3aeeb75b9f5d0bbb678d6c60bef27169148e07aecfc159d3cbc69d6e65dc177453f69c736793c9b033ea9c5e3c1afe6039dea761b0c6d7c70e1e6a13979c0b801ba6a3c6aabbb1f5f8d55d24e70874d9ec0201cbf73a9e43add966ecf11b50734d491d40d7df5b186af2d7a918c9c3dbb3785d652699cbc5503139bed2af6c9c685a5c35bcab5b9d429397a572f69c25fb329ba2db606b75b93565d7094e7677148ae6d674ed32a11c0c3b5f7fb4227a2f1e16deb4e333cbaef6ed8a4a5d34d35f7044712d7e56bb4f5d1949ab14e64b9e5b355de770001140000000000000000000000000000000000000000000000000000000000000000000000000000000000000000000000000000000000000000000000000000000000000000000000000000000000000000000000000000000000000000000000000000000000000000000000000000000000000000000000002b1c9afc7a28c79dd896d89daff00416722f75b5860e34ec693ebda117fbc89562121ca706752eb51953ebfee0a763abcbcfaef96bf221646b924bc5a31432f995c95b4e2e3a4d7b79c5f64ae9b7f7e45cb0f6542a7265f0bae948ab521a5da6166cf269a719d16d6fbb20e26fcbaebb0272f18b7d37fd90473da36baed4edf36bbeee95ad4e527efd1930f90ea617eca973adc26db8b3d5fb8e27f577acbc0b55ca4e2dba0caf7bc329e9ac6edff00ec81ba9be25092c09c956e1095d27027060e463e4e357663a6ab7f09ae802f90001000000000000031ecfb8e3cba935f95fbafd8c879c88b74d8a3e3db8bf762acf2e7ba7d16165e9edc9b6a8bca7393eec6d49336b3a18d95a2a7356447ea71a5f927fde3d768c55f11d853936dd4efab8291971b874e11f4b2373e754a7e728c48d6d76d564caed6615b35d4e74c65246418ea8aaaae8aa716ab828a5df6fa40ac5000000000000000000000000000000000000000000000f3b6cdc7c1d7e55f7c1cea856fce3f74cf42d9d50ae72b6515049b9397c740733a377c360b27d1c0c8afea61e16a32ea36dc371326958b8335777ed6b2e146f78cdd93f4d5e550e7df4becd957e5fada33361850c2c8a2195eddc1c92f622afe02efa5dfcf40a8ac722de7198d8f076944ade929fb40aa45ff004dfef93fc3f33a5e74b472ba0b36cc456c7de3eaca2a46a5f85c66da26ad587e1fbbf28857ce3db0d1e4d33a352a2aba92ed28b892651784ce886cf7b4633ef16b9af4a45e814000400000ace14f8ddbc8f261895cbeb674bf392efc4b35fe7e85be9febf0978ff3d1c9b8c6d357acd2ecafba71faff0055f49feb682a5e9c5e11a9daaaac9bb2ef3f6efb9c62d9d0a3e3e31f1ebc7af6ebec71fbb1b0b038c77974b96c33df9d5ec755e3755d4e87595dfda9aa2206d800200000000000000000000000000000000000000000000000000000000000000000000000000000000000000000d29269a4d35d34cc756935145f1c8ab02885b1f8928990ad6f39953adca58389893cbcafde082aca0a1c39ee7634dfe25a2ba9817cc2cdc6cfc5ab2b1ac53aa6bd9840000000000000000000000000000000000000000000000000e7daabf161cf370b2ba8ce5ed4b99d04e7fbcdef159ee17d5e0e5fd4e1ddff001a092f78056d61dd8b89ca392e4e65d5c2855c633eff00881eff00a75558b03616fc63cf29fa48afe5ec781df953cbb70b36739b3a4e833f0f63adaafc3c67451db8460d25ed0036865e551878d7645f2eaaae3dcd8353922a65a3d82be16cebf4bde357eb08ac3e79c73b6963cff9f03473ff00a83815d49ebf11cee72f7735d18355c9f49858546357a3ca9282f9f08cbb663dbefb49b6a68c4b74d99537911e9a518055b745cc3077595f4b5516c2df49cc9e2127b5c2c7dfe3eb16b3ab654f6afe9449b0532b2b1f0e99df916c6bae3f32646ecf0f5bc9f573a6bcb83879a71b61efe12455b99637d7efb41837cdc31ad6cc783aeab47cabf0a84e72c2cdc473f0901e68e2fca678d3c07bba96078782ebdfb817dd36a71f4f815e1d1eea2db727f329328fc5d59ade53b8d457372c750f3817c05000100000000000000000000000000000000000000000cfc9789879392abf3f4ab94fc7efd239aafea3e5b87556a61fd9b99d2b33229c4c5bf22e4dd7541ce492edf48a462f33e36fa51d7cebfe6113a6137ff3b672baf7467fe916f50ebe8ab5331bfea4e77bf5aea4b443946827170508982de53c769957de1b6fef1823a5c7afd2d31329fb96dc7b55d4536a8b5e7052e9fb35d8116a514d7c340f3ba872d971be49b5d8e5e4db0963d536fded99d48e64f339c4f2eef0a26bb9fb7b7e4474e3df7ab23396bde2cdade13818ea13ca9cafb2259e9a29c7878d50518fd91cdadcbe6d54252c89a82442e4f21dfd6d4a399db97e550513778f2b37eb95899e32ebd2ec608de3b66c1ea68fae8ce37fbb97912471b356c759dc000400000000000000000000000000000000000000000000000000000000000000000000000000000000000000000000000000000000000000000000000000000000000000000000000000000000000000000000000000000000000000000000000000000000000000000000000000000000000000000000000002a1cbabb96362e4d70f5218b931bac87de08b790dbad86560d09d3ae9e529f70718fbf44ab18b1f9a68aea938dee2ff00d0d11545eb6bbdc6c8a2b97a78e9f737fdc8a5b2ee7eaff85af52fdfaacb1e837f8b9791f4f0c29d12f9ea6ba1b6b5a8b2894a315dc9a4806935d32b08fb2de3b0ba6ec9e2c6d4fdfbf923b670e3793458a73c77dc4f199c1f4d9593919373b7b9bedfb9a56f1ee2982d3b2d9a5efede61537c56e9d9aa4e6e5e319b5172258f9afbb0e78554f13da84ba89f42000000000000000007cbe857d33adb694935da3e89d90aa2e73928c57cb7ec901475c01c27dc36d7460669f0252fff004be416e5bcd37c7e278bff009b11f8d6a5ca308ec31e52724928cd3617b5470f81c71726bbded2e9b834cb904d49269a69fc3401ba00020000000000000000000000000000000000000000043f24aad9e8765e9c7b7e83260f3b5c7cac9c0caa31ed85739d4e2a52407385c7b556f12ab3b1abeb2aaa5df29a7dbed193965347e19aedcd3dd3990f0462c7e07bbad590fc5a308cff005a8366ce3f00ca71aa9cddaca78d07ed54034e8354dceaae6fe6504c0492492f84032abf25e3da1bec7b1d864ca8f6512971c7e09da8bcdbd7fb4c95e4ea399ca35d85b0b5c70dd65fadd2e9678d284f0e8f4bc48af1a2c3d3e260c65ad50f4a693734fb6cdc281c362f1390eef0f1e6a5868bf94a0002000004365f0ed1e667bccb68fe60bda0c992b3b6e6f81afcb9e2538f6e4dd0f9f00b166bf5b81911a217625538d3d7a6a4bbf1ebec0a6e2ff5070ddcaaccc1bf1db917284e36423383ee3249a7f74c0000200000000000000000000000000000000000000000000000000000000000000000000000000000000000000000738d2e7ebf4bc9f7d4ec1c2a9d96cdc2e3a3954dee3709c2cc77ece983cab7a9b8a73615b9bde49a15aacdade6d36bbb1a6a105efe4da21f89efb4badd1e1e3646c6b573736e069d17ff004e32af843e9e306ff79f9c2258e7c2b8cfb4d617fd2c901604d349af86804ba5d201000000000000000000000000000000000000000000000346dcae351c9b1df66be191f13f57c233f6fbf91bc5732b82e932f2b2b26d77f9dd3f2f69856e6cb238adf896d3977e13a9afba22bfa7736f4338fdb2a67d87f4ef411f99e54bf9996bc6c7a31698534d7185715ed18ae9003cedefccc7d7645b858cafbe297856cf462d966d5abd7e466dd094a1524dc63f3eefa08a155ccb7328fe4e30c439c66acbc5c7bb431aa73b2304e6cdf5fd49d37ef8999ff4815bde6f21c9e7aec4d560dfeb57779f9cd05757f18cba938aec087978af369cbaf7e80454f97ea771b6cad6c306104a8f3b15ae5f1322eed0735bb271b3a59f43caa22e302c1bfe3fb5d9db54b176f3c6842b6bc1114b8bf2a863284392854a719d066ebb2b373f617c2dcbc92c250f81e567cf3f75466e44ec9d6e09f6fbf78b68be04000000000000000000000000000000000000000000002daa17553aac5dc2717192feccade571be258107764d097f364e4cb1edadcba35b9766243caf8d6fc11c4d64ed73a71bafa2f9bebddf833af14b77f9f4e7c964f6dac1b15837cfe9b5fad4d36d49420db36f57c1edb67eae73f4aaf66a94cc187bdcbd7c24e9d5dae5f7706637ceb7919c1435d57cfc7523b657935a9669cf1f45f674d492492f84045f9462fa6bb5df4c1e47a020b69cbb5b812b71e87ebe441a4e0be113a72f9f06dd4f2b26e5954753b64db674e3985bf9ab397ab5d377d7d86faeebea230abe1fc7e42d3add26a711c272b213b97b29499567c276afdde7412e8d0d870dd8c2a9cf2f6b4a876927391d72f97ff39e9cb1996fbc5d481a9c7311e169f12877ab7a4ff3a36cf3df2ee000800000000000000000000000000000000000000000000000000000000000000000000000000000000000000000000000000000000000000000000000000000000000000000000000000000000000000000000000000000000000000000000000000000000000000000000000000000000000000000000000006aed37dafd4c6a964ca4a33978a691b432f5f879b57a59344670fb34166bdd00b9971c6a5d6622270b3f133f9162db85d3ae10f765a6be37a4afe35f51b746262e2c651a2985716fb6a2baed83a7d0fbe9f5f2037d7611cc371bcddd1992a73ab9e3e3cfb83b522c3a9d668333d2b1e5bc89f845fe7649e472ce3d1b5d375ddca1f78957cebb86e6dae70b6daec9bedb8448d6dd0ebaebaa0a15c5462be12057b5fbbd4eb75942964ce70f27d3e8b0c270b2119c1f71924d32a58000200000000000003231aac9a6ca6c5dc671717fee0f97dbe956e5fb25f205457f4ef4905ef65f22b9bee2146a610cac29ce7e135e4999966f25dd4acbb1af86363c7b51ed36e467c3cfe4583875e6df6c2fa7d671b63f75edd4905745d6372d761375b837441b87d9f4062deb271a8bd26959052ebf9010000000000000000000000000000000000000000000000da8a6db492079db6b2bdae05d87658e11b17cc40f5e51f9f243ca3f7472fb78a71bc3f6bf903f38fca8ce06e6370ad06727f4bbbbac7f653805744f52bed47ce3dbf85d82a1a7e0d0d5ec68ccfac73f02de051f9967e8964ac4cfc2be57284670baa35172bd3ad4ac07467383a941c8b3f21e47afd3db0aecc695f7d91f682443ff008ca6bde5c7b37ff2c8a8dd4f2de33a7a275636164a72f7997fd4ee28db60c7329ae7083935d4c8ad16ea1b99dd0b351651e1f0e70f664e463182518c524be122a5000100000b149d73517d49c5f4ce67c17334d8bf535654aa598ed694e7fbc4e98d269a7f0ca06c747c1b5f7359992d5bfbd6a7ff00e48058dae6d97a4bb593a14e89e5b7d52d13ba6daeb31757abc6b36353b555557fcc8aa606a780eca6a9a273537f0a56b4d93cb80e823384e0af5d7fdf02ca000800000000000000000000000000000000000000000000000000000000000000000000000000000000000000001cfb8c60d1b6deedf3f3e6aebe8bdc21533a095e7c59d3c9a8dc62e42841b9bbeafe60054b1b5b8793a9e593c8a2a4a9c8be58f3fb38972e1d956dbc6f0276c9ca694e3feca656d703cfc8c8cbfaad9f8635b92ecf0ace815555d35c2baa0a108aea314ba482800080000000000000000000000000000000000000000000010db7e51a9d1cbd1be72b323e5d702667918f5d91aa77d71b1aed45c926d1ceb4f56b1f2fde3d9ce977abfcf19cd856fe37f51b09ceb599afbf1d4d7eb4fccbb6265e366e3d7918d6a9d535dc6468efa7a6b35977e212a654feddb5f3fd880fe9dd37d7a4b2767e89e4375816d20f2f93e870b23231332ef7828f9a70725ee4e1833f45a9d92ffb56155397fafc52981adae5a1d9e1c32b1b131dc3ff00669344853858744dd94e35509b5d3946293e8c1838187aea3d0c5a957576da899c000022bfb9c9e538b92a3acc0aaea5c7f51a11daf38ebdf415ff00b5913c725db6cb236f89a4d5dde95dda9db69e3759fb6fadd771ec4cbeb2275a77648534987bec6fc7b33f0a8519390e32ae0e45a34b97b3c8c18bd8531aef4da6d7ee881e2fb4d9fe25b2d3ecee56dd8fef1996b0000080000000000000000000000000000000000000000f19d974e0e25d9377e8ae2e4ca457cf353384236ebac8b45a39343ad06c975db7448a9f09d5ebf23596dd9354676abe513a61e8d5b94ac65eaf66dc39dea5a6e3833313e7baff0038a5ae65a3fc2da3f3f3fa287673de6baec4c2ccc0fa4ea339cfde06f7c57c4aceb3fbc7520134d2681c1d4215734e38d37f5dff00fa489a2870fe9b62f9f73d85a6f0f47fd5a977ecb3ae5fa0715259c8ac734db6bb61a7aaba2ef36ee4d0ff00d1cd3da7f895a44729d055a3d753642fb2dee5e97b9da4f87dfd55cede5740e25dbe3badeffd1224c8ee28ec7c7b5cecf9f0912279f2d7aaebeee93c40004500000000000000000000000000000000000000000000000000000000000000000000000000000000000000000000000000000000000000000000000000000000000000000000000000000000000000000000000000000000000000000000000000000000000000000000000000000000000000000000000008cdceff00174f55565f5cdc24fa4499a7b3ccd36242b9e73ad47cba4e6bb22c57d7f50b48ff006b896d572cd56d6e54d129a99af0dc714b20e10c8a3a2235f2c35bfaa7ac5174ce1fe6b43b175004e2dc5f5f21150dbe76ab0f2125a9aaec99f6ff002d71233179160596db55ba25170fd4bc62ba4d9b9aeba15eeb32bcdea1736dd2e7f1381931361af8ecf655d96c21d7c26d11ad2d58f569f2f120e9c7aa54b7da5e06c24a2924924be122178ad338eba2dfb41c9b489a34940004000000000000066532bb1ec847aedc583cdf746aaa726d74930293c6f273b0f1add66560ce13f39ca1322b1b3f3f65abb302ad7daa52b7af2f8e89fd3ec36599e7b0bba8d5eea30fe08d86d373157ec6855ac7ae73fc8e2fb686dad3a06bf19e2616363b7dfa75a881afca8e661d19105d29c1301900000000000000000000000000000000000000000000089e45913c2d2e75d194a362a5a838be9a6c9619f870cdc3c8c697b2b6b943bfb7608e6d8bc7303fc2d76ced7eb655f8d3b1d9335f63830d2ea351b6c16eac8efa9f4fa8ccb062719dc61eb367af59d09d13a26a887d9c88fd6f0dda5ae8fc6335cb16a5ed4c66c8d3a0d13f569aacff0054232ffaa00159738e4b751abe5dafcdbdca54aa8b5c397f17f052faf87f0e1225b3b51accdb55b958955b34baee714cd1ff0009683f7c08115b3abdee9b64e70c1cb539417725d389b661d768f59aa737878caaf23315000000000cbb254e2df6460e6e15ca4a3f7e91ce386ebb033f5f9d9f99059396ed9c1bb3dce8e567078bd183b1cbc9c5ce694d34e94162910d761c78764e6a4a193565775dabe7e625ad723daeb70f4d3bb05df464535f76f7ef13428e1f8382fd6d8eda32a2b9f9a8f7e104ce838f2c59d352a255cab505e1e2d35d05d8000c800000000000000000000000000000000000000000000000000000000000000000000000000000000000000006b3e41a3849c25b3c68c93e9a7346c957bffa7da0baeb2c4f26b527fa2135d202c5f8f693c1cff15c4ebff6b133537d37d50b69b233ae4bb8ca2fb4ce7bbfe0fa8c2d4e464e2d96c2da20e7dce5da996de2b935ddc775b3841412a9c7afef06e204a800000000000000000000000000036d2f65d8000000000000000000085ddf11d6eef2965645b7c26ab50fc8d157cbe13c6705c3eab6f6d3dbf6539c11d08e75afd6636db93efe1b8f79d33ea9adcfafc815f171de1692f5b7ae71fdbbba25db8d636af1b5aabd6e57af429bfcfdf7ee6a7f8278df497d0fff00364ae0ebb0f5d42ab1a950ad0198030eef5f1d9eb7230ddaebf53c7a9af94e324c233039d2e13c8b5ed3d5eeba8a7e7e0e5381b78dcab77a9b1d5bfd6d9e97b257d500ba5a5f24c25be7a5709fafd7ebf6f0f8f3244e6fafcac2cffea0ac9c39f753a5ff00d55474802a9c9351b186cf0773a9a15b9107d5d0fba30e8355b69ee73375b4c7f4ae70f08546fecb51bcbb7b8d9946c557850706e953945be8b1015ae2fa0cdc3bb3765b29279794fb70fda0594008000000000000000000000000000000000000000000006763472f0f231e5f165728ff00d51c8aa5bfe2b97778513954d2ee5d7706759dbe6cb5daebf2215a93841b49be8a2e3f3f8595a5761f476e3996aea4b1cf3d7dda92e6fb8b2b6a9c048d5d5ea771badbc3659ea50aa1356a7226d734a13f6c130be7f63ba88430a1d4ed8c64d9d2e396bae3918971df79dabf000f2bb800006beeb4f46e31a38f7596422a5df7036001f313169c2c6ab1e98f55d71ea28fa0000000000000000000000000000000000000000000000000000000000000000000000000000000000000000000000000000000000000000000000000000000000000000000000002cc8a6a4dcec8a4977eecd5fc775fefd5b1fedee8d4c72be254b9633cd8da06bfe3badf65eb2ffaa362328c9771926bfb12e36799612cbe28002280000000000000000000000000000000000000000000000000000000000000000000000000000000000000000000061d8eaf559d084736a84a31976bc999881e47acd7e5d50fabcab2a507df716a2895595f1ee3508fb63d0886c28e2ebb91429c4aa0e1747a925ede0466b78c71fcc4dd5b6bacfe268b5e974faac1c89bc6bd4ed8769fe6ee41534002b2a2ecb9071e59aa3938735752fda5e3d9ad0ddf109e57ace9ee764ff7ad9d0deb70dce53f497937db643eeb418d9f8974615772507e1fc9177531abcec6cfc2aafc78b8d6fb4a2d74c117c5a8cbc7d4555e556e134dfb3250a8000000000000000018f330d64e3db549b5e70924643c67643a31afb20bb70ae528afbb4811cd7171b9460e264ea562369cbb57f9fc4593f97a9db2d662e243a4a497af322f5d9bcdf634cedc778d5d7dfb29a1b58f3a78d353b28ebed4f7db1b6bc3a160632c4c2c6c74d355d6a3d82a9c6e3ca235e33cc955f4fd7eeff396b0c80000000000000000000000000000000000000000000001abb8d97e1fadcaca51efd2adb5103681cd31749c8b91c219d939eb1e8bbf3c21033ddfd3ab61dba36f30ae880a269363b8d46eead36d2df5d5ebbaa65ec20089e43c93174754175ea5f36bc29454bfc7bb5864aaafd1ce1edda87ba9f881d0c1aba5dee16ea87650da9c3dacae5ed281b4000000000325dab1ef74c54adf4e5e11f8ee5d7b1ccf59c436196adbb63b7bb1af73f7ad3ed9d3322c9558f75908394a10949457cb6977d1c874fa296db5997b579b38e7c2e7e0fb0b12db5e0b955614dd3b4bf26defb554890d0f0fcdd75b8b9d66c2709f8753a4d4dbdd9b91a0d7ef29ca9d77e274a48bfe973679fa9c1cb9fb4eda53903c320002000000000000000000000000000000000000000000000000000000000000000000000000018000000000000001aed3450aee29b685ca0f97daa76cbb519ca49c8be9c974fa25c9b1373b2ccbe7f57db8c3eca69013b770adb653aa8cde493b686fb702fb8b8b461e3d58f8f5a8555aea314736bb19eff8663654ee92cad6c2dffa40bd717cfbf65a2c1cac869db253536bfee4dc40df00000000000000000000000000000000000000000000000039eeef8de0bdcdb957f268e2df916a708f81d08e6daad362eff77ca27b1835642df08203767c3b3d28b9f2fbfa9bea3ecfff00fb2e7a3d55baac2fa7b73adca9f976e73285abd64f77c57235d93270bf03265e932cbc1b617e7e8a1eb7cd13f417f10482ac20117cbb32dc2e3d9f6d2fa9b51827f6f369046ed1bdd564e7cf029ca53c8877dc527d2e8c576e7417db6e0df9b8ae6a6e13aec6be7e3af721b86e8f5b87818d9f8f3765d91441ce455f63a0c0bb9a4e89a9ce9c98bba6a0fde126156cd6718d3606c7f13c3b5cbd9a84134e08b09ccb49acab51cee5854ce7384297ff00ce074d05000100000000000000000000000000000000000000000000000011bcae5543439eed5ede9903c0b171edd4bbe7441cbd6922c3c9f02fd86972f1e887958e3dc5117c3f032f59a65564c3c2c9dae7d1b996b0b19b8eecaad60ac15ccecae357694e4bef14c731c7c4a36fab4a10ae33b939282263078ae663725b366ed82a1db3678e53a0d9ec76f819344e1e8c0e9793f34bbf66661af6f75cc0070740000000000000000000000000000000000000000000000000000000000000000000000000000000000000000000000000000000000000000000000000000000000000000000000000000084daee69c1ea09f763fd891ccbd514ce4df5ecfdce675d6f3af9d9649bed9e9e0e2997e6cbc479b9b9bd3f963ddf9195b0b26e539c6134ff00277edd30b0124bf3bed2e899af5f16938da97b7c3315f4ce892527edfb1f431ca63a934f9f66596edda25e0a5ef193ec93c4dae5e07b39b956e5133d18f2bd7e53ecf0bc612727ecff006319dc7296592b5c772c6ee5abd6167d19b529d725df5ee81cf7577bc0cf5dfbc6cea3ec7423e772e1e8cbf8afa5c5c9ebc4001c9d400000000000000000000000000000000000000000000000000000000000000000000000000000000000000002a3cbaaf3a3160db5179104cb710dc8b512d962c688e6d5476fddcc95623b3b5787adbf0f3b1210826bd39287514a2cc4f1a9c3e43856d33709de9fab04fd99a7fe0c6e98e34f793963aff91489fd671ec2c2c857cf32775a9250529a7d2434bb4e007cba2dd6d26fb2b2fb0baa9b7185916d7ca4c1c9b1eadafe35b6b706cea555be6d4977e4ce91a6dc55b2a1d16750cb843ab6b074915642529454d3717d35dfc028dc8b5793adca96e717266a7da5245e68b3d5a29b3fd708cbfea8000000000000000001e2fba14553b25f1147b3cec13b71ad8423dbf09058a07e39bfd8a9cf57890aea87c4dc860f25dbc288e4e463f9e239f8cdfef03cf1ddac30f06ed767d53ab294e53fcf1fd8d1c6dec73b58b5f8f8b376cda837fb222d751c7bebc8a2abab7dc271528ff0c187578eb13071e97ef3856936662b2000000000000000000000000000000000000000000001adb5d74363aecac572f153834a66c8039d61e5f2be3954f065af7974425d553f3366be5dc8f221e18fc767e65f3b468f23d865eb3593cbc58425284e3dc67fbc42aafa6d46df2f6eb6fb7f18db4fb5502ec62d4edf176b890c9a26bfbc7f74cca0aa06e7d1c5e7183919ebfecd2a7aae73f78291239776151caeabb26f8a8c70d25daf9edb3e727de69a9b9e16c7597e4fb426a714bc4ae65ee788e6ce8befd4e7bf4975102778abfa8e45beccc6adac49fb27d749c8ba911c636dadd8e34e3818b2a2baba5e2c97050001000007df5ec72ec0e3dcce0efbaa95742bdb73839a3a8db194ab9c633f0938b4a5d77d141c7e37cb13e9723abfda4e61634970ee517d10c3bf63058be7ef03a5e1e34713131f1a2fdaaaa305fec8a44f8d7256d39f2625761a7cbcbcad5e455b4f4de338a9a4ff00585f2b10003200000000000000000000000000000000000000000000000000000000000000000000000000000000000000001cde9c0e6f8db5cfcbc4c0a2a85f37dc3ce2ea3a41ce74eb996f164e47e2af1210b5c3c250035f1741cc69c5ccc0ef1a8c5ca6e774dcd1d1f498346ab538b8b55dea4209f53fbb936ca5ed341cb6385976c77b3bdf5dba61169b3638eea393427afcdcadbc9d4a0fcf1ac720ab9800200000000000000000000000000000000000000000000050efd0f2aaf799fb3c09e355ebcdaf073f9817c39de56aad9ecf2675734a6b4ed6fc1dff009e0158d719e69179696c2882caf7bbc665fb41a7ab4badaf1613727fae72fbcd94cbb557cfce56f36877f7f34629f1bd8530c6c89f316aa9b8384a53694c0e843271e9cba2dc7beb53aa6ba9262b8b8d708b9b9b5149c9feff00dc8ce579f93add16564e33ead4e093fb76c22972e3db4d13b6389c9aaa31a5dfb4d921c67135185976e5ddbfa73336d4a2df918b4bc234f91838b999775b9165d52b25d4fa8f732667c078dc934b1ed87f756b0ad8af40ff00c4f66f565a709c3a55ff00f80a04d944d05393a2e516e961953b70e743b608bd8000040000000000000000000000000000000000000000000000003e07a95fcf9c7fea46f23d5666cb593c7c5bfc2d734fe7a47355c037ff00bdd8dfcf9b378e38df39692daeb8ecad7cce3ff539c723d95cb95eb1519737085d545c13f65db3529e0dbd87ce5c17f136476560d9aedf6ab16eb54ec8e552e4fcbbf968ed38f8b57ff4db1ebcf7f4bb1800f33a000000000000000000000000000000000000000000000000000000000000000000000000000000000000000000000c0066a800348000000000000000000000000000000000000000000000000ae7269ca3afb3a2abac8c6c7187e94fe645eb778d65b876c6104dbae5e29fdff639f6adc9c545fb35f28f7f059f26c7879a599acf958d2c7517e69c58cac3599463b77b835fbafdd1e5d329c3decfe0c590a30aa1084bbe975d7f06f5753b72eb75b58f85f458b72537231e2e23c8c676bb9747cc0b7caab2139af763d26a3e3f531f15dfb19bbd5ed71f4fd95ec897a5776e5ff323a86345c68ae2d7ba4734b6b9df97557e1e5d4d7fd3b3a5d3070aa117f291c3e22efd31eae0f7a000f33d00000000000000000000000000000000000000000000000000000000000000000000000000000000000000000111bdd053b6a29aadc9b60a13efa812e43ede9de350fc33228afddf6e64ab1073e03891ada59b906bea75f76ab7b8f89665cafaa4a4d4e5f28dd74f377169e6601bb85a6cc59eb3b637c657c7f4c6bfd281bab109a6e3edf2037d1515fd2ea32f1b63b3bef878c2db3ca0cc1bae357df7bccd6e7bc7c834b333379b1cfb30f592a610afbf52725ef16787c5b91b829cf90b5f74a0457da745c9b3e75d5b6ca87a0bde45dab846bae15c17518c524bfb22911b79168e1eae664432a887ebfd9a4cbbd1746fa6bb63f138a92ff70500054000000000000003e655f6554db3a6a764a116d457cbebf64079b30f1253739530763ff99af73d53aec1c7efd2c6aa0dbedb8c522931e57c9a76350e392ebfba92324395f2172f7e39685ed7304059bddc432306afc25b8dae1ea4d26d41489f059a000100000000000000000000000000000000000000000306d3592cfd7df8b0c874cec4bab17ec6730ec31b22ec1be145cabbe51eab97ec9858a32e019bf2f7f6f6649f01ccb61e176fef9c0d8a67ce756bab2aa33aa8a4bed236d7329e3a4b65a5cca3ef34bce043558343c35e9f3abcbfc4ac7e0df75a5d29268b79a985c8b4fb071862e7552b67fa20df5236ca31666569b1ed84332dc58d9d76959d7660b73f43653353cac4f07fdd107c8b47c6b272de66cf3674ce5150ebd55022abd270087ce7d53fe7202b370abe13daefe38cd7d22b1381772b5abdff0017c376e0d193553553ed06dfe47d965aecaed829d738ce2fe2517da612800080000f96d2aea6ca9ce5153838f716e2d77f668e6387c775f3d97e1d46fb3165a839d8e074eca538e2dfe975ea7a72f1efe3be8e53c5b69aed4e9b659f64e0f39dae2a0df53682b62dc0d05798b0ade4f9d3b9bfbb5127f1b85598f958f7d5bbc975c2719f83654b3313135fc560f261dec73e4adaceada08db0d26b23777e6b1a09f60f667000400000000000000000000000000000000000000000000000000000000000000000000000000000000000000000a2ad2729c4739dbc9614c1ccbd1ccf49a9ff001864e56d7657bf46163aa144185895fa0e4d92ac58fca689fb7c4495d9e9b7d7e56aa58db4eaaa3af517c7e65df732bfbfe1985aec39ecb59933c7b31939fbc8bb71acebb63a4c1cbb97564e32effda4e206e0002000000000000000000000000000000000025d0000000000052f3b8e7099e4dbeae6c29b54df9c16422e87367c5b4f897e75fbfd8c13b6e94ea82b7a98548ae3fc1211efeaeb9f4bbff8e6fd38fc6b916bf574c2f6a38c97853e7eebfb4c855a1e11b0aa74e0e64219135f93bb897d3f04d7e14316ec994a79754fcfce12ea205b2118c2318c574a2ba4bfb219b878f9f8b6e2e4c3ceab1752408ae43b29ea351919905176a718c14bef261155ab8b729d4a6b5bb98fa4a7ed5c99b0b039fe4275cf638f52ff005c4d1c2e1fb1dc515e66d36d77f9e94fc11bdffa37c28fbd7b2c94152da0e2d0d35f6666465bc9ca9a6bcd961291c732f69acdedba0cebd5f05539d732ee0a0002000000000000000000000000000000000000000000000000193958f895fab91742b877d7949f48d6ab91692dae135b0a52977d77221b9dc14f432fed744a768788d7b4d4c32e79528b9369289db0c30b8ef2cb4e796594ba936e94b90e91f7d6ca8f6ffbc54b3b034bb3dde2e753b3a5cddb53f4fefe256f59a68656cedc17634e0fe7a4e5d2197aafc3b94eaf1a33f53fcf848e9970f1e375ebef4c4cf3be71e9d6800795dc0000000000000000000000000000000000000000000000000000000000000000000000000000000000000000018000000000000000000000000000000000000000000000000000000000125dae8e77bcc3c8d6e4cb262bfc99493975fb3674416550b22e32475e2e4bc796fcc72e4e399c734af3dce09297bf46c2939f4db26f61c5a876bb71dca13642bd36dab9b8af1f4fee7bf1e7e2b3ce9e2bc1cb32f0c6d24be7fdfbe8f8bce49f87dcdaab4b9ce4bd4f745931348a0a12b19cf3e7c278edac3e1f3df7a6869f02df377da97bf5d168118a8a492f640f1726773cb6f6e184c26a00030d8000000000000000000000000000000000000000000000000000000000000000000000000000000000000000056793df915e2d35e3e47a33bae55a91662b7ca35bb3cac382c3c756cfcfefd344588d8f0ace9a8cdeff0033b243078cdf83934dd3db5f7383efa646516f3eaa98d6f131e449eb72396acb82cec7c754ff00cee217b59835dae806fa456545c8ab7ba6da64e660e2bcba2d8f94e1fbc4caf9ce543da7a1c9523463bbdbd1b8cbf0ad598b092f5135ee917fc0ccc7cec485d475db5efdfcc591547b6ddf6f60a87aa962d53f99ca5d97bc5a56363d5527ed0828aff629fb0ccdc69335e4cac56627b29565c6bb236d70b20fb8ca2a49ff00660a000a80000000000001e72617fa3354b8a9b8492937f126bd9a3d1e72af963e3db6c6a958e10949423f3269014d86bb9d293ef3f18d4bf3796ebad84f2efaa78ebf5ca1f1137bfc699ffbf1dcdffe06686c36db3dea8e0e369f229f3f69ced83445d3a061ddebe2635ce51939d519371f87da063d7637d1e062513f79554420ff00bb8a321500000000000000000000000000000000000000000000019b97560e264655bdf85507360d4e45832cfd3e6d10f69cabea008a6c37fcb372bd6d56b210c6fda760b6ae7b36bd5a71ad8af981874bccf17518546bb63877c274770f38449997f50f4297708e54dfd9402a334795ae9ee2ac1cfd2d389b1abde1287ef2817d39f6b1ec791725c7dbac674e1e2fb41cd7cc4e820ae7dbfc4d4d9ca2a9edf650542a57f91d337d51fd3e7f1661168ced06a73f21e465625739b828393445ddc4f8eca8b6b86257e4e2042eb38971ecacec9bebb61918e9a70847e205e31f1e9c5a61453050ae0ba8c514fe158597adb36f45f89e14c6d4aab1c7a94cb80280008000015ecae0fa5c9cd594e0e1f7aa1ed065848ada72dd26aeff0042fbdcacfdd56bcc091cad5e0df2c595b4426f1df707249f46420f039ae873ef54c6f9d537f1eaaf127134d269f69800000000000000000000000000000000000000000000000000000000000000000000000000000000000000000000039f4f41c9741b0be7a17eae1cff003fa32923a0bf745121c4b94576494791b50fe66d81f32303987228c3173e156162769ccbe61e251838b4e3511f1aea8f8c51cc3926bb93eaf5f1c8b77b6df4a9a84943b835d9d3f533859adc39d77d974255271b2cfd724fee00000000000000000000000000000000000000000000000001b4936ce77c735583bfcfdcec7367f50bea270aa0fe144e885528e39b6d76ff002f37032297899726ee84c2c54f59a4d7e5f1adcdf38aaada3367e95ffba504899c1e699583a9c09e6eab227538a87d41a78fc2b91ceabb0afcfa6ac39daed9a8372ed9d263a9c25ad86ba7529e3c6a55f8cbdfd903a7dc4c986662e3e4d69a85b5c671efe7a92ecc3bcd651b6d6df8574dc14fa6a6976e2e265aaa853557541750845462bfb2353926d67a8d3e4e654a0ed8f8a8297c7726052f11f3fd556b1961c32aa82ea0db81baf69ceaca7c21a2ae13ff005b9a32e26c771ade399bb9d85eaf95b085b455fb41584761eaf986d695b17b88e37afd5b0a8094e3dc73638fb2b76fb6c95665ca2e25aca7718dcee56d6fd1ed7a9db4d4dab4b88280008000000000000000000000000000000000000000000000000adf3db5434325f7b50e12dae358dfb373992dc8763acd7e1c27b1a7d4aa76a8a8f8a91058fce347ef0aabb5248e926794d48c5b25dd41714af37fc55b19dd0928a56464cc1bb95bfe3dc4fed7505ae1cdf54fbee9be1fde48f74f2dd26566d18ea16cadb26945a81aca726f771a92f1f8dac20038ba00000000000000000000000000000000000000000000000000000000000000000000000000000000000000000000000000000000000000000000000000000000000000000000000000000000000035765b2a3578d2be7efd344255cc71a6938d3232726a54b0e5daefae8a6e2e22f15d9ece1e1e3cb0f564f27272f2639d922e33e5f44177e848b1536c6eaa1647bea4bb473578b04e127f0a699d2311a8e356bfb18e7e3c3092e3f76f83933cf7ea8f4134c14baa7b1c1d8e4cea7e708d8dceb6fe22df679e4dede9917402bb23642338b4d3044000000000000000000000000000000000000000000000000000000000000000000000000000000000000084df6d67818b27575ea49f8c113657f91ea33363895ac49f8dd1b3c911630676cb6783812b3d784e6d2fd9f69b30ebb63bac4d8e2e3e7daad8e52f67fb419e71f0f6bb0bb1beb235d5e1fad45f7df449bd5ec67b9a722db6b58f4fe85106f7ec9c0c02a29da8c7b3f1ed8d7743da7169f70f6678cdd6ee751997666a17ad0efbb68efa46ee46ff00316c561e062d763f6539cfbfca59fcd42b87aae2a4fc53fb79322db5ceafd96ef7b0962fe13e843b4a6e6745a2a54d1554bfe4828ffd080d9eef37599de176139e234bf3c49f84e338467169c64934fee982f88000a80000000000000b2c8550739be9240c79f8fe78d3ae2ff3b8cbf84da0297fe2cd96664ce8d36b9595a7ef74cf4b956e75f6d6f6fabea96fa7741fb232711cbfc362f519744abbd4e4d4baf691bdcaad9e4d3f415e25b39db19284fc1b82235eeb263dd5e4514dd5beebb2119c5fdd49760c5a5c79e1ea7068b3f5574462cca5640000000000000000000000000000000000000000000023b799b6ebb579795528b9d75f714c91217992ef419dfdab022743c8703751a71f65834c2f9aeeb6e3dc6d27f3351874513b70b558f3ba2bf2af148ab63e82adbf12d3ba9ca17d3094eb99ef59cd5e239e1efeb953915afd697b4c8bda638ef265b19bc2c9c678d9705fa09f39cea725ef39757b4c7a66b1688383723a302a8bc9f2f679bbbc6d26164ba14e0a539a2025c733f1f778bafab6991d4e87373526ba27b94e16d70f6f89bac0a1ce7556a328c62d9a5b8cfdce26fb133717596b6f1527050934db0ab0f15d9e67d567e973e4e77e1fc4dbedce259cae718d46542ccadb6c178e5e67bbafe3c0b1952800080000f36b6eab5424bcfc1f5eff00bf473ee13afd55f4e5cf3e15dd9cae6a4ae4a449ec782ad86cf23327b2b62ad99153e13c7b166a391bd754ff00bce088acfce35da4a7020f1f168ab2dcd2a954941b2f3a257ad36b55ff00f17e9abf239ddfc6388f6fd5e4afcffbdf5b3a4eb6aa29d7e1d58f77ab4c2984616769f9452e932800020000000000000000000000000000000000000000000000000000000000000000000000000000000000000000126d45b8aedf5ec8a9437bcc65edfe1a87fe696d9c942129bf849b6723c5c7daee35db2e44b63386462dcdc20be12ad29858b0edff00c5fbec5780f4b0c584a69ce6ed4cbdebf1160e0e2e2a976a9aa30eff00828bb6cadae668753bfc0ca719d15777c17c32f5aacf5b2d762662838abab52e800002000000000000000000000000000000000000000000000333658181152cbcaaa94fe3cd8936a2da5db48e63a4d463f28d96df2b673b7fcabfa850a615d23177da6ccb1578fb0a273fb29198a26ff846971f5793938de74ce9877ef32d1c6736fc9d160597a7e7e925fca404991fc874f3db69f230eb9415b271941cbef1648008e4f9bbcd8e3682ed26db55626ab5542d5f09566ee9f9f4e8d7d18b6ebadbefaa2a09c0e963a5f60aa5717c2dae5edf2b7bb1a952e753ae1597500200000000000000000000000000000000000000000000000000001b0d6e16ce8f433295657df7d155c8e31c775b429ca124e1025393eeecd261556d50ae739d9e094ce7ba8c2dd720bbd7cc9cde336db736e2bf889db8e5d6fd7a8e79ff00f9dd49f1ad2e06c2596f2a0e4a2d4a294bee68e5e15785cc7129a62a3542ea9c62877b3e2fb3bbd1aa72aec97ee9f88d4636cf6bc8a1b1be8b2a826adf269a476bbeedca5c6c72927535dedd4c0078de90000000000000000000000000000000000000000000000000000000000000000000000000000000000000000000000000000000000000000000000000000000000000000000042eef6397ae517563b9fe472ec808732b555dc31dccbcca316ba914dd969672bdce8847f33676c3d166ac72cbd72f5561d06e63b4a67f783e992243687027afaad6e69bb24e44c9cf3d7aae9bc77aedabb0ccfa4c6b2d51edc53697dca6c3985b38b7f4ad161e4093d75fdfd9947c2aa0d36d268f67c3f171e585cb28f273f2f2639eb15863ca6d6fa5587c9aef74aa7d9151a6b8bed2327841f5ec7a671fc3ff00f13cff00379f7de4d8c9db5d9b5c20ebf04a5d9af5ae923d748f5da44b319358e3a86372b96ee5b789c9c7f7ebbfdce8585d7d356ce793536fb48e8781dfd1d1dfd8f1fc4789fdbd7c1bf56411d92a8c4d82b64bf25ed424ff00b92262da622bb0ac518a728a724795eb9e5a78f396bf39e3c9258f34dc5fda44891d9b4473b5cadabde6ba6bf9448eb7361998ea4bda71fcb38fda40bd804a4a316dfc221349bf9675f7517249a9b5190d1226c001000000000000000000000000000000000000000000000000000000000000000000000000000002bdc8f3efc3c58fa5f364d54bfb3916120b91eb279d83e10b2b85b19f9c7ce5d116794353c4b6ce953b7757c667bd4dbb8d4ee31f5f9b913c9a6fed4272f67127f539db0b713c331571be3ece4a64553aecdccded595913ae35e3b97824fbf30b169135dc406fa5df4d95973b5b49f1edde5cf3a87e864beea98da726faf8555eaab9df24dd926bdbaf12d78bbbd4ecb36581e97728f6ff003afb133562e352dbae8843bf9e9134b5ce32f925bbbc7860d7afbe37bebd99d1f069fa6c2c6a5bedc2a8c5bfbb4874814d800080000000000001e7295eea9468694dc65d36bbf7fd8f478c8bbd0a6762ae73f18b7e315db7d7ec80e7ab0f9caca4dce9316db61cb75ceb95fe975edddabe224ec79ca9fc6933dff1023f6bbecedcd4f0f1355970f3925dceb1b6bb6febeae6164f16fb736978ed427fcc645b860573a30716bb3da50aa298080002000000000000000000000000000000000000000006aeed5f6ebf2563530bac50f684fa7166d1f36d9eb59aec9cc70f2f4a1df8858a5e272bcad7d34d39ba0b28a52f14eaf7892b0da712dcc20edfa594bbf8ba0948d8d2725d6ef60e0ba8db15db84c6fb51a4789764e56b95ad75ef1ed4c097c5a3168ad2c6aab843e7a82491f4e73c5b0747959f0bb0afcaa2da5f73c69cce8c0a012ba88cd572b60a5d77e2e4931ea55feb8ffd42007a95ff00ae3ff5109c27152849497dd3ed0000000000ca76ac6bdd497a8ab9787f3d7b1cc789f1ed6ee68c9bf673b2dca56b4e2e674e92f28b5db5daebb4737ab8138b9c9eff00f3feee2162c73e07c77ddfa36fff001965c6a2ac6c7a68a9755d70508afec8e7b7705cbb17bf219c8e81afc5a75f858b8caded575a826dfcf407a0004000000000000000000000000000000000000000000000000000000000000000000000000000000000000000024fa8c9f4df49fb2fdce53813e458356da9c5d0dd2c0c973ff2669a70761d5ac5375cd425d4dc5f8bfb329747fe917bea4f0ff99a4155da5729968aad0c34b7414a6d3ba7f69b6ce9faec5581afc5c452ed5352815873fea0fdb0060be731d8d1f5d6e3fd2f6dd8928016e0004000000000000000000000000000000000000000000000e7f5711e4746d73f3313675637ab74e6ba6fdd499d01b4936fe11cd21f8df30bb3e6b612c6d6d76770415259dc5f94ec29f4b237d1941af7874d44d68717e5d8f8f542ade2505ece0a724941101adc5ded5a49ef7076d6f754a5e7533aee9b695edb5d8f9905d79af78fda4064826a11527db497646ef3f1bab0a33d45309dfea2ee32ebda249008e7995bbe7d858d664646b71e354177290c2de73dcfc7af27175f8f3a67f122e1cb7bff000e6d7d9bff0024d4e0f7d53e378694977539a90545f18df6f333779bafd9d508ca14b9b4bdbc0b9145d15f45fcf3776516c275cb17d9afe605e82000000000000000000000000000000000000000000000000000022394ec71b5d8545d91811ca8bbd249fec4151cff0005c7a8e0ccb3f20cfc1c0c38db9b529d6e7d2453e9dceb32977898315e5ecdb4a27a38f1c72c7bc6d71cee52f5522b9860ce0fcf5f3666d7f32c2c9cea30a18ce11b3da2fecc88b74d9bb08251c4f1fb397e5899b57c36789998d999990a53afdd4206b3c78663fcb3865cd6f73a5dc00795e80000000000000000000000000000000000000000000000000000000000000000000000000000000000000000000000000000000000000000000000000000000000000000000052f94e567d13c658f3945322273ddb847cd5ded1f669fc97edae2e15be9caf5fa3dd76c889eeb5d5497b79f5edda5d9e9c73fcb8eb179ee1bcafe638ae764df3ba8c87d4e0bbf02c863d7c709f95b8fe2bcbdda46438e77795bad3b613535b47eef02ecad6df5d5fae517d143c5d4ee2b4dca84bfb791d301be3e6cb8e6a48ce7c58e7e5cf96b366bb6d2fd47d5aed8f937e9fb1d001dbf199fedc5c6fc271fdec73eb71f2e89ff9b53506bda417b967dfcfc317bfdbc9151c6ba338fcfedee75c3932cf0f56a3cf9618f1e7add6594d465152fde492fe4e838524b12afbf473f9d918b5f997bfc77f73a1602ffb2d4fee8e3f11f4e2f47c3dddca0003c8f523b5ca789977e25ae3e12ee7030d907addc556c63d63e4fb4df7eca48dcdad6d3a72229275cd7723dec715e76bac827d76bb5fca352cdab63d9a2918353d7ec32e3643de17b7093fda05b3499aeed7c636f7ead1374cff009810fb4aa356c7164be2e52ae45c6eb708b1d738d9084e2fb8c92681aba5be2e8963b97f994b69a368c54000000000000000000000000000000000000000000000000000000000000000000000000000008ddc689edab845e4d94b8bee32849a24887ddd5bc7543f0dbaaae5dfba9a22c42be094c2136f6d99e4cd6d4e0e469f778d8b6df7591b5f69c9bfd9336a18fcff00e5e5e19b78987c9219d54b22ec1f74fdd43f38dac5981a780b754dd72ceb69b2af7f0715d3370ac8b13155aad5456ac4fbf2492600000000000000000000000079c8ba14572b25fa629b6cf47ccdf0f465e5d2493f7608e754f23df4d6565d58554b0e1f31f345872f7d6e3d5879f461ff00d95aeef5f64cad6af90e935f564e0644a6a1e6dc66a1dae99861bec1bf477e0555db6e478a8420a1f2e4be437e6ba862e455958f4e454fbaed829c5ff660d7d0516e3e9f029b57528528d80c0000000000000000000000000000000000000000000004372e945f1fd92fb544c8d8e16366e25d464ffc1941a97bf881cd6ae36eee3ba9d8eb9bab36aa9cdca3f332c7a6e67aecda1d7b0b618d9315f9d4cd98eef8de968a7096643c6a5d2841f9f441666cb81eced83c98f73fbfbc08ad5d7db8f9dcda391ab8278f083f5e6bd93674523b434e83171e6b532abc27d4e6a33f364882aa7bde1d859f9f3d85fb19d10f08268825c5b8f79a843925c8dbdfc27bbe518ba777758d1abce68c0b8c6a9726ab0eaaa4a9f41c9c42b69ff4f31ecad4a1b7bcb76a3595ea3021855d8e708c9bedaf96caf715c8bf1b6fb8d33bddb4637bd25b8a96d000100001f32aa57e3dd4f94a3ea4251f28fcaed14587f4ee716dade5cbf8817b30e76f74faf9386567d309ff00a3bee4154a7fd3d9b7072dde437127b3b8c537e4eab2259b77786a1fddcdc093c2e45a4cf75c31f614b9cfe20df533681ba00020000000000000000000000000000000000000000000000000000000000000000000000000000000000000000164272aa7084fc24e2d29f5df8b7fb948871ce670ed2e49ecfeee4cbbe4bb963dee95ddaab9787fe2ebd8e6da6e299f9f44f2f6f9f9d8d73bba8273ea4152599a3e49463cedc9e5928530836e5d327efd66db2771afcca766a18555294ab4dfe7655f71c1f2a7833fa3da65654e13ed5574c96e3dc4add3e7579bf5d37dd1e165405a80010000000000000000000000000000000000000000000009454a328bf869a281c6de7e8f639ba5cba1fd3dae6e8b4bf80ae35aed8edefd1cf4185ad9cac9ca7e561d8b4f80b5badc4c5f6f2aea8a9b5fbc8f6000c9cac7c3a277e45b1aea87bca4c153fea2c26f43534bd96641cc227b0b7fa2dccacc4c6ca8dce506a507092ee252ff00c1f89919b9b0d4ef9d30f8ba887bb89e771abd56a61a4db6aaaf0eb26a739426e5dc6466e478d4e2725e359b89f92eccc94aeffac02adfa1d061e8b1a50a7b9ce5ef3b64bdd9be004000000000000000000000000000000000000000000000000000046f235a79e3510da492addcbc3bff00594c860f1fa6c72c7cf7d4be20ff004a2f5bed4e0ed71615e658e10aecf34c80ab89682b878acbeff9b0efc794c677b72cf1b6fb2bb76cb231bc5e2e74ff002a6bd9f49923a5e639d91b2c5c0be884d4fd9cd12d0e35c73b8bfa883fedea9b783c7b43899ab2b1bc7d55dfc4fb379e7c771d7a19c71ce5fa934003caee00000000000000000000000000000000000000000000000000000000000000000000000000000000000000000000012efc65fc0336b526c001a6400000000000000000000000000000000000000014be55912ae78d549b509be9b24e1aad64f094fc20a12abde44c6c70f0b2e1e391d4994f7a28a95f5bcdff002653728c3cbe0ed32b71c64f671b8c995b527c4dc1cf29426e514df4598d6d560e1e1c1c69ebb364e79df565b74c26b101a5b2ce5838b3bdc1cba5ec9152c6e579562ee759bc3873ce6f18ce7cb861e6af40a6ff0089ad515295331fe28b7f6848e9f84e6fdae5f8ae2fbac5bad53d8e0ba7d4941b9a7dc4add3c42ea9a93be67a8f26bfbff853322e4b67bf754cdce1f89c26a3179be1b3bdb0d9c5322517e1913722e98947d3e3d557937e3129dfe2a9c271eea9f8971c5b95f4576a5d292ece5cb39649eb76e2bc77e80007076251528b8b5da6ba66b6a6eb6144eac8838d909b5fca364f193e545f54d25e0fd9b0b111072d6ef251974a9ca8fb7fe336f7383eac29b53ebd29291977380b2f064ab975645a942464c3bd676ae33fddc3a97f26bed44663ce346c716f5df86555e0bf95fbb264abdb0b2cd5c7d34d3c2c894ff37d937f05a29b637550b63f128a689614001100000000000000000000000000000000000000000000000000000000000000000000000002bdc8f3f67838d07818fe764ad51f22c242ef7653c0c5f3aa0a53efa49feec956226bc5e67656a6f654414885ccc7e61f8a60a7912f2e9c15a9748c798b96c31e3976e6a519cd755c63f05a759b2dae266e2e06c5ab3d6efc2c8a0bdfd935acfc5e34f867dd54e6925dc5746d80564000000000000000000000000195284699b9d7e6ba7f97aefb02728c2329c9a518a6db7fb24073dc4e5ba4a178438ecebfed182379734d5a9a853aa6ae9fb454faad32cb0de681c5496c319f7fdcad729cfd2e4e128537d365ee69d5e0fb9a61a8ba53376d55d8e2e2e514fc5fedd831e99dab5785eac64a4a98f7e4640c80000000000000000000000000000000000000000000046f259ba347b195529c651a1bee24918b35e1c3032679bed8fe0d59dfc78bf602a1c538ee8f23558f953ae19374d776b9a522d12e3ba2f1977acc551fed544a52e178d94965e8b712aaa998efe1fb8509cf3f924fd051f76e5322bc60d78dace6d4e2eba53545917eb4133a4113c7b49a8c0a9df852574ed49caef3f36c9629557e47a2cdc8cea367aebe30cba7a8a539749a35b6fa7e4766d69cbc1b615778ea139f7f06a6f71f2377ca31b533b675632c7f399976b54f79bea7511be70c3a29eee820ab0e83450d4513b2e9fab9773eeeb49629fc42d9d1b3dd6a95d2b31f1649525c025000100000cfc8fa5c2cac8e9bf4a99cfafe11cd38ae935db1d5656d33d3c8bddb38b7391d2da4d74caaea38964ea3233151b0ef16d8751ad858a57e17894f1386d69a5d59755f1709f9975ab94e5e2d9abc7c9d5d8e3930ad2b94880a38ac30278ab7bbaa562424dd7439f81d2654e3df5549c21382f1943bf74baf8682ee7d8000640000000000000000000000000000000000000000000000000000000000000000000000000000000000000000b2c8d55cec97e9845c9ff08e60a8db729c3cfdc64674f1b1a95374d10fbd513a7e452afa2ea65f1657283fe24ba39dea69ddeaf0777a1c8c29ce2b0b22daae87baf787c442a27061b8d5e8b0f7f89b1b66a764fd7c79bee1d29b474eab9269acc9ab17eb211be75c66a32ed7ea39761ade6cf4985a2c7c0b6aaa16cddf7cd74bf59d0f67c475db2fa6b27dc326a75f7747e6718013400080000000000000000000000000000000000000000000065db2a31326d824e50aa725fca5d9cd35dc9f9a6ca872c3c0a6e517d39f474bcf5378398a1df9ba2c51ebefd146fe9be4d4f073b17e2d85ca6c2be55b6e7ff13d2d7334bfc55cab0f3f029d8e1d354322d89d1ca1f3270bf7bc631a99c1dab23dd7dbb9c00be1a1c975f93b3d64b128c9853e738f9b9af67037cd7dde9a8dd62431aeb6cad46c5352804527fc07b078bf4b2dfce58ffb41c091d6f12fa4ceab2b3b633cd9d297a2a4bda06b2fe9c60aebad964909abc19f1ee675624673be16c02ba88002000000000000000000000000000000000000000000000000000021395686fde63510aad50754e4ca657c07691f9ce841173e5366f2aa31ff00098273737e45471b3b9e3928ba6f7fcd68f4714cfd3d658cfedcb3d6fb95f65c0762e3efb283fb27036b4bc3b335bb2a72efc88350346fdff24c59357df04d49fb236b8cefb77b0dbc95d7b9e2c60dbea26f3c79663bb962ce370b7c5742001e4770000000000000000000000000000000000000000000000000000000000000000000000000000000000000000000025fa5813695563fd9458335a8000d320000000000000000000000000000000000000000d0dc6aaccba13aaf709c0e75970cac4be70b2729491d1f33698b83287aefa4d90b979fa6c97e73f03d3c79724c64f4f5ece39cc2df3dbcf1393ee4dc9b738b6fb65a4d0d24f03c3c31bc538a7ed1f837ce3c9779deb4de1358f945ee22a785626fd8e7d854d6bb674cdae259761cebaa5d4e49aece7d4f1cdcd56cd7cc17c33d7f0dc986385972d3cdcfc79e596e4db33843ec7c55d7dfc1b0b47b2e9fe71f82ec578ff0fb67a672f1d9fa91e3bc3c92fe9c62f182ebae828c5fca32cf072e88795d1f64ff00630d72edb172967592cc357bc587228afde7d7ba5da4749d6c7c70ea473bbfbfcbd7ecff00e8742d5b4b0eb3c9f13f463fdbdbf0fadd923d000f1bd40c9abd6a670ebe500079d75aafc3f1726dc1b836fe7d884c46f5dbbb31fe69ca6e50fed2fdc968d51a362ec8fb4671e9a3537744a752be94fd4c76a7068d4f3afbad64e9579b75128a4ae8b697dd1e38fb9538f761cdfb516b8c7f87ee6bdd6faf46b732a9f53535e464b27f49bda64a6a34e4ae9ff79242c3695001940000000000000000000000000000000000000000000000000000000000000000000000000ad72ac5c8b3094b1a0e73aec53e8b280b2e941db7228dda9a2daf0a6adf552751b181765eeb3f072552ebc6c76fbf3f9722ede31fb02697d4000ac8000000000000000000000000da49b657e7bfc0b336780aa95cfbf19fb7b245826938b4ff007473ed664ebf0f79baa732cae164e7d41cdf48351af97671da321e360e9beb2fefe544d9d6ecb4746550b2b4df45739f509f82f664a718ced3d50c88cafc685beab7df9a31f2acfd2e4623c68e4e3d96bfb4d0375704d349a7da6818f4919c351af8ce49b5441768c81900000000000000000000000000000000000000000000083e58d2d0ec3dff00f544e1a5bfd7ddb2d6e56352e2a538749c82c739d562ecf47acd7ee712c9db4dcbbc8a3f6513a562676b37d82e7071b699f719c198f51895e1eb28c1b6d84dd34a8b2a399c27231733d7d367fd2a9aea6069e8e0b51cbeed7e2dd278f383ee07472b9c7b8c43553965db90aecab1376d858c1557dff1aceccccab61aece7464c20a0351c5b3b131f632c8d939666545af557bb832d001b43f1be3f0d1d57b77fad6db2ee769300040000000033323e9713272141cbd2aa53f1fbf8a3954f97ed37396e8a33aad7d4d1d5483d968b89ce6beb2bc5a67ff8d54162271783e35f3576cb6776717284235c230824a314925f648e77fe17a95de7a1e4315ee9ca0adece894c6c8555c6c9f9cd41294be3b697bb00000800000000000000000000000000000000000000000000000000000000000000000000000000000000000000000198f216264bc6ebd7f4a7e977f1e7d7b1c82adb7f5067ef08673fe7180ebe0e56b63fd46706d5593fef440dbd067f349ee70e19eb31634a6d58eca3a801d24000000000000000000000000000000000000000000000000a76e385db6e75bb1d5673c4be7eee28b8e5c2bb71726bb67e15caa9c672efae935eece710e37c53af7e510ffcf8058d97aee7ff0013dad5044968f882d6662cecdcdf5f24897c738c3abdf9341ff779102cdb4e375e7e56b33bea7a96228f51f98cc2a70d1df53babb0a30d45b0aaff00557bb7d7e53797c22bdcd3677ea74ca78b370b6dba30530883581fd45f64f3e92575181caa1b4a6ed94f1ec8429943cc8fd85d99c674187814e53b733266d425246b513dd71ddc6a31f273e77d19efdd35f13636a9fd162f25c6da663d964fab8ce2dc1f65880096ec000400000000000000000000000000000000000000000000000063cccec1d654aeccbe35a7ec8a6e4727967ce54602ea3f0a6fb5d92fcab8f646e69c38e3dd187a336e4995fab856c28a66fea6b761db8fe5eb795edcb3b9efa890c4e39464baadcfc9538c6293877eccb7e1d1818f15562d7541457c412280f846cad87566c609a66ce8789e669f64f22ecb84e0ab6928b633f4df19ae3bfdabb000e2e8000000000000000000000000000000000000000000000000000000000000000000000000000000000000000000005d2f0a6d97da0d83cdcbaa2e93fdab903196dd30d6af4f40036e60000000000000000000000000000000000000000ac726d7cf29e2f84faf1b5766cd1c675de8c5db5a9cfe59a5caf3efc6aa11aacf1b2c2b2b3373e926edb3af94fa3d18ccae18fe791e7cb3c665778ba360eab0b03bf423efefdcbf966d94de2f9f9591956d575ad7827ecfe517239724b32eeedd70ca658ee4d03d4ad36bcd7688cdb464f0adf193524bb4d7dd1ccb12ed8cbdfea6cf75fd91d38b87e64fa9cf939e61ecec1ead7feb43d483ff00991cce3f5bd772c89fc04f2bbefcdbe93f1efdfa6779f072cfd48e1f8cff00e8ba6e6519e24d46c49be8a9d30f14bb7d987bcb9a4ad9a6fd93e9746c47d8e938be5e3adedcef37af2fa745afa87b745ff5b24b122ce7d726e0fa8f7fd8beeaac5f435cfae9b3cfcff4cfede8e0fab267001e57a80001876144de34ac8bea5169a3dd57faf8b1ed27e505d9ecd1c18fd2666462c9f49b7387f0fec17cc44d3178f76660493e94bd4a9b5feaf76919b6b0776995c9356e3d8a6a46d6eaa54db8b9715ef09f4ff86454f794e15b6635954fa9c3b52f1ee26b66d67c7bd5d8f4d9fbca09b3d153d76e33258b6558b8c9ca124a05b31e564a8aa5647c66e09c97d999a80000000000000000000000000000000000000000157e5b9b9d8d890b312534e3647da25a0d4dbe2ab306e828f7271f6422c43e1f279c615bcdc671ae718b56a2c7465519108ceab14935da20b8f431b274d08ca29bf78c93f94cd6cce2f18495b852f4a46f585be745598153866725c04bd7ad5d15edd451b94f2fc65355e6e25f8f3fbb8fb13d35160060c7df6a7266a15e657dbe8ce6400000000000000000d6cbcfc6c1aa56df3f18236485ded975789e55e14af7e6974a3df44ab26ea11f2adacaf6f1350e7427f32978f65b357bbc5d92f18a75debda754be62526bd3724c95eb2b618e935e29966d2dfb0b2e9d1b1c070b61f16c57e49f4235644c800ac0000000000000000000000000696c38eeab6363b72b161399ba63d958fe96e8d76783f07d482c5273755c27024a190e2ac7f114cc98181c1f3ad50a143d5f85035345abc1ccc1c9cfba98cee9cbe65ee78a759463e9722eeebf5158e509c7dbbfb05d3a2514c28a6ba60ba8c22a315fd902995f25d8ebf1b5ff005584e754e2a2edf22e717da4c2594000400000000000000000000000d7600000000000e80003b4001a3c8f3aec1d4675b427e6a997524faf0378d6d961acfc2c9c49bf18db5b8f6055f8968ecc6a68db6466dd3bf268efc3eca458b1b65466e765eb3d29a9555a9ca651b1eae6fa3aabc0c6ae9ba86daae663a389722c34b3b1b35433ec9b53fb78056fe9adcdd1f245a79e64f268c84e69cdfbc0bedb7d34a4edb230efbf97d7c152d0718cfc6d8dbb3dae442cca65976da2d76e2a8c32e9efc1f7092f66883efe31a8a9f53d863c65f67347b5bbd44936b638ed2fb4d1cbb238ceba7cab13570add343c7f397bfbccb964706e38e99a862b83fba9c81d2c78d9b89975fa98d7c2d876d7941f68145e0d08e1ec375af504dd33f7b517a2940004000033af78f87957c7aeebaa735dff0064730e37c7aae471bf6db3c99dadcdc3c0e9f28c6719464bb8b5d34501714e43aacbb65a4cfaa144fe6330b1a9c8f8cc3458eb69adbeca9d4e1da3a56a72a79bacc2c99d7e12b6984dc4a33e2dbedbe5e3ddbcd8d36d34cbda102f35d70aab85708a518454525fb2400001000000000000000000000000000000000000000000000000000000000000000000000000000000000000000009ce35c27393ea314db7fd9151cee7fac8750d7d33ccb65f092702dd7550be9b699f7e3641c5f4fa7d4974734c9e01b2c1c8593a9cf4dc3de0a7ed303edef9cef9412a67878ddfecfc0e9514d4526fb697c9cc572ee4da4ee9dae03b7ed39af03a727da4c000000000000000000000000000000000003af7ec00000000000005b546eaacaa7fa270717d3e9f4cae7f80b8e76dba2dff00cc658eebaba29b6eb25d42b839c9fd94576ce669f24e532cdcaab3278baf876e9fdbcc2be72de1d81afc0599af85dda9a8b877e674dd74ecb3030e7654ab9ca8839417c45b5f0722c0bf91e0e9e1bea760eda159d594ccebb85975e6e263e5549a85d5c6693f94a4008ee4fa57bbd5bc68cd42c8cd590648942dcf10de5a9d581b2ef13bed5164d82189a5e4db3db6bafddc210ab0be1a69b992b7683332792bd9e5e57745134f1a92cf8f0b2ac6a216cfce70ae3194bfd4d2e9b3e80000400000000000000000000000000000000000000000000000000005279fe4e5e2c3573a326dad395a9a849a21b168e533c0ab2233bdc671f2edcc91fea536b1b5bf6f399738595cf431b3bf460f1bbefafd27a30ce63863d4b76e59e3bb7b735d75bc87711ba345d759084fa94d58e1d1bdc572764f92e4625f917b50a25dc2736fe1a367fa797c250da7d94e06a687214f9ce7fbafd16c0b9e72fae4935ec986366aba4800f33b00000000000000000000000000000000000000000000000000000000000000000000000000000000000000000004c0f99b38ad7e6cbf65459ffe2079cc4a3aecd9c7de4b1ec6bfe80cd75e3f15ec0069c80000000000000000000000000000000000000001f3375b8f9708c6705ecc3d763f55a5151f1f9e915ce438bb2b1d13c4cb75787bb51fdcd3ab77b6c48a57d2e704be575d9b98e5674e573c25b2c5be8d763e3df3be0bdda48fa686a7798b9f171846719aefb8b5ee6f99b2cbdba4b2ce91dba8378174632e9b84d76735d664d5e9af7fd8eb77d35df54abb177168aec7886175ef052fef2f667a7879b0c31b328f3f2f0e59ddcaae7af5bfdcf2b22befe51695c53117c423ff00561f19c28a8b7089e89f13c3af15e7bf0fcdbf656616425d24cf6895cfd3d5898fdc3b4a3efd39b64445f7eed1af998e73a67e5e52f6f928c9ce1d49a49a6743d5251c382fb3673b9b87947bf3f67e5ec9fec745d6f4b16279be23e98f5704d5a000f23d200001abb2c78c6746441f52abff00c4fe4da128a945a7fba0b2eabcdde9df8aa0ba979c7b28d2cc54df0c4c8c6f3504979f5e5df7f1ec5bb01caaf56a9f5d466fc5fefe2573779b1c0d8a72ae7284d7cc51a906bd583d654258f74a2e5641b8c65e297f25e0a9ec15b95463e4d314fc3c65e515eed16ca66a75424bf7464a00020000000000000000000000000000000000000271f28b4037d26fa02a1a9c95a5da5f8172eaac89f9d53916f297b1cf96da73a6bc3567836948d8d4f218e22fa7ce728282e9399bf979485bb5b1a4cf39383897c12b6984bf9499ea9c8a2f879d36c271fbc5f60cf7052f67c23bc8593aebfd16a5df8163d257b6a699c33ed52ebda1f7489102db540011000000000000000d0d9eeb0b55084f21fb3606f82aebfa83c7bef91ffc03ff00483c7fef91ff00c005a01a1a7e4781baf56389e7e75fca9237c00000000000000000000000001e6daea9c7f3aed2ed9e8f99b8d1c9c6baa94a494e0e3dc5f4d76162a989c672b0afb6dc2cb92c79a7fe437f9537f634755c3f6144facece73a7cd4dd49f7165934ba5c6d342c8d13b24e7f2e4c960b68a8a557e9fa71f0f1f1ebaf6e80019000000000000000000000000000000000000000012000023b7f8fb1c9d5e5d1af7e16ca0ba9a978bf66488035b458d9b8da8c4ab3ed73be31fcedbecd90000000ad72ad263e5cf1f3567fd1df07d2b885fc1b96df4422b91a78bff00ddbcda974363ae5b4e710c6d8b4e858be7540dad6eb31a8cddae86706f12e8a9d4bb64daac5a0d2e3e9f1e6a37abedb1f94eefde449950e192c8c5ccdcea67779c3126bd22de5280008000065d0f2716fa159283b20e2a717d35d9cda7a0fa5b5c32799d909fdbce4749d87d47d0e5fd3b4aef427e0dff00abaf639a711d0e9367837dfb0879e5abe4a6a5369858f32d560a6d3e6d67fe6325f038765432b07396f6ebaaf385ad34fdd130f87f168cbb961c3f876489eaeb8555c2b82ea118a8c57d9200000800000000000000000000000000000000000000000000000000000000000000000000000000000000000000001cfb3f9d665d9ef134d85eaa4741ccaa77e2655307d4e74ce117fde4ba397f05dd606ad666167f545ae6e6a730366ae65910cafa7e43aa4a89b5d7957fa0e8e735e77b9d6ecb1b0b0b0a6b22ff005fbee074ac6a563e3d54a93928454536fb6000000000000000000000000000000000000000000000000079c9a2bc9c7be8b53f0b6b95724bed25d3293c6e5b1c1a769a2cac6b611aa16bc7bbc1f45e326f86363df7cd371aab94dff115d9cf7132394728b6dc8c6ca58782a6d57dc42a1b06fdc6571e868313537a9ce72f3be6bc21d77e475bd761c3030317161f1554a2739cfab9571687d64360b2b095bef091d1b132aaccc5a326a7dc2dae338ff12400034790636ef2312a5a8ca85172b7b9b97ef008de073bccc4e7d85837e55bb8a7c28839b3c6b2ae77b4c1a3329dc56aab02ba38297c2b6bb9cdcbd8e3ec6f767a05d0200000000000000001fbfc80000000000000000000000000000000000080e5787a0bebc37b5b9d494dc61346d636f78f2c58d50cd87a514a3d3ecaaff51bdaad674fe2731fe0fc6fc2de52cc9fbd3e7f99f513be186171c6e5959bae596794b7536b2ebf61c5705dcb0eea29539772e938a661d5d5c5e5b8c9bf06eae59734dcd229bc7b4346deac9b2cb5a8d53515132f16c386372fcec7705fe55761acf8f09ead6777130cf2cb5bc7a74d001e676000000000000000000000000000000000000000000000000000000000000000000000000000000000000001d000d01ee063ca8c5ebf37dfdde3d9eff6f607bd943ad5ec2317d3fa6b3dff00d819ade2fa0034c000000000000000000000000000000000000000021377acd8e557178b90e9f12b76646e70698c32b0bd4f17d39a977da5fbb2eb9b9f8d814bbb227e30347fc4daa9d4d29f699db1cb93d3358ee39658e1bf28ed0e6eb72f2672aaa70bda7197cf5d1692335995acc8ba73a211f249f7d1266393772ee69bc75274f975d5d15ca737d248865cb35ce7e0a666dbf4f0723bf8f091cd7170d4fa4fae92499e9e0e0c3931b72b5e7e5e7b85d48e8cf9460f4df9ff00f26637ca701fc5bffc995058752f847d58b04d33d33e17e1b5ff004f3df89e7fb458f3b6d8d914b845fca2121d74787547b4644ba1f2f0c26b14f5f2e57f369f2715f91a934fb45fb4ee5f414f9bee7d7e6281679775f8bff9d7977f63a0eabdb0e3fcb3cbf11f4c7ab86fe6af4003c8f48000000034f2af58f7d13f0ee32978b2b1c86cce9d93c7ab5ceda7a8b57c5a2e76c7ca12456f2774f123e9dd8b6297c36bdd1a97b5be11ba0c3fa8a5dcb3ad7d7b2a9b2e3acb97d3b8b878b84e4bff009950c3a250dcd4d4e11859272f6f64d166a52a369646564ba9c7b4bf64d16a378023d6ff0012ccdaf16a8cec4db4e515da46048023323936bf1721d3629f4a4e2e715da449c2c85905384d4a2fe1a7da000000000000000afeef777eaeda210c0baf767c782235f2cbdd1dcf4999187eee310ba5ca1958f3b1d71b62e6976e3dfb8396f16a6599b8bf354a5d7baea6ff003748ea41000000000000000010193abb6ac9966e0250f0fd55fc4667b576a762d51930a95c92ee325dfb9b3bab2546bf25ff00fbb642e2682ac9c2ab25d8dbb63da71933a4b2ceeab2ae359b8192edd6e63854e69caa65a20a4a1153fd5d2eca7ad86f751913f5a996462a5eca3eed170c7be1914d7743bf19c54976ba7d32656df3653bd0003080166661d3350b326a84bf6529a8b0b65aefff006dc7ff00cc88001ed3591f9cfc6ffcd88aedaed8f95738ce3f78bed000000000028fcd6985d8d8ee7fb5e8bc115bbd3e0e7534ac9c87050b3cc2c6c51a1d338573fc3b17e3be941746586834f05ffd9d8fff00c08c30e41a2aa1184b6d8bda5feb465a790e92fbe1455b1a2564fda294c1bacd460e0614e73c6c5aab9cd252708a4da47b00200000000000000000000000000000000000000000000000000000000000000000000000000000000000000000000295c9f53bfd8edb16ed757082a63d2bd4d2359e979abc9595eae1abbc3c091de71cdee667bc9c5dbfa557492afdd746a5fa0e5b4e24e74ef7ce6a3ef09227f8d27b8d682fd57d564e5642b72b2ba7613455381e5db7e0e65574ed95b4ded4fccb59528000800005b094eab211978ca51694baefa6ce72f8163617bdfc86706fed0f03a36c32278b83979108b94aba673497f64731d16931f71accbdc6c5faf7ce520ad8ab85e167a9c31f92cee3a36263ac5c5a31d49c9555c609bfdd4574725b706aa38cebb758d370cac69c0eb5abc99e66b707266ba9db44272fe6480000200000000000000360000000000000000000000000000000000000000000000000000000000000000000000000059385509d93928c23172937fb2473ed8e5701dbdaf22fbdc2f7ece694e2741ccfa7fa4c9fa9ebd0f4a7eaff00e0ebdce6f8d81fd397087799dff79ce700adcd65dc07553f5a9c984eefd9ce12917386fb572d97e18b212caebf474fede451acd6ff004ea1183faa87e77fb5d365ba5c7f5bf8bfe2aa2fd7ed3efb7f6f10250001000000000000000000000000000000000000000000000cac78e562e463cdb51b6a9d6ff892e8a171ab375a2cf7a4c8c1b2ec7777e4be29f840bee7e44f17072f22107295544e6a3f7715d9cdb5d6f3fdbd2f2a9cc8d354fde0a708c42a73992dde725abc3c34f1ad509597b2dbacc286bf5f898b04baaaa8c4e65bad6f38b75b6433b329bb1fb5e508135c6e8e618f9185f5b729e0ce2fcd3e9ca205cc023f91676db03129b35984b22c76a8ca3d37d208c9c9549e836aa31726f1a6687098d91e3580a706bf5ffd1cc82872ae57ff003f16b7fda1346d68396ec365b6b7072f02147841b6bdd4e2151dc1a6e5b8def9bea4ec7f90bf8a35f858d75d7d18d5d765bef394574e4014000400000000000000000000000000000000000000000000000073cfea4b9421ac4a3eddccbbf8dff80250abbb5e32ea06e5b5556c546cae335df7d49760d7aaea4fb26a76a3f01c7ccc4c5d9ac9aa706ed824a44671d77ae67b5fedeaa6dc7f6f33a58f149b692ed8f55ecd00032a00000000000000000000000000000000000000000000000000000000000000000000000000000000000000c006a5d2f16006158b631eb53b197eff004b6f5ffc20f1b4875a6d9cbf778777fb7e460cd6f0f76c000d3980000000000000000000000000000000000000002a7cae33fa58cda4ea8b4a7fc49987075da5bb5b54fd9b51fd6cb765c71a75d90b12717169f7fbf65465a4d645b755ce09ff00cbd9e9c7932f4493734e19633d5b62e2f4c166e73a92f4a2d462cbb9aba9c7c3a2a71aa4bb4fdd1b472e5cbd59edd30c7511fbaaa6b5994d45ca5e8cda8afe0e5f856da9371a27e29f5f1f63b05938422e539251fee47c73f5326d45a6d33af0f2e78636638ee3972f1619dde574a246eb7aed553f9fb1e1e5b8dbe16350e976fbecbffd5eb52f7515ee2599ab5f2ba3bfe233d7e9387c8c25fd58a2d77596b4e14cfc3be9b6ba3cdb913aff005d6fbf94bbf92f0b63a672ebce3ff5467597ad7df4912f367efc55670e1bfd48e76efb65094bd0b5771f6ee12e8e91a59b7830724d331cb3358ba4fa5dfc77d1b954ab9c13ada71fec79f97932ca4971d3d1c78638e56ca000e0ec00000000151dae46da8cf8fa58b5d98ae1d4a4d7734cb71a13fa9775b09fa7e9fb78fdff00dc4ba58a95f8f5e24f1b3e8b64dd7777e9cfe3dcb2eda6de3ebf2a3d24ed84a4d192ec5c3cdc49d32f1f27171306baa566aacc37187704ebf6f87e2da376ed35226a4bb8b4bec52f45763e1e0ec55d26b22aba7df7065a3536b96aebeda5d3925d15f4f36cb7cacc9c69fbf51e9752497ec62ab13c6c65a5b2c9c13bae94e7df5febf745b350bd2d561af0517e9af623abfaa9d526d4673875d782f768968f978af3ebbfdfa2428002a0253841272925db4bdfeec150e630f57068adcda73c88442c9b5bc15fd46cadc59bd66d25d38c3aa6d97b2b2278d3bb70b7399811c87751382b61e6fdd01bdb4dbe2eb5d0aeaa7253fdd47b35a1c9b4b38f835fabef1317249ede70a6385084abedf9a2b38f85565d97476d1b2a6bda3dfb2e98137c631f06bd8664b1af9cfb9b7dcbecd16e22b49a9d661a85b8d679b49a526fdc950500010000000000001ad9f8ab2f0f2a96bf5d6d27f6678d042fa75f5d1747a954e4bff99b802efad0d27f200080000e53caf0adcddfebf1d5bd3b60e28927fd39abc7df36d36b77afda4f90eb722188e74a925dc5fda5eed97a0b5cee1fd3787cfd74d177d4ebd6b30a18deab9f5f327fbb37403600020000054b97d309e143d54dc15c8b691bbcd35db5c378f0bdd5d8588fc5e15c755297a0a7f77d9bd8dc6f4d89910be8c484650f78c8aa51c3b6f552ea8eeefa63f3d466c95d771cd861e4d37dfb9c9be307fa252645ff0056a001590000000000000000000000000000000000000000000000000000000000000000000000000000000000000000000056b73cba785b3fc37075f2cbc84bb99a70e61b39a7e7c6f20c7b8fafc6e453cbc7e38b2142a8a57a724c907bde4b0f7971b9ff00b4834a6e8f9165e267ed7e9750e70b2d739d50f981d5ea9cacae339572836bde32ebb456b0f273eac3d9e5d3c795198fdd412f7b1961d3df9f91afa6ccfc754643efca081590001900002cae16d73ae6938ca2d34fecca8ea78f6769e5b1a2acb53c39afc906fdd4cb766e3bcbc4c8c756383b6b70f25f2bb28357f4e5427dada5a16560d7710db5de851b6cd5f4543528d709f6a674584235c21082ea314925fd91c937dc6add0bc6cdfadb2ca15f1f35dfb9d6f0ed85d898d6d6db84ea84a2dfd9a00000800000000000000000000000000000000000000000000000000000000000000000000000000000000000000005f443228ba8b1775d909424bfb497454d7f4ef40be6794ff9996cce95f0c2ca963c53bd53375afbcd2f639453b3fea1f4d2a32bfde80ad1e59c6e8d06460db8dea5b4dadfb4fef03b29cd1e7f3eb554aed739c1bff413ef337f1e610a9d577e1ce1d3e9770fd005b000101efd800000000000000000003ec00000000000000000000001917578f8f75f6beabaeb94e7fc4576ce714dfc9b90d79f9d466bc3c2a94fd050f6f33a3ec71e595afcdc68bea5763d95a7fde51e8a1f15bb3f0f1367a3cdc29c1d145d6427d05887c1dbf27d769f1770f296561ce6e13859eee0754c5c88656351915f7e16d719c7bfb49768e518b939bb0e374f1ec6d5e42b653ea774a3d41253f33abe0e32c3c2c4c54fb54d30afbfbf8ae8018777b8c6d2e0cb2ef4daf2508457cca4ccc54bfa8709bd462dc9770a732129a0890d2731d6ee727e9615db55df308cc85d62d6ec399e766516b53ae0d4eb97b3738750ee278de5f82f63c6f71877d328c6d8d736a5efe0c6cadc4ff1aea67afbab76cbdb27c02af40008000000000000000000000000000000000000000000000000000000000000000000000000000000000000000000000000000000000000000000000000000000000000000000000000000003e789f400000d7d9c3bd3ed3a6bb78972ff00ac01f76ebd2d36cda7eff4d6ff00f8819ae9878ace0034e6000000000000000000000000000000000000000085ded555987353b5d6fa7d34ce775e4cebad352925f0dbed7b9d2b6f6e1d5439667fc2216ad9f1d74f5e09fbfd8f4f1e771c275b79f3c7795ed8f8a5b3b736e53537edda722e44469b6ba8c9b65562af09a44b9cb972b965bd69d709ac7ca3b6b18cf06f535ede2ce5b878feaca4d49a7db6fdceabb6adfd15d15f2eb91ce307af7947afeecf67c2f5c795793e237ea8fab09a9f7e6fd9a7fee8ccf19b7db9cbbfe4dcf91dff00667ae725792e137db4238518fbf7ee678d125e6bcda527db363dd7ecd1f548973ab319b45e562c524faece95c7975aaa0a3591938fecbf74d97bd44e30c0824bf7678be26cb84fbedede0faab6400789eb000000000a6e44f156cf29e6596a6a6954d797b2f15f62e44564e765c7266a5acb6504bda5ec162ad8787a8c8db25859b6c3d584db8293e9345831a1f87ece34af656fea7f7669d7077ef2cca852ea8554463284be5b6db3736ee7e18b7c21ef1b3dda5fb3372335bd86e18d957512878c249f8c7ff9b21edb78c62dceab5a83726faf1ecdcc89cafa237d16aee516910f3a2a58384e58f273572f5dcbb727df49b44b089dd0633a6dcd9c6df5289cbcab7df7ed2f725c83e3d4c7167b170aee8573b53829bf6270cb54057b172efd96d2d9517bf47126eb9c612ebb91b9b0cbbedc4cb7aebbc32719b6d349fc7cc42fa52a62d9e1e3e62a55befe94d58bf98becf5a7cf5b1d7d193d74e4bf347ecd1a9b6d76464c3fc9caf492ae6a4dfc7b92a7ba195f87b04a5b0c58fa70ba50aaf493eda64ce1eb70b12d77e3c5f94a1e3e4df6fa2b5a4d2591d7e454b3d3563977e2fb49f6d7b139a4d4e76b5ca16ec276d297b4240af1bfc0f5bd19ad85d8d08465e6e13f12a193aac1cf9417e377b92497ebed325392dcaedd6ab0322c70c7bfbf3efda2c93cae33a88ebed70ae30ea2da9c40cda1d2dfaeb653fac95b4f8f5144e157e159b75d876d16dcec70b1968297c80008000000000000035f3b738b81938745dda57b718cbf6ed1b09f600000000fe00a1f25cddbcb6185aec193afd7eff3ff00789b3accbde55ebeb72ee83b954fd29c5f9b9113cb32b650da613c3c1b67651dce16283647dfb5e5d6e55192b5738d8ba4dc6a6fb0dae5c3f6999914cf133e6de457297b4d7e62ce5638beb72a9b6fcbcca670c89ca5d9670ce5e400040000002a5cc2db5e1d1542db2b765ea09c02c8b6cf6baeae6eb965d5e6be5762bb6ab63e55ce325f74fb398e7f0dc4c4c5a249b95b39a5dc99338988f45b4c2ae8c99ba323e6af9e99366975001500000000000000000000000000000000000000000000000000000000000000000000000000000000000000000000152e45bad8d39d469f5497d54e2a739904bfc510db4f096d1fade9297fdc9123b7f5f51c9b1773e85b6e33a5d76282ee48c3b2ddd7abe495647d2dd6ab719a82806967e35bbbf631cbc4cb878e661cfc2e260aaf10c4cef5b67b4cb8b84b367da84d7524a2cb504a00020000194af78d7ac77157384956e5f0a5d7b142ab49cee1ff00e9bffacdccbeec722cc5c0cbc8ae1e73aa99ce31fbb48e6dacbf9f6daa7934e542badfc3b62a016373238aeeb63656f75b8ef1e05f6aaebaaaaebad25084546297c248e51bfa39aac16b637aba86e1daae258b8b53ca6a9d17e6e577873a7fe14fe6205d400100000000000000000000000000000000000000000000000000000000000000000000000000000000000000000b271aeb9ce6fa8c62dbfe11caafdff29dbe266ec71271c6c4c57eea0ceab954ac8c6c8a5b695954a0dffe25d1c9b031377adc3dfeaafc49ba1e24e6ba87ccc2b3c375c97458dabccc9c8593899694bf39d4935249a7da6bb471f93dd6ff005daad4d3acb215e274a76c8ec15570a6b85705d4611492fec8000020000000000000000000000000000000000000000000019b92b130b2f25c7b54d33b3afbf82ece77837733df29e7d1935e2e34dbf04744d8aae5afcd56c1ce0f1ec528af96bc7dd1cb341b9dfe9a0e8fc1732fc26fba9783ee282a5569b9dd0e33af6554fa7df817ea9591ae0ac92725149bfbb2917f32dea5d438be5467f79c665df16d9df8d8f6cea75ce75465283f9836bb71004372c7a47815d7b7bec8552b3b82877db9226467d3afb69eb3aba25577ff00aeebc53ff708e5d087f4dfc3a7937ffbab4b171ab78757992ab54e6ef70f99c265a3f0fd138f8ac4c1ebfb42051f029c5d773cb68d754bd1b71bf3a83ed56157f000400000000000000000000000000000000000000000000000000000000000000000000000000000000000000000000000000000000000000000000000000000000000000000000000000000000000062de76f4bb3f15dbfa5b018b917b6876dff00ba5a0cd8de3649db6800698000000000000000000000000000000000000000079cdc4c6c9a1d3756a516d369ff0067d9076eaf4d454faa21d7bf7d99b7cf695e2bfa2a5c9b84bc9af989cf2acac895f5cb64ad845b49a9af13b618df4efd7fe38e79c996bd2bce93374ef2278d875c7b8c1cd3512c446e99eafc1fd34a09ff00cd14c92319f974c7c353393f42cfe19cd35cd38b6bf4b6cea5b46950fb7ede2ce5dada658f1f4a4d371f77d7c7e6f73d7f0dfa79bcbcff005c4afb13daac6a2c858da4ff0092bb63978fe5f9459b492ee865e5b671e563186ae7258f7b0c5a218d6351e9155a24ac8a65cf67ff00d5665230a5dd489c56de3ddefb33f4e39ebd2d9b3a7170ff0052e8bde9935851efe7c9942b7bf6697ee5ef492f2c08b6ba6e4cc73fd13fb75e0cb79d8ce003c8f5000000000572cccc9c7baeaa797171efb8a932c735270928bf7ebd8ade89d196b2e19d8cd5ea6db8cd13ddac7c56feb31e79391765cdc3c64947f27c7b1eb3a9f3aa557c74fbf634743078bb1db555b9fd339c6515fb29b2636109c20ac4bbf7e99b97b650f5797d25b5797728bee3dfb7682af657e3556d1e9a52826e325dfbff0028f7d2f1f6f86894d5c52c59e376978aea3fd916d3a4569deeeb9db0cb714a32f8516934c9f316163cf055b5bb656a6fb5297c994c2d406671887d6599789953c776f7eb78bf93c3e37835dd2a9676442ebe0dcfa9fea1762f27864dea9d857e979f70528aefa2373b53c9b2aec5b967d51b299f946467517756ec3c4ab0b1a18f576aa87c26fb3477db6fc3f166dd52e9c5f44a55ea7a71f57c7cfafcde3f1d8b2b8590942714e2d34ff86693ddcd75fb171d7acbc2f5a17b94db8f5f965ee5eb41b97b4c76e743aac81215616351050843a8a5d05082939a82527f2faf7616d88cdf6830b6f5a76a6ad8fe89a7ef11f80f7a75affaab57e4ebd46ff39a5bbde6cb51994574ebbea2bb176dc48fab9c394a69eb2ff621dac1a3d1d1a7c550527297bb726481a9abdc476b8ab26a878c1fdfe4db2a5000100000000000010bbdd6acfc19f50ff32afcf07fba68dae3f9f3c8c08c6f7d5d57e59a6476db3b255f4e0e32eadb7fe6fd9222b2b4fb1c153c9a321ce7dfe7ebd9c91bf4ee4dd36bb02af85c8b23e8e77bead75a6ac83f69f65a303618bb0a9db8f26d27d3ed74d33371b000040718c9a6e29f5f00aef23e53569d42a854e774d3f089930390d92d55b9d9b57a5d4149406d53c0e7cbfa89ddae6b0a5e89d070f2aaccc7aafada6a514c200000000044724d3cb67890aa16f858a7e51912e54b96bdc7d3511c056aeee49ca0163ce6eaf9364eb71b1bba9dca69ce6e6486bb50e393564ec327cf22af6828bea244d5c5b7735d4f797a91137714df7d6d507b1b254f7ef3efdd05ff005d2c1a1a8c0bb578b2c6964cae5e5da9337c3200000000000000000000000000000000000000000000000000000000000000000000000000000000000000000000aaeff6f9cf6746935705f5134a73b1fc289e37bb5ccaf6185aed662e3dd992876e73811fbda36babe4756e7170e77d5e9f835188d151b49ddbbde598562ba5dfa15493f30d2c7c6f7b91b19e6e1e6530ab2f11a8cd409a2abc3b5f9f5cf65b2d8270c8cb9f6e05a825000100001f336190f0b2562fb5eea92aff006fcdd7b115c6eadb55ae9adb77ebbb5fb392975125805df40002000000000000000000000000000000000000000000000000000000000000000000000000000000000000000000003e675b3c5c0cbbea8794eaa2738c7eee2bb395d1fd42ddb87beb71ecfef18ccea7937d7898d7e459df8555cac9f5f68aed951aff00a87a0f858f970fe61002bb3e7fb98db0a61aba2b939afc8d4cea4729e5bbfd6edff0b5ae84de5556f7167565f080000000000000000000000000000000000000000000000000662c858592b15277fa52f494be1cfaf64ca4d599fd44ff00ef6e2174cac9ab0b16fc8b5f50aab7397f08d4d16fb0f7945d6e342d82ae7e2d4d0550b65c9f99ea9c1666162d2a6fa4ce955ce33ae138c9494a29a6be1a668723d1c77b80b15dbe94a36a9c266fe3d31c7a29a61fa6bae305fc457400d4de68f07754570ccb2d842b9792709f89b6537fa897dd0d6e1d0a6a155f7f560108b4dc1a139c3f1ebbfde65d38e6974584a797acb7d7f563d3b5cd4cfb89c438f518ea1f4109fc372937265530b1168b9b2c5c097fd9efa7bb6bf9f0407430004000000000000000000000000000000000000000000000000000000000000000000000000000000000000000000000000000000000000000000000000000000000000000000000000000000000010f75df5d0183907b68f6deddf589683cf225de8b68bef8b340974de3bd74d900158000000000000000000000000000000000000000079bee853094a4d24976c82bf6ba4ca828ce744d2f9eda3df28c5becc06ababcd3f97dfe92a78da1c978d896f4da9c7b6fa68eb84c35dd71cf2cf764c7a5a7490d5f9cacc4f05127ca5693537606fba9d0fc258f24e45d4ce7adf55bc37af1a62d8494e8b17ede2d1ccf15a56cfa4faf6ebdce959754e78f6c63ece516bbebbe8e558f81b4a67ed893e93f6ea2cf57c35c66194b5e6e7c72b94b314dcbaf16fec58b449468974fe5b654a746ce754fc719c5fda5edd96ae3cb27e99bbe9f06ba4bdfbecd735c7e5e53d50e399faa6f1b1bfb48f78962285ae93f4629bfd8e85b2a2fb30ac54a4e7ff2f6735c4c4dad6dc5e1cd34dafec67832c7e5597293b3971cfd5b98a5e762824cbae9a51af01457ed27d1cf6585b2bda4f165e3df7d3fbc597fd23bebc2eafafc66e4fd8cf3d9e892652f6bc133f5db67b37c00791eb0000000008fdb2bd5b86e84fb791152ebfd3d32426fc61397d936502fa6dd86b6bc9fae71765f1f16a5f1ee4ade317f8c231efc525dbed892f28b5f7446682dcc52cdc5c9b5daa99af0b192625db355ab2eaf1a56d76c926bde263c2db5d54aab654b4a6d26be574c92de61c6df14a3d271f92b6f16fc88df80e504e2e3dbfedfb3475dca6a2d94ef22b2e18f954ba55afaa6c7fa666f910b5993973c495fe0eaae719ff2e24b98a225f25d363db3aadbe71b232716bc2445e572dc3c3ccc69d56bbb1ae7e138f834e0cdccbdd6a3172a55ca873b5fbc9c523d4365a4c9ea17e3251ee3d39a4d36c9acbecbbc627134d76991db9c1d9655d8d3c3ce9d2abefce2891aebaea8285714a2be122336791994a8d745526e6faf34bd9225497555d8ff008956d9eba79f35055fa8acfbc499d1656c9e5e662655aedf0f78c9986185b3c7c8c7cd84fd7974d5b04ff67f646ceae8cb79595999152abd45e2ab1daee2665184bf524553f03b61b2dd6445c3ab6a92a60beed1bdbfd051b2be8b1e54e9708ffc8c80b3519d81b0d63aefbefa5dbd3f76d2654d37383636c316abe8c985904bdfa922e00040000000000000000406ef06f57d1b2c74fd4a7fe4fbc494d66d70360bd25d2c88aee754d752465d8ec71b0a973b64d413ebd8abedb2306fc7964e33946df769b5e2cdc96c8a96cce3587957fad5b9573f24dca2fa4c91c1c3af071d535f7e3df7ee43eb3914635c2acf4eb93f89bf8689f4d35da69a265ea9d5404be003239aeffe9abe51a9793d7a5dbec97e559b811d7c31232eddff009209135bfe3f85b5ae2af978782f69a656b0389e9f1ad85af3958fcbda526351af2cd92b5981c6ecc6b2114ed4fa892dc22bb61a96a7f75e26c6c78bebf67663d9639355a7ec9f5164c63d1563515d3547c6108a8a5fd903ad3d00032000009ceb878f9ca2bb692edfcb0436ff0046f6b87e0f23d2707e700b1320e63f8a726d067538565af2e3383708a5db2e18dcaf15250ccc7bb1e4926dca24d9a4f01464d193056536c2717fbc5f60a80000000000000000000000000000000000000000000000000000000000000000000000000000000000000000000000000000000000000000000000000000000000000000000000000000000000000000000000007ee800000000000000000000000000000000000000033658f0c3ca964a4e854cdda9aed3825ee73dab67fd3a847db0e1fef4b6742c98513c7be191e3e8cab92b3c9f4bc1af7ecaed3a0e12d27553873fff00aee6150d0de704c6b68b31b06a76b9ae9aa3de05ece57cbb5da1d5e46b3230630ed5fddb4c1f69c51d513ed26000010000000000000000000000000000000000000000000009c216c275d908ca124e328c9769a7f29a187afc2c08ce38b8f5d4a52726a0ba00000001abbfc0d6e7eb6dab61250a534fd4ed27066d14cfea15b2789aec6edc6bb72529c811a7a3e49a2d4625f856edafbd2b65e13f097b4097e33acd07d564ec70b3e79974fe5dafde1d911c9b57afc2cde334518d0aea792a0cf70a2ad6f364b5ce1e17d3d5f4c1fe8234be000ac800000000000000000000000000000000000000000000000000000000000000000000000000000000000000000000000000000000000000000000000000000000000000000000000000000001db0001a9c95f5a0daffeed3079e4ff00fe6fed7ff7698256a6f5d374005640000000000000000000000000000000000000001abb5dce26b12fa95271716fd97630b75acc88254df16476fb269c3a633bea94eb7ecfa8f656560e833e3de3b5458fe5c65d3f73acc2591caf2596cd3a0a717ee9a60a7ea70f698d94a11ce56e345f712e0632c7d37cb78e5ea9e01e317efd200cb478c7fd28000078c7ec8001e31fb200000000000000007f0fdbb2a97c6164258ef596575ab7cdc62928afef12d6c889dbb7fcee38b5fb7ddf6458d8d05d877e3db3c6874fcd29fdfcba37c88e33d4e19f77c4acc86e4897297cb16dacf0c59cbc1c947edeeca1d7951b6799993f28c57824d2fd9767416935d3291aff006c8dcd13ad3a15ae297c35d9a96226b43bbb327fc8baa92f1f652e993b642364250977d35d3e9f4476aa5541a49aebc7a4891b64e15ce4976d216cb7a1ceb5f8c96c325df47af057d8a326fd92efaf125f63acab3aa70c7c1f17dc545b97b23de8717173b17272fd59c673b9a718b5ecd1b7b0c6bb5925918f9ffcd76f5d0f5e46a5f35eabd56d7131210c5cab273f74bce5eea24164e7ed967c70f226959182f9f89fdda2f2b6fad514e59b42f64df534416df23519b762533afd69bee75ce12f8e8b32b6f70d22eed94b5efd7aa7372725e5172f67fd916ac3de6064d10b1df14e441430312c6d4b12727d349ce4e5d7f1ee65d360e1db4e461df5ab6555ce5d4c7e4446ee3bc8dbe2d0f3edae9b71a7e9b84da5ea23ec33f26366b2aaaf53942ef4ae7d7c9adbbc1c4c7ccaa13d7e4d894538baa2d9ab82adfadae38d4b874bb4ad834d2ec5c70d7925cbece8a0af5f472a94bdb3ab5fc450d76a72abc8ab2b2f2673b609f5effbc8caac20020000000000000ac7278ce0b0a7fb7af1ed1299faac7c9c68b5149b87b18b90e24efd5dfd77e55f56a4bfee93185272c3c5934d374c1b4fe7e0d7aef53ecbecaaeaf1a19baa783955f57d326a7daf748cba9c4dd6af2e14393bb0a5f329fcc0b2a8c536d25db02e76ec000651cfb92cf3f376987abc7c9f47d75233ff00815d18ee5467e5a9a87b47d436394ea762b2f1767aef7ba98f528a34e1bee559ca18cb532aacfdec976a1d0692bc3f619f3793819dff001696cb495de29a6c9c0aeebf2a7ddb6cdc9962097c80008000009ce15c1ca724a297bb633f638baea5dd92daad7cb4bbe8a06eb6dc67735c2b9ece70519f616478ddf22d751b4c2b29ff003dc3b7f9066dbbfdf395146b2bc6a27f3397cb89bdabcde15ae879e338769fbcda6d965d7724d46c6d7462dcdc97de2411bc63417696abfd6bdcecb3a2c2015000000000000000000000000000001efda000000000000000000000000000000000000000000000000000000000000000aaee38fe5df936677e3b7e256e094a2a6e2910eb4d394942be6792e7f65748f7b885dbde514ea676386357479ce060af8cebdf237855c250a3e9fb920d379710decbdffc4f97ff00c732eda9c2b75f81462db932be70efbb25f2cab70dcabe17edb553b5db5e1ddd5532d612800080000000000000000000000000000000000000000000000000000000000000000000000000000000000000000000000000000000066e32ccc3cac6727157533afbfb79ae8e673e0badc1f7cdde7840e999d7cb1b0b2ef824e555139a4fef15d9c471f572dbea371bac9c973c9a9816fd6f0cd0db9b0b6ad9d992abea6e0cbf9c6367aafc175fa3dbe25d285b6a8f9c0ecf5c9cab849a69b8a6d3000000000000000000000000000000000000000000000000000000000069720d6616db0561e55eaa739af4a7f69a3748de41c768de63d14ced75baadf3ed015fcfe199b95838154f7964edc46fc26e04b68b8c55a7b2fbecc97937da979db344e57055d70ae3df518a8aefdfd900a000200000000000000000000000000000000000000000000000000000000000000000000000000000000000000000000000000000000000000000000000000000000000000000000000000000000000034b93f5fe1fdaff00eed303937b6836bffbb4c1164add001500000000000000000000000000000000000000000b6aaee838590528bfd991591c5b5f749ce1dd53fbc0dacfce860d5e73ae725d36bc57d884a79a6b9c137169b5f06f199eb718b9612f6f7afd4666bb37f2652b28f76d4fe7b2c651757b9c9ccdfb8a9b8d52a9b502f433dee6da965f0000c2800000000000000000000000305f9b874b755b7a849c25d10954da8c2c96d5c93975d3e9264e6df0a191876f50eec8c5b87f245e359abbb0e144b17a9a8b4eb9269ae8cb53c784969b128c6a2e953679ab6d726cd823f8de3598d836c2516a3ebc9d7dfb370240b12f979cbc57750e2ac941fde2fa2a1afd2e4e0dd97eb644ed95b636e527eee259767b7c5d55709dd09c94a5d750465b6da2fa69c8a2719c1aed35fdcd445670b0e38bb59d9dcda934e3f9fd916d7f0ca9df9f54efb234ff00c5ae7d4916caac8cb1d4a525d75eecd653ac6a4f35cff1f062eeccfa495b5ce79327dc1f5164f53c6164454b3322762f9716fb47bd2ecf5955bb1ade5d4a4b259b1bcde7d1e3556625d094ddd18f5ecdf4c9965aabe995b30e37aa878f58f1f62b3b0e399146df1f270210f0e9f92722e8557696e3d5b093c8ccbe15a876941bf6fe5227ae931db7705ed71eeeadaabf0fe7b678da7adabcd86d609fa6e2a17451ab5eb6bd9ba9e36ceef0f69fb4fdcb351af71d7fd2df6bb3e7a93f9e9b1eadfb1ad20f2769b385d5bc4d6432b1e75a929b9a83461aedd965e7e1dd2c2f49532fcebb4d38c881c68e74f3e7af592e10ae4d2fbf5fb7458f5b959d81b058197991bd4d7757b25d12f6d4ba58400190000000000000000000000000000543926ff3306dc7c3c0abcf22f22d4b9ec53bdd757f781f3935795afde6bf670a2d9d75c7a9f45cb23676cb4eb2e8c4b1c9d7daa920b630718dfc7714493838db0264a6f0ac0cf8cf2b372ea55ab64da897205000100000b2aaad8ca3642324d74d35da652f946bf5b870c1ef1a98d32c94a6fc17b765d2eba9c7aa56dd64615c7e6527d2446e4e5f1fcfc59d16ec30e70b3da4bd5892acad9c5d6ea56246155143a5fe6ed457453aba71b179362c70aa51535d4bc0c5fe1fd442bb69ab9278d3fb415e8b268b134184dac2caaacb5fdacf361675136002b200000000000000000000000000000000000000000000000000000000000000000000000000000000000000000000a9721d0ede7b6c6dae9fc15d08284889da6172db36f5e660634e972a1426fb8f48e8602ed15c6b472d4e34ddf373c9b64e574beec95002000000000000000000000000000000000000000000000000000000000000000000000000000000000000000000000000000000000000128c671946514e2d34d3f74d328b1e13978556e6ac3ca72ab22870ae122ef9955f661654289f85d2a66ab97da4d7b321b8be36df035b3ab65679dcee738f72f26a2c2aa5ace1bb477e33dbe4b9d1434e14f9b99d2400800000000000000000000000000000000000000000000000000000000000000000000000000000000000000000000000000000000000000000000000000000000000000000000000000000000000000000000000000000000000000000000000000000000000000000000000000000000d1e51ff00e6f6d7ff0077903cf2b97871ddaffec01167848000a800000000000000000000000000000000000000004e3092ea6935fdcd2781a57ea39534bf36df7e29fbb34794fad56b2d553926d75dc576fdd94bc5d4e557895c94e694bf6676c70de32faf4e39e7acacf46d6ec4d4e1d1b257e374a2934584a1e9b132f0375084a5dd52832f863926acef6de1773c00030d80000000000000000000000019329428b2509a8c945f4d95aae57bb145df47aafe7b5eec9adf4b22bc273a71e577bf528c7e7c59ab19692fc44fa87b57d272fcb627f60d4deba6c52b6d4e4d4a4aa78efbf2fda48dd3169677cf5b8cefefcfc126d9942540f23c7cabefd5550a3ca8964af565f646b64626769677fd250edc1b66a6e3ff00dc4b2eca7b2a611b70ab85ad3ea54cbdbc97dd4887c5df3f6a369873c693f6f2e9bad897b11df47f5b6472e0a504aa6dfeddfc34c97d3783c59d163f38b6db727df647e872e591b5dce1abfcf1a96bc12f84a669ab67adbb22b716943b7efefed237e658c76da871dd34732e7753574fdd18377c6b1a146364ebb153b6ac884fdbaf78233d3a5a6ccbc4cac99376db52734cf77e364e9b6b89662d8de2e55aa1654cce4de36ac6515bb69daef2bcea9bf384a58b2f95e31ecbd093affe671ff733612a97a395b3bf06cc5a9aafdddf25d2ed32e82b8d718af4e3151eba5e3f1ec182dda95bb7acab6f1ca4ae59108a6fc096d2d5afcecbb335292c84bdd35d32bb2c2dae35fbe87d13b7d5ea719c3f97ec6ef18c7cb7b0b72acc7b6a5f4ca1eebaf960d2e8002a00000000000006bec736cc2c695b4e3cae716bb8a36001e35db5c6d8e257914bf95ee8f651e755dc6b633caa2b9cb0ac9776c3fd1d978a2e85f4d5743f4ce0a4bfdcb62d00044000052379c9b3f5d9bf4f4eb7d68389aeb99ec957e1f81dff00c7834899dff23ab597554518ceec9b63f92091034725de4efb14b5b6c5d6bb9412ee5d069234f29daddacc8ba1aa754ea7ed12cfa0cfcccfd7c2eccabc2d7fdba3ceaf73afcba7cfd4aab9fee9c9237934d76984dcd78000100000cec3a33b1e745ebb84be51cdf9271cd662ac554d4ab56df0adc8e90696d702acfc59e3dd2ea324fdfe1c495622e9e17a4863a8ba3b9107898787a3e458b0c6f785f27dc5fbb89b15e979153154d7c857a4bef04d933aad04312f77e4673cabd7c4fec559a89c0006400000000000000000000000000000000000000000000000000000000000000000000000000000000000000000000047e56ff4b8192f1b2b3615d8a29b4cd65cd38e34dfd7202641cca1c971b55c972ae86c5e460657e79a5dbf06ce9b8b978f99443231ed56553f8920000000000000000000000000000000000000000000000000000000000000000000000000000000000000000000000800000000000000000000000000000000000000000000000000000000000000000000000000000000000000000000000000000000000000000000000000000000000000000000000000000000000000000000000000000000000000000000000000000000000000000000000000000000000000000000000000000004772c8a971dda27f1e883c72feffc37b4ff00d9022a500054000000000000000000000000000000000000000079cbc8ae9aa729f5e297bfb76539efe36a9468c393517eff00949de4155ef5792aa8c9c9c3e2260e37aea2bc0829d4bc9a4e5da3a63e998eeb9e5eab96a3ee97738bb0c85e7528e4c2bffa449c2950c59637228550c76ab71ed4947f2975267adcd3586f5d80030d00000000000000000000000021deeecc159ab6343853558e30b545b8cfbf8306364d1b29ce7462c7d3ff00513f957d3454e56fbaf84bdbdcaffd66a6dbe2e139e35bfbcd27ff00cc8d6ef99160a94e35414da724bdc0ad49422a52527d7bbfb82b2c7764d54b516fb93f88af966acb61afb63653954352ff009ab9c48bdce16ce8dc62ed30ab8db5460abb69f866be6fe3391b1c4d8538516aa8384ab9c88d6ba8ddd262e0d5b2cfbf0ed8b8ddf308aebc7a35f9463dcedaef557f95e3e339f67ac1a72b1efc8cbbe98d5eacfbf18fec91b7cb9afc0722cfe3a35375946d77ee2b58354f121642b9462ad8bf88fc2efb259626567e4d366447c614d8a4a2fdfb7f75d11585815ecb54a56df2efc17e99129aed34e9b2abd6c2f9c52fd1225254a94cc05afd9e6ed1675afce8c971f06fd9a4df4cb994ccbbaa9df95938b875ca6ad929d8d7b77d92f98b3dd27af78f81b39d38d969d13836eb6fe1f7f28b015ec0a351b053aedc58579497f98bb69b2c31846aa9420928c57490292ba8f5234ca70f3976d41bf77d0f2827e3e514fec73bd164e2d93dd6c2fb21ebd17cfc3b7f113472a953c2bb733cab2ac857f75c7d977fdd7611d480c594a78f4ca4db938aedb0500000000000000001f32b1eabf1adaad49c671e9946c1dcc34bb29e14e6e58afda1fbf8345e9aed345535daeaff0012db635fef0726daff00526cd4f145ae1385915384938bf868154c6cabf8f64430aff7c59fbc27d74a2d96b4d49269f6992c0001073ae490c8c3deea761e87a9525e064ccdfd183b99a8633b5d98fef1516e459b75c9f57ac9aab23de4d7b4484ff1ce83f6c60d6da9aae35666d19f2cda9d6af9f6a2996be3b859babc3bf1f2ef95ae36fe46dfb28f455b5bcfe876bab2286a0e7ecd17faac85d5576c1f709c54a2fee984d80008000011bbcd157b5a6119e4db5a8beff24ba24881e4dbcc8d663c562d5ddb3978409566fd91dfe08c4abe73f35ff169a3a4a2fd5f237853be772f07f9d8ab4bcaf354679bba9d4e6be208dcd3e76c70f6d56bf6718593b13f4afeba6d442cf0b8800ac8000000000000000000000000000000000000000000000000000000000000000000000000000000000000000000035b2b41a7cdba5764605339b493938989717d07ff007af1ff00f80a96f2ccede7245a1864ba7121053b5c06ed6d367b8c3d1e264ce9a238fddb30ab6ae33a05ff00e8ac5ffe046f514538d546aa2a8575c7e2315d24739d9712ccd3622d86bf697bc8a1773ecbe71fda4b6da8c5cd9c142734d492fbc5b406d000200000000000000000000000000000000000000000000000000000000000000000000000000000000000000000000000000000000000000000000000000000000000000000000000000000000000000000000000000000000000000000000000000000000000000000000000000000000000000000000000000000000000000000000000000000000000000000f6dab527179f8fdaf95ea447e2bac514febb1faffc68879f0be3564e7396b9772fb4e68a8710e35a9cec3cf59f8aadba8cd9d5e6a6d05e9d1e8ccc5c952746457625f2e1252051784e35789bbe4f8f5c7a8557a843f853917a080000000000000000000000000000000000000000000000008ce5cfae39b4f7f9a818b99fb71bd8bfb4620098000000000000000000000000000000000000000000018763ebd78b759447ca7183f15fb36515722d9d519fa98ea1e2da65ef2af8e3513b65ed08af7287b5dd6266d4e15d5d494da7dfee8eb86f5f4edcb92d9e2a6751b2dc5f9ae19144215789682034bc8a9cab1e3aaa5da8f6e64f99cf7bf1a6f0f0000c340000000000000000000000008ee438b7df4e24aaf7f4af5370ff0052446df094b3322bfa34e16d09a9fede49963cdc6af26a509d93874fb4e2fa657b694e660513cac7ce94955d3f192ed493f668372ac38954a9c6a2b94a529460936df6c08bee317f74030f17ee35d8d9b5615d7a85f38794534cf575d563d53b6d9a8c20bb949fec8a7ed75556d3952c6bd4d54f01c94c93c2cccac685faedb63cac828b55daa2e4adafed222d93a4eabb1f2b17d6a66a75b8f945a3572b1b1b3f573a6f9b8c25f2d3e9fb119c5ea9c166f8d3e188ec6e9447722ea184ea4da4b261df6fdfa35376a5466b5e5e2df918d8f9b574db493ed29345a7556ec6bb255df915ce1d2ea297ba647ec355456f1251ad35ec6fea75b878d9929d50927643b65a92df789a2a12d06eeac6dae2d37d6e9b6e7653e45bcd5ab7745b9b3c585737e3da735ef14615a1a3d466e2def2732c839fa118250264c70dceba77fa0af8a9f6d74cc993076516c17cb8b039e6c72385d7b1bbce308ca527eaf8264ae467712c98e1d2ee8ff9528b8919c4765a7a71b228ceb6b8657acfc9cfd9c8b6ac8e2f7cd415d86e72feebb62f85dd4a47af15e3f1d7b000a8000011999c835dadc8546579c25f7f07d1262eaa1742509a4e325d34ff0074c2cd7b98d998d971f2a2d8cd02bf99c4b15b94f0f22cc5fb283235e6727d4ce1eaf599474fbe975246a63bf145c88dda69edcb9a947637d306bde1067dd6f26d6672841daaabdfcd73f624534c778d4569e832aa8cbc76593fa7d97995ba727610da4a2aff00ceac506e4749654f1abc5c5e49934db4f4ae6a7536ff00791b9cb7de4a9adbeec7372638f3a767850b6b72ed4e3fb1a7a7e4946164470b22e7e9349c2522ef3ae162ea714d11997c635795ef3a50b9e366bd2b3fb49c6519c54a2d38b5da68349a69aed0c5c6af1688535aea315d20fd91c85576dc77553d953b0cdc87155c5370f94d442c9e1b7b84218f8ad4d3517e057b90c2397c835d8b977ca18f38ff00b48d9871fd1d3b3bb12c6dd53a94943cbaf1688ab2eaf8b69716cb6fa69538cfd9297e6276aa6aa2b8d755718422ba8c62ba48e6da0cdddfa1b1c6c09f9cb1dfe4f34ba6917ae3db4c9d9e14a7938ea9ba13709c0a37c001000002b1ca70322fc185b8bff168b3d5896720f7fb996af194eba1db64a6a3041ac77be9154f3dc48510864e25d0c95ed28f461c1c7ccdbed69cfbaaf0c7c7ff0085df6a4fbf733d593cc270f29e1634091d6dfca5de967d78f0a3c7fe55d3092e93e000800000000000000000000000000000000000000000000000000000000000000000000000000000000000000000000aa6f347b0fc4a1b5d45d059b18753abef12b39b9fc929d961e74b496432aa8353ebde138972db711a76196f329cdbb1721a4bce06258fcbb5aa2ebcbaf3eb5f309c5426155dcbcce63bea2142d7ac3a27ed3997cd661435b81461d726e15a7eec85972f9e27b6c74b9b475fae518f9c1164c1cec5d863c7231ac53aa5f0c1aa0002000000000000000000000000000000000000000000000000000000000000000000000000000000000000000000000000000000000000000000000000000000000000000000000000000000000000000000000000000000000000000000000000000000000000000000000000000000000000000000000000000000000000000000000000000000000000000035e5bfd34335614b3ea590df4a052f2741b2c2db667e03b6509ddd597513fb4db2bdacc1d6bd56f35db19d146c236a9c2536bb24b2f3f0b2b2f87e5e26441ec7baa17a806970e3fa37a78654e790eec8c89a9db613600640000000000000000000000000000000000000000000000010fcd3bff0d6cbf88031f377d71acff6ff00400270000000000000000000000000000000000000000000062d85b5d18b6ca55f9c6307292fba5efec5321b9d25d3efe9d76ffd702ef74e108373692451f3f6d897db651428f4a4e3291d70f1e1c792eaa4b53b2d35d7bab1ea507dfc28f459cade8f175f4c62e325e4590cf2796f0b6c00061b0000000000000000000000006bede74c6983b2cb23e334fa81014e6eaf3f2162dbf511efd9a9a6a2dc7dc94dae2653cdd65f5272ae177562fb26888c9c7cdc9c8d862cb1fc232ba0e12efdbaf1447496ebaab524a2924ba4974900974920573433daceddf5b850704eac7726fafce24f33638eefc6b631518cba5246e67e8e19394f331ef78d94e1e13b22bb7344661e8f2311dd17b8be6ad9f9cbbe976ccddb5d7dd33a4cab3270a2ad828dd5ca50b12f8ed323b7197460dd05763c2cae71fdd297b92f878d1c4c78d49f7d3936dfcb727d903cb5bc6c7c2cef9aa8ca83b57de0cb37d22376391c85c2abbd0a7e9e1df6bc5f97b9b7a6db5597e106a50be1d397fa5a658259faeccc49aa33eaeaca9f8b84d7974d146c18465953f43a9d55fb39feecdf68bf6441ca8b145b4daf945374fb0c4ab4375adafaa8a719a6bf3a9ff72e71beb74abbc978f5df653aec9ef2a9c8ab5d549e57bafbcfc137d332b1ad9f83555a6c4738afab9cd3f6fddc8bcbb3d2a3c9a6fc61db34f5f6e0edaaaee7425651674d7ef09a377294dd162847ca4d74910aa3d9b3e3b956bb65abedcff3792a8f58af8b5b67b52e1735ef0927133716de69ff000cab1721c28c9a3a8ce167b39b3c6d32b13699daeab01a9fa792a5674875a5dd5cc005640000005d67a354ecf094bc577d4576c00693f944251cb35b3b66ae94eb8a5ed2945a44de3ec70b2d778d93559fc4932eac5d54567e8f5d9b294a5428cbf69c3d9a212ec5dfe8dab316e96556974e3617005995442e0f28a26d579d0745c68efb1e1915519989353b68b3cccbc8e353c469c179ce6a303063e8333131216e2e4b8d93abbb22fdd48d7e5f3e05a70761466e342e84bf95f667d291c5f33678b9b3c2cda2695937fb75145dcce535400064426f38ee3ece35294e509c3de138fca64365f0cfaacb85d7e5dd282ad42312e802ed8757a9c5d5e2c68a57e4466492f84004000000000a77329ce9c5c7beaae4dd59309ae8b88b963f8ff9ce0a3ff798597554ec6e7baef4229d37f9125a8e5f8db4ca542c6ba1db69371199c934b8bd43194326dfda35fb8d4edb699d9952b7533c7a7c7ddb417dbc27c00190000000000000000000000000000000000000000000000000000000000000000000000000000000000000000000054b7fc8f6b5ed16ab4f88aebd414ec6683d4f3db94273dba83fb23e6e2adb6ab7cf778186f22b9c142c824658ff0051209f57e9726015ab7dbce34d4ceecbf433b157bcd4fa65ff004f7e164ebe8c8c2828516a724947c4a06c7936e3754bc3d669af842ef677588bc68f5bf84eab1b0e53f2f4d3ff00ac9f606d0002000000000000000000000000000000000000000000000000000000000000000000000000000000000000000000000000000000000000000000000000000000000000000000000000000000000000000000000000000000000000000000000000000000000000000000000000000000000000000000000000000000000000000000000000000000000000068edb7d4ebb2b0311552bafc9ba31f18ffc90efde6cde2a3c8efb749bac4dd3a1df8f3a1e3ce2bd9c008cda2e3d0d85d4e068165e545af3f04fd2448e833b8f4f62a87a68ebf60bbf08ca057b8b729d7ea7eaf0a74dfe9cf2656c6e665cadde1eff0094e89531b6b8635df2e3ef30d3a600032000000000000000000000000000000000000000000000000aff0034f6e359cffbc01f79cf5fe1ccb5fde0009f00000000000000000000000000000000000000000000cfc6ab2b16da6cefa9c7af67d329df80eab1fb5394bb2c5b6be78981917463dca306ca86a7550dbe3acac9c894a737d9db096616efadb8e765cb5aed39add2e0d1356d764a4ffbb2c45271656eaf6b2c3f51cebf0f245d8cf24bb9bade16594001cdb00000000000000000000000045e7dd64b6d4625990ebaa7072878bf1eda6bd8d98e0aa2d5279774ba9793f297661dce34323d352d73c8f07e51ea5e2c8bc57aea33e9aadc3bb1ef92ebf3372446f7d2ca002b088ceab937d67fd8e78ea82336189cab2aaa9b863a9d56c6c8387b34d16a9db557d7a96423dfc7934842ea6ded576c25d7cf8b4c9a6b7fc43027933c3a1e541c6feba9afeebd8d1dee7d18d89646da95917d7706bbf2ed9bc57791bcac6cfd7e6468b2dc64dc2c55c7b68279a8fc7856ab8b7a050ff68236b5d92aecac8a1e2baa1fb7b75f3edd3377079369a52b62f2fc5c7fd69c0c7767625d955cf16f85bd7b49a7db499bd52d6d60c2abf5d97812b1f7093adb5f2bf7444fe0fb4c7c7d543d7837897b6a4fd9b818b23033a1b79e660e7fa2f261d4d3876bb47bae19755d6436f0b6eafe7d5ad7e47125162d3e3c2b7977a945cafb13978fdd2e8db1af8612a9cb13af1934e5d3197935e263d97d924a305fbbe887957f316a6edd518966bea765b07276749349160c6d66062394a9c6ae0dfcb491cfeacbdfed76746cb1b014151e705dfbf9c2658f4bc8edcccec8d7e6e32c7c9a7eeff5917bd27400564000000018edd4e1df171b68ae49fcf7144064712c553f3c2b2ea26bdd38cba2c60b32b3dc53a195c9f4f2f1b2b59947fd248b2eb77f839ff93cbd3b97cc246e7488dd9f1bc1cfee4ab8576f5ed61ade37ccd276d0e4f4ce18f464c1aeaa9a948b0ebf22bc9c2c7b22d34eb454aeb363a8add36c964e2ce1f9db5d78fbf4d1e74fb2c3c4c99c6bbbfeccd7b41ffc85b875d132dea696fe97b7b009a924d3ed039a80000000000000000000056f92e96edb634615644e16424dc7eccb21a1bcded1a7c5f370f39bf6843eec2c53b4f4ec341175e46a29b611ed3bab49ccb76af926af3ec58f5cdc2df8509a29d7723df4dd529eb9530b7da1e6cb1eab361665c6bccc685394a29297fad05eac58000190000000000000000000000000000000000000000000000000000000000000000000000000000000000000000000045e772cd1ebb32dc3cac970b2b49bea0d9bf8f3d467a56d12a2ef2fdd3edfb9a59fa2d4e75aecbf12164fe3c995dcce018ea70bf5b953c5b930ab2f23cfb757a6c9bf1946338aea06de973279dabc4c99c25194e1eea472ddd6e77589afc9d4edb19d9fb559474ce39d7e09afe9f6bd207b3680010000000000000000000000000000000000000000000000000000000000000000000000000000000000000000000000000000000000000000000000000000000000000000000000000000000000000000000000000000000000000000000000000000000000000000000000000000000000000000000000000000000000000000000000000000000000000004e2a70945fee9a028f9fc976b7433f3355898d3c0c57d4aeb7e5c91b9a6e47b0799898db8c4a6a9e5d719e24ea2bf8babdbe06af7da0b306738ca0f22abe09b537dc17467d3636e76f9da1797ad9e2e2eae1f334e2e6c34e8a000c8000000000000000000000000000000000000000000000002bdcebdb8ee53fef0079e79edc7b23f98020b1800a00000000000000000000000000000000000000001954432289d735ed24529eab3b5f3b562589272f65fb245a36f3b31f5d7db17d38c4a56bff18d846e9d363714ff0051d70fa7ea72cfeaeb14deab536bc9797973f3b1aebafdba2ce5535b81bdab294efcd4eaf2f7838fbf45acce7e677b6b0f1e000186c000000000000000000000001a791b69c3610c3a6a526a2e53edfc222b273fea6eaa1763463e37af1ba2fbf746b6eb27069dac2e5b0f42e7174db0b2b9f4e0cd88e4e8e35e3c967d3e35c9bebc97cfc7666b5a5880aadaae829d738ce3f74fb40d32a7e07d06c36bb0a736767a957fea6c97c27fbc4ded9ebb558b85764625be85f049c270661baebf6b93932c6c6a250ada8a9bf7939c4f16d97eb3ab72f5de75b9aee75fecbbf7948cd6e5cba5a34f917656b312eb9a764a1f99a3573b31c6eab12af07758bb5097fa57cb376b94275c255b4e0e29c5afb101b7af3f176d879f8f8b2be882f09d70f9fe4b7c449e6bce6df3a2fa29af1abb6fb63fa3da3ed1129536e2d962a2ba2faacead8a5d23cd1f593ccb7636634ab8c20e1184be4ddc3c5b7d1cdba7ff00af979f4d1b8cda8fda5f2af5165f0b3c2709c7dd23c3cfb2cab0f1e193e56d9053936bbebaf767d8d9559857579157941fe592663c2785855c9c71272762f6e9bed16efb37160d0643bf013925da9c936bf7e9b4391d16dfa8c9aea879cbec6e6b7d29624275c1c54beeba661daecabd662cacf1f27f097c1859e7a40e8f94695e0d30b2f54dd5c2109c651305b762ecf798776142138d29f9da8d386d336cead97159a52f7f38af96c98d3ed2eb72bd19696ec7ee3ef39222cdcef49f00159000000000000000057392590a95145adaaee928b16f13c29e341d0dd53f1efb449f21d67d7e0cab827eaaf781a5a1dd3f45e167c7d1bf1e29372f64d1d265649aabadc56d6db6dc7e6a3990f3c7723a0e0e663e76343231e6a75c8f1643132b1fc7f2595bff007478c5c5a312af4a8828569b6919cb2dfb769a8cc00320000000000000000053796d4dd58592aa738d39509cff00b451723e4e98cd34fdd35d34fdd341629db6dbe9edc0d6e442f83a95fda35276c77bb1c77afb66e9a538d96a2dbfe1ad4ce88d16e2c5d51979281218f898d8b0f1a29856bed15d21a874af69b5bb9d76c2ff005f2a76e23abf279cfcba658400800000000000000000000000000000000000000000000000000000000000000000000000000000000000000000000a96db3798616c676e1e3d39386ff440f74739c4a9286d312fc4bff75e0dc4c39bccebd66e7275f9187dd3071eed2df178b9744651f4eda671ed3f692698569c363c7f755462b2717223f3e126bbff0078c8dd84215c1460928af84bd92398eeebd1e1edafab37417428f2fc99554e513a5e9f023aed7d18b0b5d90876e327f3d49f60af600080000000000000000000000000000000000000000000000000000000000000000000000000000000000000000000000000000000000000000000000000018000000000000000000000000000000000000000000000000000000000000000000000000000000000000000000000000000000000000000000000000000000000000000000000000000000000004a4a31726fa4976c002bdfe3ce35edff006a9ffe548acf22e638ed60dfa6da495b54df9d5e934a680e8e0d2e3dbaa375aeaaf84ffcd8c52ba3f699ba00000000000000000000000000000000000000000000000005779e2ef8e64ffe3ac18f9fa87f87edfbfab0015660004000000000000000000000000000000000000000078c9854e8b15bd7838fba7f1d1505bda75f6db461d0a5d7cf5ec8b36f1cfe8323c3bed572eba2b1c5edc09517ab21e36a4bde676c319e8b6cb7b72cae5ebd44c697922d95d6d36d4aa9c49b292dd0f90d72a147bf4fa9f8a2ec6793192cd7bc6b0b6cbb000736c00000000000000000000005f93463a8bbad8c13f8ec08fd86db4945ae8cc5dcbff652641427a9cddde0cb0eb94fbed5aa50fc8e3d3f94c92ba50b73257d7b5aa31fda32899b1d6c5dea2b2f1a69c5af250e9a32e89584215c54611497d90189f55e8afaa75fa9dfbf87c0b1c9426e31ee4a2da5f76698556aab2349977c30732bb316cb9ce5458bb941cbe5c4dfbacc9da516e25d3ad46c5ef187cf891ba59e93215d5e7590fab563f2aef7d346e6da8d6d35425897785c9a55c2bf7f26d93bd3575b4f6263c713168c78b6e35414177f3ec57b3accacbe49f4546c2fa52c5ee5183e9163a5cdd35bb3f5f8af2fe4875aac8af935db27287a2f1557041945c61b9c8b72b196d5bf47a532678d64df9187742f9f9ba6e9d7fed193467c6d55b467ecf27d54e393e2e288ee314e462d9b5a723af379539ffd594ad7caa253af22aadc3d45627efecbb3563df949b71f3f1f149be91877de787b494a0e4e8705e715efd3678d8574c725575d4d4278ca5e4bbfd66d358af3ada67460d15cdc5c947dfaf7440f31c3c9bf4d358b5f9d90b213e899d2dcadd6e3feaee11f07e5ecfd88edf6d6dd6e3572a12f39daa11ecc51af8bca709555f9e35f5a6bf78324359bcd5ec322746358e56c63db4e2d1032db6deabaaa6dd7d519dafa839bebb2434fb3ccbb697e165e1574d95d5db709f911ad749c0015900000000000000000a9f20c6a2fd86047c9d5e7369b87cb2d8fa5eecaaee2ca9ee357184fcfbb0b371627b035b4eba13ae9b27283977f98dc0088000000000000000000001a9b0d9636b6a8db7f97839a8b6977d1b647ecde42c5b5d15a9c927f924bda5fd82c484363856632ca8e441d2d77e6686bb7b8bb49cebc6efdbe1b4d268e6bdf1ff35932aaf595fbe21d03459397656a5661c28abc178c505fbf4990006400000000000000000000000000000000000000000000000000000000000000000000000000000000000000000001cfa9a3132f9f6ca9baa85d53c6f74cf15dd9dc3762a9b7b9eaae9f7f7f02d3b3ced06872aecfc8f1fabb62ba8417736405dcf3072a0e0b4b91756159b94f24d36569aca31b2e175d7aea10896cd0559546a30eacaebd5840a3eaf6dc3165b73d6bc3bfb5ef6c0e800000100000000000000000000000000000000000000000000000000000000000000000000000000000000000000000000000000000000000000000000000000000000000000000000000000000000000000000000000000000000000000000000000000000000000000000000000000000000000000000000000000000000000000000000000000000000000000001e7f06d47bfff0046627fe4c0f2b47a45eeb5385fed4408cd7f2bd6e7e4e7c2bee1462c3b9644fda061d3f32d5edb2d624216d56bf7afcd7b4c2f69da3171b160e18f457547befc6115140008000000000000000000000000000000000000000000000000abf3f925a19afbce00f9cffbfc0a5f6f3402fd9690004000000000000000000000000000000000000000024934fbf8e8a8ec707531c87679b879fb4bdfc49edd5ef175b9562f955b29fa3c4c6cf765b74e539b5dbeff007f2f8ebf83b71e3f96db6c71e4b77248b271fc3d5d75fa98cfcfb6ff003bf76c9c28b8f5bd46f69c685fdd73876d48bd19e49ab3bdee3785dc000736c0000000000000000000017d156441c2d82944002ab44b5d8db6cfc6d8624629cbba6738af17018cf09725c75829badd2fc92fd112c316e79393565fa12ad3ff002e5f1ecff666cc215c57e4497f046ad05d62aa9b2cebf445bffa019157ad8f755e5e3e70947bfb768aca9da5d8e2ef17a59fae5f9fb955738afce912bb08d7aaba8b6384a78efda5d2f7836fa5d1f7138c550d1d7acbae9b709b9c2d5ed28b31df8bb2c88431b373d783924a70a945bebefdf688deefdd3f19794632e9aed27d3022bc6315df7d2e81580f119c23b4b22e33529d4ba6fe1a89ec5bede32fdd302bdc89fa39f813875ddafd39afbaf791ad94dcbcd46aadba60a6dbfd93fb7fd0dde4f8ae7ac85f04d5b559118faaa7d294276ce4ee4bcdc9fea4cd4f074d8d364fe69a5d3aa704e2ff007ecd6e55afc9ccab1163a5ed7c5c8d48590c0da63e2c7b50534bb6ba5d1b7c9b327de1615573ade45aa3e689abd6c67ccd7655bb4d45d18275529b9f669e0e264d7cbb6774aa6a99d2ba66b6764e4ab3134b5e4d8adba3ff0017aedc544d9e3d9b9d56666eb73327d778fd752e88ab18002000000000000024fa4d8005031f127bfceca95d9d2aa34dbd46309970c0e3d878377aca739d9f7991f66359afdc53934793a2e7d5b18a4fa7f764f9775400110000000000000000000000001aef5b811b95cb16a577ef628aed9b0925f080000000000000000000000000000000000000000000000000000000000000000000000000000000000000000000000000039b664f02ae6f6cb710aa544e84a0e7ef03a4d4b01461e9aa12e935d745536f9dc633f68f55b3c7ea75fbc6e93f046297f4f34d38bf0bef8a9069f39adda186bad8db184f265ed5287ca9965e375e5d5a4c18e5a6aef16da6fb29b8b81c2b036af06da9ac8a3aff0036fb3a8b65f975d2ebe025f0000200000000000000000000000000000000000000000000000000000000000000000000000000000000000000000000000000000000000000000000000000000000000000000000000000000000000000000000000000000000000000000000000000000000000000000000000000000000000000000000000000000000000000000000000000000000000002fae56d175709b84a709454becdaf902c9f85739f4df8c5be97cbe80e4b4cf3569df175acb6bcb7929dd34bb4e1df9965bf539b7728d32a317d2c4d7d305ebfef3513575af96eef196c68da538b4cdc9420a0993787afe59467513cbddc2ec652ee705049c82ac80008000000000000000000000000000000000000000000000000aa7f50a107a4f37f2ac5d031ff00515f5a5a57def408ab7800a800000000000000000000000000000000000000006662d597459559f128b45635dc62dc3be72ab36cf16ff4b658b3bea5625d2c7f69c63dc4a24f90725829ac8c37187dd44e98ccaceac73cb292f72ad37626a56ce9b6c4a57fc465d7d89739df189e36c335e5df372c9507d45b3a213396592ae16597a00061b0000000000000000000004fde12fe1816cfc2b9cfa6fa5df480aaeb68a3672d83be76c6ea6d952e0a5d35d7c4ccfa853c0dddb8155d7db8d3a9dbddb2f2699af8d56766655b9b8974297db8c67e9f6a712574b7cde6e5e25f18bbe85ef647d94932376f94b0b6b8dd5595cbbf19c5c5f5ecfa6015843ad266e1276616cad72fde173ee047ddb8becb28c1c9a1577ac8afdbf697522d006a3733fbcd8000c02c8f945a0008adb2959a2c87dfbc523631bcecd66bed8aee4aa81e5f4e1918f38fdfa4cd7e3b3576a5d6adedd73716cd7b0d3e410554b132671fc8a66cedf4b0df6bf1bc2e74db09a942d46f67604763aeba99cda7f2bfb3221d1bfc2c3a29c5cbabb82f7528a64b66a2c8f581c6258aefbb2f3a775d24d46e7ef382fb2ecdad0626155766ceaba765ea4a173910df8872c55b9db8f4fb47f32464e1f90f23336f39fb4db876676baeaad8002b200000000000015edf5d641e2c3ce50aa76a53716d4cb09afb4d7559b8d3a7bea497b32cbaa20edc2cfc1a9df4645b755da7384ff33697fa4b06ab329ccc753afbebecfd9a20f59b4b31d3c1d938d52874a139fb291f72f6baed464596a526eeebcdc3b97c1ab2deb427c0c5c9ab2a8aafa9f719c5340c000000000000000000000003b5df40000000000000000000000000000000000000000000000000000000000000000000000000000000000000000000000000000072f5abc6dc732d962e426a1e812ba8dd64e873ff0005da4fba1cbfc8bd927838da5c5e53933594d67ce1ef5327f69a3c2dae33a72a1dff00a65fbc48aac7385a87a8f5ac50f5db5e84a1d7996ad13b9ea709df2f2b5d7dc9946c1e29c669dab84f66ae9d0d7744d97f28000200000000000000000000000000000000000000000000000000000000000000000000000000000000000000000000000000000bbfdc00000000000000000000000000000000000000000000000000000000000000000000000000000000000000000000000000000000000000000000000000000000000000000000000000000000000000000000000000000000016d71baab2a97e99c5c5ff0c0e7fa7d072cd5c1d78bbac1f0fdab7394e28b16baae57565c279bb3c2bf19feb8421ee6943fa7ba25f2ef22759a5b745cc215514644f0aca9b56fed10ae820008000000000000000000000000000000000000000000000000a57f523afc2f0ffb5e0f9fd48696b70d7dee04697600159000000000000000000000000000000000000000004eb84e2e328a698004263f1bc2c2cefaca5ca136ba714fd89b00b6da00020000000000000000000000b545d562977e2e2fbe80ba7e9d564fc1cbc62df8a5db60533132deb2dbeac7da533c472ed29a7e70ec9ed35157af7e73c88db6dd051938aea3d448cab63a3f09d9f83dd1f76e5fe448cfc6fd25979d2c7a1d78d3e9c7bfb91bbe2ac2002b00000000000008ed8df56365d4ed974ac6a299adc560a18b9d1f95f55368dddeeaa5b0c3f0abdae8494e060e3789938584e192fbb1f4e4cd6fa5d75b4a62dcfeab231a492704a4bfbc583e4dc619919782edd725e5dfbfca3e992fb0e29ae9a3c60eaf1f06cc8b61df95d3f29b67b00dd0001000000000000000018b63ada32a8929249a8be9f450b0b41765fd4a795d56a6d24ff522661b0dc65dd9ea8bd2f46d978c5c7e52fd871acf53da6ca9bbf2dfd41ca0fdba37f9a4164d4eb2ad5e2468aff4a3280600000000000000000000000000000000000000000000000000000000000000000000000000000000000000000000000000000000000000000000000000000729bf53f8c72fd9e3caf9d738c138ca25af8e721b5654b49b3ed6654dc2b9fed6281bbaee3d762721cada5b9d0b1dd534eb50e8cdbde3787b7a5befd2c9875e9642f944542737d3607d159b15fe564c1f6a48b8e9b22ccad5e1df6feb9d69b28f0e0b9b90e97b1dcd97d507ed532f50846108c62928a5d2453d800040000000000000000000000000000000000000000000000000000000000000000000000000000000000000000000bb00000000000000000000000000000000000000000000000000000000000000000000000000000000000000000000000000000000000000000000000000000000000000000000000000000000000000000000000000000000000000000000ccca861e2df93384e51aa0e6d41772e900053a3fd47d33f9c7c94416ff009a51665ebb2757937ff933ff0036a947a84d01d3818f4fb6c7dbe0d3974fb792f783f98332000000000000000000000000000000000000000000000003a0050bfa9706f17593fb59303fa969bc5d63fb5b3046e2fa002b00000000000000000000000000000000000000000000000000000000000000000000000000b3cfd39fa7d79f4fc7bf8ec002bb2c9e538f6283c3c59c7bfcf24daed1bda0d7e4e22c9b6fea0ad9b7187fa512803572ebc0000c800000000000000016af652f6fcafb02d4a50945fc343126e5443c974c2fb00008000000000000000000686df66b5d8b3b143b97b74bbe8088a610d4ee7ddcdd195efdfda66d67696c7b1a363876a8592f6b3fbc4d2b6cdf67d15b9e1c1d538f6a0fd99a9acdfe56a67f45b9ae50827d5761d357cfb8ba01194671528b4e2d769a0730000000000000000000000000000000000000000000000000000000000000000000000000000000000000000000000000000000000000000000000000306eb5f767e23aeaccb71e6bdd4a1271f733802a1a1d06eb0767f5b9fb3f5faaa50f0f2932de0000000000000000000000000000000000000000000000000000000000000000000000000000000000000000000000000000000000000000000000000000000000000000000000000000000000000000000000000000000000000000000000000000000000000000000000000000000000000000000000000000000000000000000000000000000000000000000000000008eb75d0fd3838ebdfbf6ae23e8b0fe3e969f8ebf42001ba554d34c7aaaa8423f68a490000000000000000000000000000000000000000000000000000a07f52e7d55a88fde76830ff00533ffd11fdbd6046a3a2800ac8000000000000000000000000000000000000000000000000000000000000000000000000000000000000000000000000000022947d900fb8dabedd0580002000000000000000006b6d75f0cfc4b29b3e67f1fdba364015ed0e7e4e3593d6ec9a8da9f554bfd68b0df878b93051ba9858bfef24c8edb6a239f8f250ea37c177559f691878f6c2fbd598b94d7d451f9646af7dc5e92f5c235c2308a4925d240032800000000000000000000000000000000000000000000000000000000000000000000000000000000000000000000000000000000000000000000000000005d753456ecbac8c20be6527d23151bcd4644d5756c2894dfb2829aeca0cf11f26e57978f977378788bfe1291a1afe2f81939bbdc67070f465d5367937e985d3a902b9c3336eb35f762df6a9bc4b5d4a7f7499630800000000000000000000000000000000000000000000000000000000000000000000000000000000000000000000000000000000000000000000000000000000000000007bf6c0000000000000003b5df4000000000000000000000000000000000000000000000000000000000000000000000000000000000000000000000000000000000000000000000000000000000000000000000000000000000000000000000000000000000000000000039aff00531252d3ff001783e7f533daed47f1700ae960008000000000000000000000000000000000000000000000000000000000000000000000000000000000000000000000000000009f7ecc06935d000000000000000000000017e4558f0f3b65e31062dc6be9d8e13a6c9ca3d494e0d36bf3210414f92426bc30f0eeb9fbf6da7131e8e9ce5b1cbcdba88d50b2114a3fb91cb272b8f5d0a55d56526fb9a8c1a922efafcf866d4e50aa70ebaf95d27dfd8ddea75000060000000000000000000000000000000000000000000000000000000000000000000000000000000000000000000000000000000000000000000000000000055b27439d8dbc86cb0326b829c54327b34b2f49c8e797b1f4723171f0f367ddb3efb9789a793a0dbee39165acbc8c8ab1124ea9c3de06e5fc1bc289b5b5ce9b51f682985ed65d06260ebf5f5d18f3f350ed4e6fe653244e75a4e159524aeccccc9a2d85bda8a3a2a5d24bbec140004000000000000000000000000000000000000000000000000000000000000000000000000000fbebd980000000000000000000000000000000000000000000000000000000000000000000000000000000000000000000000000000000000000000000000000000000000000000000000000000000000000000000000000000000000000000000000000000000000000000000000000000000000000000000000000000000000000002efdfb0000039a7f533fe3eaff00f05a0f1fd4af7ccd643ed4d802ba7000200000000000000000000000000000000000000000000000000000000000000000000000000000000000000000000000000000000080ed7975fbf40000000000000000000c89caba6c9423db481a1bcc8b3175d74a94fbebe4b26ec822f8ce2d37c32729cd36edebc7e5c648b1a492e9239ae971afc7b6a8bbe75a9af3ad7cc6474ac0c8f5a849b4e70fcb33596360000c00000000000000000000000000000000000000000000000000000000000000000000000000000000000000000000000000000000004d30000000000000000000000000000000000000000000000000000000000000000000000000000000000000000000000000000000000000000000000000000000000000000000000000000000000000000000000000000000000000000000000000000000000000000000000000000000000000000000000000000000000000000000000000000000000000000000000000000000000000000000000000000000000000000000000000000000000000000000000028a8b7d00000000e61fd4aff00ebdadffd84c1e7fa91d7d7e1ff00eea02ba88002000000000000000000000000000000000000000000000000000000000000000000000000000000000000000000000000000000000e2bc94bec0040000000000000000005b5c6d838497b3000a464553d65cb5f97272aeeb1bc6c8fde04beba1b8c4d8b8df184a8943a535fbf45832b1a9caa6555d05283108a842305f1149237ebbd9a810599bab28da60e2d118cd4a7d5cfec993b392845c9fc2454b8d54f2f61b1ccfdbd568cc58b680088000000000000000000000000000000000000000000000000000000000000000000000000000000000000000000000000000000000000000000000000000000000000000000000000000000000000000000000000000000000000000000000000000000000000000000000000000000000000000000000000000000000000000000000000000000000000000000000000000000000000000000000000000000000000000000000000000000000000000000000000000000000000000000000000000000000000000000000000000000000000000000000000000000000000000000000000000000000000e53fd457ff00d2b8ff00db1418ff00a8afbdd50bed8a02d75a000400000000000000000000000000000000000000000000000000000000000000000000000000000000000000000000000000000000047d975d81fb80000000000000000000000001e36fdbc1ba1e4e2a4ba6d11fc6b12387ac87faacfcf224da4d74c24a2924bd920bbeb4000200000000000000000000000000760000000000000000000000000000000000000000000000000000000000000000000000000000000000000000000000000000000000000000000000000000000000000000000000000000000000000000000000000000000000000000000000000000000000000000000000000000000000000000000000000000000000000000000000000000000000000000000000000000000000000000000000000000000000000000000000000000000000000000000000000000000000000000000000000000000000000000000000000000000000000000000000000000000000e43cfe696fe0ff006fa44818f9fbef771ffd82015d880010000000000000000000000000000000000000000000000000000000000000000000000000000000000000000000000000000000000000000000000000000000000000000000000000000000000035fba603b1da3e1f524144fb0100874000000000000000000000000000000000000000000000000000000000000000000000000000000000000000000000000000000000000000000000000000000000000000000000000000000000000000000000000000000000000000000000000000000000000000000000000000000000000000000000000000000000001d000000000000000000000000000000000000000000000000000000000000003d80000000000000000000000000000000000000000000000000000000000000000000000000000000000000000000000000000000000000000000000017b20000000020e37cf925bb8ffec503e73ce96f3ffc004eda765001a64000000000000000000000000000000000000000000000000000000000000000000000000000000000000000000000000000000000000000000000000000000000000000000000000000000004ba00000000000000000000000000000000000000000000000000000000000000000000000000000000000000000000000000000000000000000037d000000000000000000000000000000000000000000000000000000000000000000000000000000000000000000000000000000000000000000000000000000000000000000000000000000eba000000000000000000000000000000000000000000000000000000000000000000000000000000000000000000000000000000000000000000000000000000000000000000000000000000000000000000000000000000000000000000000010716e6ea4f7f6afb540f9cd9f7bfbbfb5609db4ed40034c8000000000000000000000000000000000000000000000000000000000000000000000000000000000000000000000000000000000000000000000000000000000000000000000000000000000000000000000000000000000000000000000000000000000000000000000000000000000000000000000000000000000000000000000000000000000000000000000000000000000000000000000000000000000000000000000000000000000000000000000000000000000000000000000000000000000000000000000000000000000000000000000000000000000000000000000000000000000000000000000000000000000000000000000000000000000000000000000000000000000000000000000000000000000000000000000000000000000000000000000000000010041c57977ff006fe7fb77fe5030f2e97ffc439c035a770001590000000000000000000000000000000000000000000000000000000000000000000000000000000000000000000000000000000000000000000000000000000000000000000000000000000000000000000000000000000000000000000000000000000000000000000000000000000000000000000000000000000000000000000000000000000000000000000000000000000000000000000000000000000000000000000000000000000000000000000000000000000000000000000000000000000000000000000000000000000000000000000000000000000000000000000000000000000000000000000000000000000000000000000000000000000000000000000000000000000000000000000000000000000000000000000000000000000000000000000000000000000070fe5f26b7d9ebaf660c7ca3a9ee365d7cc27d3046abba000ac80000000000000000000000000000000000000000000000000000000000000000000000000000000000000000000000000000000000000000000000000000000000000000000000000000000000000000000000000000000000000000000000000000000000000000000000000000000000000000000000000000000000000000000000000000000000000000000000000000000000000000000000000000000000000000000000000000000000000000000000000000000000000000000000000000000000000000000000000000000000000000000000000000000000000000000000000000000000000000000000000000000000000000000000000000000000000000000000000000000000000000000000000300000000000000000000000000000000000000000000000000020d77fb84ba0381f209bfc676affd56b07ddf756ee36adbfd16b4811d351dec005730000000000000000000000000000000000000000000000000000000000000000000000000000000000000000000000000000000000000000000000000000000000000000000000000000000000000000000000000000000000000000000000000000000000000000000000000000000000000000000000000000000000000000000000000000000000000000000000000000000000000000000000000000000000000000000000000000000000000000000000000000000000000000000000000000000000000000000000000000000000000000000000000000000000000000000000000000034c000000000000000000000000000000000000000000000000000000000000000000000000000000000000000000000000000000000000000000000000000000000000000000000000003816ee115b6da7cfbdb207cdcb4b67b3ed3f7b25e1ff5067b74ba77e001a730000000000000000000000000000000000000000000000000000000000000000000000000000000000000000000000000000000000000000000000000000000000000000000000000000000000000000000000000000000000000000000000000000000000000000000000000000000000000000000000000000000000000000000000000000000000000000000000000000000000000000000000000000000000000000004fb00000000000000000000000000000000000000000000000000000000000000000000000000000000000000000000000000000000000000000000000000000000000000000000000000000000000000000000000000000000000000000000000000000000000000000000000000000000000012876e2d369a000000000000000000000000000000000000000000000003041c036cfcb6d91e4a4e2e73f6fe5b062d949ad9e425d3946c9aeff89032dedfa10006d80000000000000000000000000000000000000000000000000000000000000000000000000000000000000000000000000000000000000000000000000000000000000000000000000000000000000000000000000000000000000000000000000000000000000000000000000000000000000000000000000000000000003dfb0000000000000000000000000000000000000000000000000000000000000000000000000000000000000000000000000000000000000000000000000000000000000000000000000000000000000000000000000000000000000000000000000000000000000000000000000000000000000000000000000000000000000000000000000000000000000000000000000000000000000000000003d587a8eb6d2975df5f740000000000000000000000000000000000003d80000004001f9ef6b171da5fdfef64ff00fc6c0d9c3d4cbc9b53492b67fbff00704e9bd3f42000ac0000000000000000000000000000000000000000000000000000000000000000000000000000000000000000000000000000000000000000000000000000000000000000000000000000000000000000000000000000000000000000000000000000000000000000000000000000000000000000000000000000000000000000000000000000000000000000000000000000000000000000000000000000000000000000000000000000000000000000000000000000000000000000000000000000000000000000000000000000000000000000000000000000000003dfb000000000000000000000000000000000000000000000000000000000000000000000000000000000000000000000000000000000000000000000004e9ae538d8e0bce2ba8cbf74100000000000000000000000000000000000034000e800007ec001f9e2ff001f563e6baf39cffdbdc18b2bb7910eff007949fbff0020c6bf96dfa30006d800000000000000000000000000000000000000000000000000000000000000000000000000000000000000000000000000000000000000000000000000000000000000000000000000000000000000000000000000000000000000000000000000000000000000000000000000000000000000000000000000000000000000000000000000000000000000000000000000000000000000000000000000000000000000000000000000000000000000000000000000000000000000000000000000000000000000000000000000000000000000000000000000000000000000000000000000000000000000000000000000000000000000000000000000000000000000000000000000000000000000000000001d2efb00000000000000000000000000000000000000000000000000000026fa849ff6605cfaaad7f68303f3edd08cbe92c72ee729cffe8a40f8d39435f37d75152fedfb830e97196f87e83001b730000000000000000000000000000000000000000000000000000000000000000000000000000000000000000000000000000000000000000000000000000000000000000000000000000000000000000000000000000000000000000000000000000000000000000000000000000000000000000000000000000000000000000000000000000000000000000000000000000000000000000000000000000000000000000000000000000000000000000000000000000000000000000000000000000000000000000000000000000000000000000000000000000000000000000000000000000000000000000000000000000000000000000000000000000000000000000000000000000000000000000000000000000000000000000000000000000000000000000000000000000064cbc71ee7f68481f36fdfe199bd2edfa3204f31f9f31e33962c249ffc3ee5d7dfdfe018f1149c6a6ed5e3eff97f77d031a757ffd90a656e6473747265616d0a656e646f626a0a31312030206f626a0a3135303130360a656e646f626a0a787265660a302031320a3030303030303030303020363535333520660d0a30303030303030303135203030303030206e0d0a30303030303030303634203030303030206e0d0a30303030303030313233203030303030206e0d0a30303030303030343539203030303030206e0d0a30303030303030363637203030303030206e0d0a30303030303030383430203030303030206e0d0a30303030303030383539203030303030206e0d0a30303030303431343037203030303030206e0d0a30303030303431343238203030303030206e0d0a30303030303431363330203030303030206e0d0a30303030313931393134203030303030206e0d0a747261696c65720a3c3c0a2f526f6f742031203020520a2f496e666f2033203020520a2f53697a652031320a3e3e0a7374617274787265660a3139313933370a2525454f460a, 'files', 'application/pdf');

-- --------------------------------------------------------

--
-- Structure de la table `doci_historystockstation`
--

CREATE TABLE `doci_historystockstation` (
  `id` bigint(20) NOT NULL,
  `date_depot` date DEFAULT NULL,
  `ecart_essence` bigint(20) NOT NULL,
  `ecart_gazoil` bigint(20) NOT NULL,
  `essence_depot` bigint(20) NOT NULL,
  `essence_init` bigint(20) NOT NULL,
  `gazoil_depot` bigint(20) NOT NULL,
  `gazoil_init` bigint(20) NOT NULL,
  `qte_globale_essence` bigint(20) NOT NULL,
  `qte_globale_gazoile` bigint(20) NOT NULL,
  `stations_id` bigint(20) DEFAULT NULL,
  `motif` varchar(255) DEFAULT NULL,
  `stock_avan_transac_ess` bigint(20) NOT NULL,
  `stock_avan_transac_gas` bigint(20) NOT NULL
) ENGINE=InnoDB DEFAULT CHARSET=utf8mb4;

--
-- Déchargement des données de la table `doci_historystockstation`
--

INSERT INTO `doci_historystockstation` (`id`, `date_depot`, `ecart_essence`, `ecart_gazoil`, `essence_depot`, `essence_init`, `gazoil_depot`, `gazoil_init`, `qte_globale_essence`, `qte_globale_gazoile`, `stations_id`, `motif`, `stock_avan_transac_ess`, `stock_avan_transac_gas`) VALUES
(88, '2022-03-20', 0, 0, 50, 200, 20, 200, 500, 500, 9, 'Modification manuelle', 0, 0),
(89, '2022-03-20', 0, 0, 50, 200, 20, 200, 510, 510, 9, 'Modification manuelle', 0, 0),
(221, '2022-07-12', 0, 0, 5000, 0, 0, 0, 4000, 0, NULL, NULL, 0, 0),
(226, '2022-07-12', 0, 0, 50, 1000, 0, 1000, 5050, 5000, 12, NULL, 0, 0),
(227, '2022-07-12', 0, 0, 50, 1000, 0, 1000, 5050, 5000, 12, NULL, 0, 0),
(228, '2022-07-12', 0, 0, 50, 1000, 0, 1000, 5050, 5000, 12, NULL, 0, 0),
(229, '2022-07-12', 0, 0, 50, 1000, 0, 1000, 5050, 5000, 12, NULL, 0, 0),
(230, '2022-07-12', 0, 0, 50, 1000, 0, 1000, 5050, 5000, 12, NULL, 0, 0),
(231, '2022-07-12', 0, 0, 50, 1000, 0, 1000, 5050, 5000, 12, NULL, 0, 0),
(234, '2022-07-12', 0, 0, 70, 1000, 0, 1000, 5070, 5000, 12, NULL, 0, 0),
(239, '2022-07-12', 0, 0, 1000, 1000, 0, 1000, 6000, 5000, 12, NULL, 0, 0),
(248, '2022-07-13', 0, 0, 1000, 1000, 0, 1000, 6000, 5000, 12, NULL, 0, 0),
(251, '2022-07-13', 0, 0, 2000, 1000, 0, 1000, 7000, 5000, 12, NULL, 0, 0),
(254, '2022-07-13', 0, 0, 500, 1000, 0, 1000, 7500, 5500, 12, NULL, 0, 0),
(257, '2022-07-13', 0, 0, 570, 1000, 0, 1000, 8070, 5570, 12, NULL, 0, 0),
(260, '2022-07-13', 0, 0, 70, 1000, 0, 1000, 8140, 6070, 12, NULL, 0, 0),
(263, '2022-07-13', 0, 0, 70, 1000, 0, 1000, 8210, 16140, 12, NULL, 0, 0),
(272, '2022-07-13', 0, 0, 0, 1000, 0, 1000, 8210, 16210, 12, NULL, 0, 0),
(277, '2022-07-13', 0, 0, 1000, 1000, 0, 1000, 9210, 17210, 12, NULL, 0, 0),
(280, '2022-07-13', 0, 0, 70, 1000, 0, 1000, 9280, 17280, 12, NULL, 0, 0),
(283, '2022-07-13', 0, 0, 1000, 1000, 0, 1000, 10280, 18280, 12, NULL, 0, 0),
(318, '2022-07-13', 0, -4900, 1000, 1000, 0, 1000, -4900, -4900, 12, 'Sauvegarde stock après vente au comptant', 0, 0),
(336, '2022-07-13', 0, -10094, 1000, 1000, 0, 1000, -10094, -10094, 12, 'Sauvegarde stock après vente au comptant', 0, 0),
(348, '2022-07-26', 0, 0, 1000, 1000, 0, 1000, 1050, 1050, 12, 'Sauvegarde de stock avant dépotage de carburant en station', 0, 0),
(357, '2022-07-26', 0, 0, 500, 1000, 0, 1000, 1652, 1601, 12, 'Sauvegarde de stock avant dépotage de carburant en station', 0, 0),
(366, '2022-07-26', 0, 0, 500, 1000, 0, 1000, 2150, 2151, 12, 'Sauvegarde de stock avant dépotage de carburant en station', 0, 0),
(403, '2022-07-27', 0, 0, 450, 1000, 0, 1000, 500, 500, 12, 'Sauvegarde de stock avant dépotage de carburant en station', 0, 0),
(407, '2022-07-27', 0, 400, 450, 1000, 0, 1000, 400, 400, 12, 'Sauvegarde stock après vente au comptant', 0, 0),
(409, '2022-07-27', 0, 390, 450, 1000, 0, 1000, 390, 390, 12, 'Sauvegarde stock après vente au comptant', 0, 0),
(475, '2022-09-11', 0, 0, 50, 1000, 50, 1000, 150, 100, 12, NULL, 0, 0),
(478, '2022-09-11', 0, 0, 40, 1000, 40, 1000, 140, 100, 12, NULL, 0, 0),
(483, '2022-09-11', 0, 0, 0, 1000, 0, 1000, 640, 600, 12, 'Sauvegarde de stock avant dépotage de carburant en station', 0, 0),
(484, '2022-09-11', 0, 0, 0, 1000, 0, 1000, 1140, 1100, 12, 'Sauvegarde de stock avant dépotage de carburant en station', 0, 0),
(485, '2022-09-11', 0, 0, 0, 1000, 0, 1000, 1640, 1600, 12, 'Sauvegarde de stock avant dépotage de carburant en station', 0, 0),
(488, '2022-09-11', 0, 0, 0, 1000, 0, 1000, 1840, 1800, 12, 'Sauvegarde de stock avant dépotage de carburant en station', 0, 0),
(489, '2022-09-11', 0, 0, 600, 1000, 600, 1000, 2400, 1800, 12, NULL, 0, 0),
(494, '2022-09-11', 10, 10, 90, 1000, 90, 1000, 1890, 1800, 12, NULL, 0, 0),
(495, '2022-09-11', 50, 100, 450, 1000, 400, 1000, 2340, 2200, 12, NULL, 0, 0),
(500, '2022-09-11', 0, 0, 0, 1000, 0, 1000, 2840, 2700, 12, 'Sauvegarde de stock avant dépotage de carburant en station', 0, 0),
(509, '2022-09-11', 50, 50, 0, 1000, 0, 1000, 3180, 3040, 12, NULL, 0, 0),
(510, '2022-09-11', 10, 10, 40, 1000, 40, 1000, 3220, 3080, 12, NULL, 0, 0),
(536, '2022-10-02', 500, 200, 4500, 100, 800, 100, 4560, 860, 9, NULL, 0, 0),
(537, '2022-10-02', 100, 100, 0, 100, 0, 100, 4560, 860, 9, NULL, 0, 0),
(542, '2022-10-02', 10, 10, 40, 100, 40, 100, 4600, 900, 9, NULL, 0, 0),
(543, '2022-10-02', 5, 5, 45, 100, 45, 100, 4645, 945, 9, NULL, 0, 0),
(590, '2022-10-28', 0, 0, 0, 2000, 0, 2000, 40, 40, 578, 'Sauvegarde de stock avant dépotage de carburant en station', 0, 0),
(612, '2022-11-26', 100, 300, 400, 2000, 200, 2000, 440, 240, 578, NULL, 0, 0),
(685, '2022-09-11', 10, 6242, 40, 1000, 40, 1000, 6832, 6242, 12, 'Sauvegarde stock après vente au comptant', 0, 0);

-- --------------------------------------------------------

--
-- Structure de la table `doci_history_stockgestoci`
--

CREATE TABLE `doci_history_stockgestoci` (
  `id` bigint(20) NOT NULL,
  `qte_es_depot` bigint(20) NOT NULL,
  `qte_gaz_depot` bigint(20) NOT NULL,
  `qte_global_es` bigint(20) NOT NULL,
  `qte_globale_gaz` bigint(20) NOT NULL,
  `stock_init_gestoci_id` bigint(20) DEFAULT NULL,
  `motif` varchar(255) DEFAULT NULL
) ENGINE=InnoDB DEFAULT CHARSET=utf8mb4;

--
-- Déchargement des données de la table `doci_history_stockgestoci`
--

INSERT INTO `doci_history_stockgestoci` (`id`, `qte_es_depot`, `qte_gaz_depot`, `qte_global_es`, `qte_globale_gaz`, `stock_init_gestoci_id`, `motif`) VALUES
(75, 500, 600, 100, 100, NULL, NULL),
(77, 600, 500, 600, 700, NULL, NULL),
(90, 0, 0, 1310, 1310, 66, 'Modification manuelle'),
(110, 2000, 2000, 1310, 1310, 66, NULL),
(115, 10, 10, 3310, 3310, 66, NULL),
(119, 500, 500, 3320, 3320, 66, NULL),
(123, 500, 500, 3820, 3820, 66, NULL),
(129, 250, 250, 4320, 4320, 66, NULL),
(134, 500, 500, 4570, 4570, 66, NULL),
(138, 5000, 4000, 5070, 5070, 66, NULL),
(243, 1000, 1000, 8070, 9070, 66, NULL),
(576, 0, 0, -5132, -640, 66, NULL),
(603, 1000, 600, -7172, -2680, 66, NULL),
(697, 4000, 7500, 1000, 1000, 66, 'Sauvegarde de stock de GESTOCI avant ravitaillement en station');

-- --------------------------------------------------------

--
-- Structure de la table `doci_indexes`
--

CREATE TABLE `doci_indexes` (
  `id` bigint(20) NOT NULL,
  `create_by` varchar(255) DEFAULT NULL,
  `date_creation` date DEFAULT NULL,
  `essence_indexe_fin` varchar(255) DEFAULT NULL,
  `gazoil_indexe_fin` varchar(255) DEFAULT NULL,
  `stations_id` bigint(20) DEFAULT NULL,
  `cuve_essence` double NOT NULL,
  `cuve_gazoil` double NOT NULL,
  `init_index` bit(1) NOT NULL,
  `description` varchar(255) DEFAULT NULL,
  `qtite_restant_essence` bigint(20) NOT NULL,
  `qtite_restant_gasoil` bigint(20) NOT NULL,
  `dif_prise_ess` bigint(20) NOT NULL,
  `dif_prise_gaz` bigint(20) NOT NULL,
  `date_jour` date DEFAULT NULL,
  `gazoil1` double NOT NULL,
  `gazoil2` double NOT NULL,
  `gazoil3` double NOT NULL,
  `gazoil4` double NOT NULL,
  `super1` double NOT NULL,
  `super2` double NOT NULL,
  `super3` double NOT NULL,
  `super4` double NOT NULL
) ENGINE=InnoDB DEFAULT CHARSET=utf8mb4;

--
-- Déchargement des données de la table `doci_indexes`
--

INSERT INTO `doci_indexes` (`id`, `create_by`, `date_creation`, `essence_indexe_fin`, `gazoil_indexe_fin`, `stations_id`, `cuve_essence`, `cuve_gazoil`, `init_index`, `description`, `qtite_restant_essence`, `qtite_restant_gasoil`, `dif_prise_ess`, `dif_prise_gaz`, `date_jour`, `gazoil1`, `gazoil2`, `gazoil3`, `gazoil4`, `super1`, `super2`, `super3`, `super4`) VALUES
(675, 'Superviseur', '2023-01-10', '0.0', '0.0', 9, 10, 10, b'1', NULL, 0, 0, 0, 0, NULL, 10, 10, 10, 10, 10, 10, 10, 10),
(676, 'Superviseur', '2023-01-10', '0.0', '0.0', 10, 10, 10, b'1', NULL, 0, 0, 0, 0, NULL, 10, 10, 10, 10, 10, 10, 10, 10),
(677, 'TOTO', '2023-01-10', '30.0', '0.0', 10, 0, 0, b'1', NULL, 2930, 0, 30, 0, NULL, 5, 5, 0, 0, 5, 5, 0, 0),
(683, 'Superviseur', '2023-01-22', '6832.0', '6242.0', 12, 20, 20, b'1', NULL, 0, 0, 0, 0, NULL, 10, 10, 10, 10, 10, 10, 10, 10);

-- --------------------------------------------------------

--
-- Structure de la table `doci_mouvements`
--

CREATE TABLE `doci_mouvements` (
  `id` bigint(20) NOT NULL,
  `date_enrg` datetime DEFAULT NULL,
  `etat` bit(1) NOT NULL,
  `stations_id` bigint(20) DEFAULT NULL
) ENGINE=MyISAM DEFAULT CHARSET=utf8mb4;

--
-- Déchargement des données de la table `doci_mouvements`
--

INSERT INTO `doci_mouvements` (`id`, `date_enrg`, `etat`, `stations_id`) VALUES
(315, '2022-07-23 17:57:43', b'0', 12),
(332, '2022-07-24 19:59:24', b'0', 12),
(338, '2022-07-24 20:06:42', b'0', 12),
(340, '2022-07-25 09:27:36', b'0', 12),
(343, '2022-07-25 21:18:10', b'0', 12),
(345, '2022-07-25 22:41:48', b'0', 12),
(350, '2022-07-26 19:26:10', b'0', 12),
(352, '2022-07-26 20:07:26', b'0', 12),
(354, '2022-07-26 20:10:24', b'0', 12),
(359, '2022-07-26 20:15:16', b'0', 12),
(368, '2022-07-26 21:38:11', b'0', 12),
(370, '2022-07-26 21:40:09', b'0', 12),
(372, '2022-07-26 21:41:56', b'0', 12),
(374, '2022-07-26 21:42:45', b'0', 12),
(376, '2022-07-26 21:55:15', b'0', 12),
(378, '2022-07-26 22:20:05', b'0', 12),
(381, '2022-07-26 23:02:18', b'0', 12),
(382, '2022-07-26 23:02:18', b'0', 12),
(386, '2022-07-26 23:38:18', b'0', 12),
(388, '2022-07-26 23:39:25', b'0', 12),
(390, '2022-07-26 23:42:32', b'0', 12),
(392, '2022-07-26 23:47:18', b'0', 12),
(394, '2022-07-27 00:03:44', b'0', 12),
(396, '2022-07-27 00:12:39', b'0', 12),
(398, '2022-07-27 00:15:23', b'0', 12),
(400, '2022-07-27 00:19:36', b'0', 12),
(405, '2022-07-27 00:26:45', b'0', 12),
(413, '2022-07-27 00:52:28', b'0', 12),
(415, '2022-07-28 07:32:59', b'0', 12),
(664, '2023-01-10 22:10:38', b'0', 10),
(666, '2023-01-10 22:15:22', b'0', 10),
(668, '2023-01-10 22:19:49', b'0', 10),
(670, '2023-01-10 22:39:06', b'0', 10),
(674, '2023-01-10 23:37:31', b'0', 10),
(678, '2023-01-10 23:47:02', b'1', 10);

-- --------------------------------------------------------

--
-- Structure de la table `doci_mouvements_ventes_comptant_list`
--

CREATE TABLE `doci_mouvements_ventes_comptant_list` (
  `mouvements_id` bigint(20) NOT NULL,
  `ventes_comptant_list_id` bigint(20) NOT NULL
) ENGINE=MyISAM DEFAULT CHARSET=utf8mb4;

--
-- Déchargement des données de la table `doci_mouvements_ventes_comptant_list`
--

INSERT INTO `doci_mouvements_ventes_comptant_list` (`mouvements_id`, `ventes_comptant_list_id`) VALUES
(315, 317),
(332, 335),
(405, 408),
(678, 684);

-- --------------------------------------------------------

--
-- Structure de la table `doci_mouvements_ventes_corporate_list`
--

CREATE TABLE `doci_mouvements_ventes_corporate_list` (
  `mouvements_id` bigint(20) NOT NULL,
  `ventes_corporate_list_id` bigint(20) NOT NULL
) ENGINE=MyISAM DEFAULT CHARSET=utf8mb4;

--
-- Déchargement des données de la table `doci_mouvements_ventes_corporate_list`
--

INSERT INTO `doci_mouvements_ventes_corporate_list` (`mouvements_id`, `ventes_corporate_list_id`) VALUES
(315, 328),
(332, 333),
(405, 410);

-- --------------------------------------------------------

--
-- Structure de la table `doci_pompe`
--

CREATE TABLE `doci_pompe` (
  `id` bigint(20) NOT NULL,
  `create_by` varchar(255) DEFAULT NULL,
  `date` date DEFAULT NULL,
  `description` varchar(255) DEFAULT NULL,
  `libellee` varchar(255) DEFAULT NULL
) ENGINE=MyISAM DEFAULT CHARSET=utf8mb4;

-- --------------------------------------------------------

--
-- Structure de la table `doci_prestataire`
--

CREATE TABLE `doci_prestataire` (
  `id` bigint(20) NOT NULL,
  `nom` varchar(255) DEFAULT NULL,
  `nom_chauffeur` varchar(255) DEFAULT NULL
) ENGINE=InnoDB DEFAULT CHARSET=utf8mb4;

--
-- Déchargement des données de la table `doci_prestataire`
--

INSERT INTO `doci_prestataire` (`id`, `nom`, `nom_chauffeur`) VALUES
(18, 'MT TRANSPORT', 'OUATTARA DAOUDA'),
(19, 'UTB TRANSPORT', 'OULIBALY WAOPRN'),
(20, 'AVS TRANSPORT', 'ZADI ULIRICH'),
(21, 'STIF TRANSPORT', 'ZAMBLE IRIE BI'),
(22, 'BOLLORE TRANSPORT', 'JOSEPH DE LA FAUCE');

-- --------------------------------------------------------

--
-- Structure de la table `doci_prixpompe_init`
--

CREATE TABLE `doci_prixpompe_init` (
  `id` bigint(20) NOT NULL,
  `date_eng` date DEFAULT NULL,
  `pue` double NOT NULL,
  `pug` double NOT NULL
) ENGINE=MyISAM DEFAULT CHARSET=utf8mb4;

--
-- Déchargement des données de la table `doci_prixpompe_init`
--

INSERT INTO `doci_prixpompe_init` (`id`, `date_eng`, `pue`, `pug`) VALUES
(682, '2023-01-17', 775, 615);

-- --------------------------------------------------------

--
-- Structure de la table `doci_roles`
--

CREATE TABLE `doci_roles` (
  `id` bigint(20) NOT NULL,
  `description` varchar(255) DEFAULT NULL,
  `name` varchar(255) DEFAULT NULL
) ENGINE=InnoDB DEFAULT CHARSET=utf8mb4;

--
-- Déchargement des données de la table `doci_roles`
--

INSERT INTO `doci_roles` (`id`, `description`, `name`) VALUES
(1, 'Gerant de station', 'ROLE_GERANT'),
(2, 'Responsable commercial', 'ROLE_RESPCOM'),
(3, 'Chef commercial', 'ROLE_ADMIN'),
(4, 'Supervisseur vente', 'ROLE_SUPERVISEUR'),
(5, 'Directeur Génrale', 'ROLE_DG'),
(32, 'Assistante', 'ROLE_ASSISTANTE'),
(441, 'Responsable des Affaires Financières', 'ROLE_RAF'),
(597, 'Responsable des comptes', 'ROLE_COMPTABLE');

-- --------------------------------------------------------

--
-- Structure de la table `doci_stations`
--

CREATE TABLE `doci_stations` (
  `id` bigint(20) NOT NULL,
  `contact_gerant` varchar(255) DEFAULT NULL,
  `date` date DEFAULT NULL,
  `essence` varchar(255) DEFAULT NULL,
  `gasoil` varchar(255) DEFAULT NULL,
  `nom` varchar(255) DEFAULT NULL,
  `num_employe` int(11) NOT NULL,
  `num_pompe` int(11) NOT NULL,
  `statut` bit(1) NOT NULL,
  `user_id` bigint(20) DEFAULT NULL,
  `zone_id` bigint(20) DEFAULT NULL,
  `nbr_pompe_essence` int(11) NOT NULL,
  `nbr_pompe_gazoil` int(11) NOT NULL
) ENGINE=InnoDB DEFAULT CHARSET=utf8mb4;

--
-- Déchargement des données de la table `doci_stations`
--

INSERT INTO `doci_stations` (`id`, `contact_gerant`, `date`, `essence`, `gasoil`, `nom`, `num_employe`, `num_pompe`, `statut`, `user_id`, `zone_id`, `nbr_pompe_essence`, `nbr_pompe_gazoil`) VALUES
(9, '0709320594', '2022-03-09', 'Essence', 'Gazoil', 'STATION DE DIANRA', 4, 4, b'1', NULL, 6, 2, 2),
(10, '0779639752', '2022-03-09', 'Essence', 'Gazoil', 'STATION DE KOUMASSI', 4, 4, b'1', NULL, 6, 0, 0),
(11, '0779639752', '2022-03-09', 'Essence', 'Gazoil', 'STATION DE PORT-BOUET', 4, 4, b'1', NULL, 7, 0, 0),
(12, '0779639752', '2022-03-09', 'Essence', 'Gazoil', 'STATION DE DALOA', 4, 4, b'1', NULL, 8, 0, 0),
(165, NULL, '2022-11-02', 'Essence', 'Gasoil', 'DOCI_BOUDIALI', 5, 4, b'1', 14, 6, 0, 0),
(208, NULL, NULL, 'Essence', 'Gasoil', 'DOCI_STATION', 2, 1, b'1', 14, 7, 0, 0),
(444, NULL, NULL, 'Essence', 'Gasoil', 'Divine Oil CI', 10011, 4, b'1', 14, 443, 0, 0),
(578, NULL, NULL, 'Essence', 'Gasoil', 'TEST27', 5, 4, b'1', 14, 6, 0, 0),
(579, NULL, NULL, 'Essence', 'Gasoil', 'TEST28', 5, 4, b'1', 14, 6, 0, 0);

-- --------------------------------------------------------

--
-- Structure de la table `doci_stations_indexe1_list`
--

CREATE TABLE `doci_stations_indexe1_list` (
  `stations_id` bigint(20) NOT NULL,
  `indexe_list_id` bigint(20) NOT NULL
) ENGINE=InnoDB DEFAULT CHARSET=utf8mb4;

-- --------------------------------------------------------

--
-- Structure de la table `doci_stations_indexe_list`
--

CREATE TABLE `doci_stations_indexe_list` (
  `stations_id` bigint(20) NOT NULL,
  `indexe_list_id` bigint(20) NOT NULL
) ENGINE=MyISAM DEFAULT CHARSET=utf8mb4;

-- --------------------------------------------------------

--
-- Structure de la table `doci_stations_mouvements_list`
--

CREATE TABLE `doci_stations_mouvements_list` (
  `stations_id` bigint(20) NOT NULL,
  `mouvements_list_id` bigint(20) NOT NULL
) ENGINE=MyISAM DEFAULT CHARSET=utf8mb4;

-- --------------------------------------------------------

--
-- Structure de la table `doci_stock`
--

CREATE TABLE `doci_stock` (
  `id` bigint(20) NOT NULL,
  `date_depot` date DEFAULT NULL,
  `ecart_essence` bigint(20) NOT NULL,
  `ecart_gazoil` bigint(20) NOT NULL,
  `essence_depot` bigint(20) NOT NULL,
  `essence_init` bigint(20) NOT NULL,
  `gazoil_depot` bigint(20) NOT NULL,
  `gazoil_init` bigint(20) NOT NULL,
  `qte_globale_essence` bigint(20) NOT NULL,
  `qte_globale_gazoile` bigint(20) NOT NULL,
  `stations_id` bigint(20) DEFAULT NULL,
  `stock_init_station_id` bigint(20) DEFAULT NULL
) ENGINE=MyISAM DEFAULT CHARSET=utf8mb4;

-- --------------------------------------------------------

--
-- Structure de la table `doci_stockgestoci`
--

CREATE TABLE `doci_stockgestoci` (
  `id` bigint(20) NOT NULL,
  `qte_es_depot` varchar(255) DEFAULT NULL,
  `qte_gaz_depot` varchar(255) DEFAULT NULL,
  `qte_global_es` varchar(255) DEFAULT NULL,
  `qte_globale_gaz` varchar(255) DEFAULT NULL,
  `stock_init_gestoci_id` bigint(20) DEFAULT NULL
) ENGINE=InnoDB DEFAULT CHARSET=utf8mb4;

--
-- Déchargement des données de la table `doci_stockgestoci`
--

INSERT INTO `doci_stockgestoci` (`id`, `qte_es_depot`, `qte_gaz_depot`, `qte_global_es`, `qte_globale_gaz`, `stock_init_gestoci_id`) VALUES
(74, '40.0', '40.0', '-9272.0', '-3980.0', 66),
(696, '0.0', '0.0', '5000.0', '8500.0', 66);

-- --------------------------------------------------------

--
-- Structure de la table `doci_stockinitgestoci`
--

CREATE TABLE `doci_stockinitgestoci` (
  `id` bigint(20) NOT NULL,
  `date_eng` date DEFAULT NULL,
  `qte_es_physique` varchar(255) DEFAULT NULL,
  `qte_gaz_physique` varchar(255) DEFAULT NULL,
  `qte_theorique_es` varchar(255) DEFAULT NULL,
  `qte_theorique_gaz` varchar(255) DEFAULT NULL,
  `stations_id` bigint(20) DEFAULT NULL,
  `user_id` bigint(20) DEFAULT NULL,
  `parametre` bit(1) NOT NULL
) ENGINE=InnoDB DEFAULT CHARSET=utf8mb4;

--
-- Déchargement des données de la table `doci_stockinitgestoci`
--

INSERT INTO `doci_stockinitgestoci` (`id`, `date_eng`, `qte_es_physique`, `qte_gaz_physique`, `qte_theorique_es`, `qte_theorique_gaz`, `stations_id`, `user_id`, `parametre`) VALUES
(66, '2023-01-09', '400.0', '400.0', '1000.0', '1000.0', NULL, 15, b'1');

-- --------------------------------------------------------

--
-- Structure de la table `doci_stockinitstation`
--

CREATE TABLE `doci_stockinitstation` (
  `id` bigint(20) NOT NULL,
  `date_eng` date DEFAULT NULL,
  `stations_id` bigint(20) DEFAULT NULL,
  `user_id` bigint(20) DEFAULT NULL,
  `qteinites` varchar(255) DEFAULT NULL,
  `qteinitgaz` varchar(255) DEFAULT NULL,
  `parametre` bit(1) NOT NULL
) ENGINE=InnoDB DEFAULT CHARSET=utf8mb4;

--
-- Déchargement des données de la table `doci_stockinitstation`
--

INSERT INTO `doci_stockinitstation` (`id`, `date_eng`, `stations_id`, `user_id`, `qteinites`, `qteinitgaz`, `parametre`) VALUES
(222, '2022-09-11', 12, 15, '2000', '2000', b'1'),
(522, '2022-09-30', 9, 15, '100', '100', b'1'),
(585, '2022-10-28', 578, 14, '2000', '2000', b'1'),
(648, '2023-01-07', 10, 14, '500', '1000', b'1');

-- --------------------------------------------------------

--
-- Structure de la table `doci_stock_station`
--

CREATE TABLE `doci_stock_station` (
  `id` bigint(20) NOT NULL,
  `date_depot` date DEFAULT NULL,
  `ecart_essence` bigint(20) NOT NULL,
  `ecart_gazoil` bigint(20) NOT NULL,
  `essence_depot` bigint(20) NOT NULL,
  `essence_init` bigint(20) NOT NULL,
  `gazoil_depot` bigint(20) NOT NULL,
  `gazoil_init` bigint(20) NOT NULL,
  `qte_globale_essence` bigint(20) NOT NULL,
  `qte_globale_gazoile` bigint(20) NOT NULL,
  `stations_id` bigint(20) DEFAULT NULL,
  `stock_init_station_id` bigint(20) DEFAULT NULL
) ENGINE=MyISAM DEFAULT CHARSET=utf8mb4;

--
-- Déchargement des données de la table `doci_stock_station`
--

INSERT INTO `doci_stock_station` (`id`, `date_depot`, `ecart_essence`, `ecart_gazoil`, `essence_depot`, `essence_init`, `gazoil_depot`, `gazoil_init`, `qte_globale_essence`, `qte_globale_gazoile`, `stations_id`, `stock_init_station_id`) VALUES
(223, '2022-09-11', 10, 10, 40, 1000, 40, 1000, 6832, 6242, 12, 222),
(523, '2022-10-02', 5, 5, 45, 100, 45, 100, 4595, 945, 9, 522),
(586, '2022-11-26', 100, 300, 400, 2000, 200, 2000, 440, 240, 578, 585),
(649, NULL, 0, 0, 0, 500, 0, 1000, 2930, 0, 10, 648);

-- --------------------------------------------------------

--
-- Structure de la table `doci_type_client`
--

CREATE TABLE `doci_type_client` (
  `id` bigint(20) NOT NULL,
  `name` varchar(255) DEFAULT NULL
) ENGINE=MyISAM DEFAULT CHARSET=utf8mb4;

--
-- Déchargement des données de la table `doci_type_client`
--

INSERT INTO `doci_type_client` (`id`, `name`) VALUES
(1, 'Morale'),
(2, 'Physique');

-- --------------------------------------------------------

--
-- Structure de la table `doci_type_ventes`
--

CREATE TABLE `doci_type_ventes` (
  `id` bigint(20) NOT NULL,
  `nom` varchar(255) DEFAULT NULL
) ENGINE=InnoDB DEFAULT CHARSET=utf8mb4;

-- --------------------------------------------------------

--
-- Structure de la table `doci_user`
--

CREATE TABLE `doci_user` (
  `id` bigint(20) NOT NULL,
  `activated` bit(1) NOT NULL,
  `code_exploitant` varchar(255) DEFAULT NULL,
  `departement` varchar(255) DEFAULT NULL,
  `email` varchar(255) DEFAULT NULL,
  `login` varchar(255) DEFAULT NULL,
  `password` varchar(255) DEFAULT NULL,
  `statut` bit(1) NOT NULL,
  `username` varchar(255) DEFAULT NULL,
  `interim_id` bigint(20) DEFAULT NULL,
  `stations_id` bigint(20) DEFAULT NULL,
  `first_connection` bit(1) NOT NULL,
  `password_expiration` datetime DEFAULT NULL,
  `old_password` varchar(255) DEFAULT NULL,
  `contact` varchar(255) DEFAULT NULL
) ENGINE=InnoDB DEFAULT CHARSET=utf8mb4;

--
-- Déchargement des données de la table `doci_user`
--

INSERT INTO `doci_user` (`id`, `activated`, `code_exploitant`, `departement`, `email`, `login`, `password`, `statut`, `username`, `interim_id`, `stations_id`, `first_connection`, `password_expiration`, `old_password`, `contact`) VALUES
(14, b'1', NULL, NULL, 'waopron.coulibaly@bni.ci', 'm1333', '$2a$10$C5WDHYdenIVSTTZdRssZp.dss8HBK2tlILTLCWtQZ8HUqFgYRR0E2', b'1', 'Thomas', NULL, 9, b'0', NULL, NULL, NULL),
(15, b'1', NULL, NULL, 'coulwao@gmail.com', 'm2000', '$2a$10$rnJTfuqTHLuU44/le.pm2Ok2DOlfxZojlP/ynrMdBez7f8FqB.AYq', b'1', 'Superviseur', NULL, 10, b'0', NULL, '$2a$10$X.hVRIeua54IgjeRXa39NOtV0yFNFa8v2dL6ORGK5KsKxBnQikgOm', NULL),
(17, b'1', NULL, NULL, 'waopron.coulibaly@bni.ci', 'm3000', '$2a$10$lFhyRBtx5l1/JcJUbYLV6eRogT8lVC3TTpjUSFVOJ7yJ4plSPpVXS', b'1', 'Directeur Géneral', NULL, 9, b'0', NULL, NULL, NULL),
(33, b'1', NULL, NULL, NULL, 'm9000', '$2a$10$UUHr5uipD/XWQw3zyJ4cfOMYNxzrtCiR1dfF17gHibO932GKEh3rS', b'1', 'Assistance', NULL, 11, b'0', NULL, NULL, NULL),
(53, b'1', NULL, NULL, NULL, 'm2002', '$2a$10$kxcB70oAI1ulxYDfA1Z1wu/Q69cY/t0yyLFBnB0GO5yPef.AiYu9e', b'1', 'Superviseur DIANRA', NULL, 9, b'0', NULL, NULL, NULL),
(80, b'1', NULL, NULL, NULL, 'm2001', '$2a$10$y5TJBQMcW/CVdh5yxO2jH.p/KBNK0MTA5nVF47AKuZucm2u63WllG', b'1', 'Gérant Koumassi', NULL, 10, b'0', NULL, '$2a$10$W3lQ9jp2FF5A6nWLEXGzWuuzd6iXi723ZbhJJrh.rFtwamjm6vjae', NULL),
(111, b'1', NULL, NULL, NULL, 'm2100', '$2a$10$WyreVy6nhnE9yGbd3ZeVmOfI6YvNrRkNjUQ3.pnxr1dD8necQKn0S', b'1', 'Gerant Port-Bouet', NULL, 11, b'0', NULL, NULL, NULL),
(169, b'1', NULL, NULL, NULL, 'MBD01', '$2a$10$PBlNk.pwSUfZwdHajQpAv.PiKmxjJUTg2QMjqdUAISZeBx63L6SdO', b'1', 'Boudou', NULL, 165, b'0', NULL, NULL, NULL),
(209, b'1', NULL, NULL, NULL, 'M2200', '$2a$10$NS7BOW1.S4BBVWhK65Pz9uuB9gTJVjphrLmBKF8gUrpDcNuWCmISy', b'1', 'GERANT DALOA', NULL, 12, b'0', NULL, NULL, NULL),
(445, b'1', NULL, NULL, NULL, 'RAF', '$2a$10$qVYQLqSuXmqhyTWyPqG2ve1060SyHuenwPV4aLlQi1p0OdrxLCcDi', b'1', 'Responsable des Affaires Financières', NULL, 444, b'0', NULL, NULL, NULL),
(446, b'1', NULL, NULL, NULL, 'RESPCOM', '$2a$10$FeHobfT9.1/y0b.Yq.p2PelaZ4OvP0nm.2uuXqLfoonBaeR7henQO', b'1', 'Responsable Commercial', NULL, 444, b'0', NULL, NULL, NULL),
(583, b'1', NULL, NULL, NULL, 'TEST1', '$2a$10$mJNvhR1/yC87DDKPsKfOfOT767.ZCNL9.oVxi.zJXIo5KCQvZOEx.', b'1', 'TEST avant TEST', NULL, 578, b'0', NULL, NULL, NULL),
(584, b'1', NULL, NULL, NULL, 'TEST2', '$2a$10$m74YFIyZovzRgrNOhvQI/exWHob1jEXSmH5s1v0rULyN2kthoSvqC', b'1', 'TEST2 avant TEST', NULL, 579, b'0', NULL, NULL, NULL),
(598, b'1', NULL, NULL, 'coulwao@gmail.com', 'COMPTABLE', '$2a$10$bNlaCgq6sD6auNP6WKtkOeJrETCxZyR3Phwz17JKOD9DczrbwHcqu', b'1', 'Responsable comptable', NULL, 208, b'0', NULL, NULL, '0709320594'),
(647, b'1', NULL, NULL, 'coulwao@gmail.com', 'm0000', '$2a$10$JlBWc4oK50Xz6X2X5d2LlOhF8rQ1cOK.h3h8szbvwtZZMrXMp7fD6', b'1', 'test', NULL, 9, b'1', NULL, NULL, '0709320594'),
(662, b'1', NULL, NULL, 'eugene@openlabconsulting.com', 'm6000', '$2a$10$bJKrqeHuDN6wRMW9dzCHaed1xq3A.eB7pcNmoICZ0njmufwkF4/Di', b'1', 'TOTO', NULL, 10, b'0', NULL, '$2a$10$FjU3Zxkj1EU9ZlxnKTKOVeDrafz4KitSnhpTX.PYLEvYQ5AhKIEzq', '0709320594'),
(679, b'1', NULL, NULL, 'coulwao@gmail.com', 'm6006', '$2a$10$RmzzaboA.HZvHwypcfPgyOnqMgZx/OlyJhBZg7uTE1r53uTtm58xm', b'1', 'ZIAO DAGOBER', NULL, 444, b'0', NULL, '$2a$10$2Q5yCVBpYHFqLEkgtr/gpOVTAfZehTHwFB63y0HZB.fNbA3Cs24Q6', '0709320594');

-- --------------------------------------------------------

--
-- Structure de la table `doci_user_roles`
--

CREATE TABLE `doci_user_roles` (
  `user_id` bigint(20) NOT NULL,
  `roles_id` bigint(20) NOT NULL
) ENGINE=InnoDB DEFAULT CHARSET=utf8mb4;

--
-- Déchargement des données de la table `doci_user_roles`
--

INSERT INTO `doci_user_roles` (`user_id`, `roles_id`) VALUES
(14, 3),
(15, 4),
(17, 5),
(33, 32),
(53, 4),
(80, 1),
(111, 1),
(169, 1),
(209, 1),
(445, 441),
(446, 2),
(583, 1),
(584, 1),
(598, 597),
(647, 1),
(662, 1),
(679, 2);

-- --------------------------------------------------------

--
-- Structure de la table `doci_ventes`
--

CREATE TABLE `doci_ventes` (
  `id` bigint(20) NOT NULL,
  `date_vente` datetime DEFAULT NULL,
  `litrage` bigint(20) NOT NULL,
  `montatnt` bigint(20) NOT NULL,
  `pu` bigint(20) NOT NULL,
  `type_ventes_id` bigint(20) DEFAULT NULL
) ENGINE=InnoDB DEFAULT CHARSET=utf8mb4;

-- --------------------------------------------------------

--
-- Structure de la table `doci_ventes_corporates`
--

CREATE TABLE `doci_ventes_corporates` (
  `id` bigint(20) NOT NULL,
  `date_eng` date DEFAULT NULL,
  `litrage_essence` bigint(20) NOT NULL,
  `litrage_gazoil` bigint(20) NOT NULL,
  `mnt_essence_remise` double NOT NULL,
  `mnt_gazoil_remise` double NOT NULL,
  `mnt_total` double NOT NULL,
  `mntgloba_gazoil` double NOT NULL,
  `mntglobal_essence` double NOT NULL,
  `pue` double NOT NULL,
  `pug` double NOT NULL,
  `clients_corporates_id` bigint(20) DEFAULT NULL
) ENGINE=MyISAM DEFAULT CHARSET=utf8mb4;

--
-- Déchargement des données de la table `doci_ventes_corporates`
--

INSERT INTO `doci_ventes_corporates` (`id`, `date_eng`, `litrage_essence`, `litrage_gazoil`, `mnt_essence_remise`, `mnt_gazoil_remise`, `mnt_total`, `mntgloba_gazoil`, `mntglobal_essence`, `pue`, `pug`, `clients_corporates_id`) VALUES
(289, '2022-07-19', 5000, 5000, 78000, 74000, -753250000, -366925000, -386325000, -77265, -73385, 286),
(290, '2022-07-19', 70000, 45000, 500, 500, 21625000, 5175000, 16450000, 235, 115, 286),
(291, '2022-07-19', 50000, 50000, 3000, 5000, -332500000, -219250000, -113250000, -2265, -4385, 286),
(292, '2022-07-19', 50000, 20000, 8500, 54000, -1455950000, -1067700000, -388250000, -7765, -53385, 286),
(293, '2022-07-19', 50000, 50000, 20000, 300000, -15932500000, -14969250000, -963250000, -19265, -299385, 286),
(294, '2022-07-19', 5000, 6000, 5, 10, 7280000, 3630000, 3650000, 730, 605, 286),
(295, '2022-07-19', 75000, 4000, 5, 10, 57170000, 2420000, 54750000, 730, 605, 286),
(296, '2022-07-19', 45000, 45000, 5, 2, 60435000, 27585000, 32850000, 730, 613, 286),
(297, '2022-07-19', 500, 400, 20, 15, 597500, 240000, 357500, 715, 600, 286),
(298, '2022-07-19', 100, 1000, 45, 41, 643000, 574000, 69000, 690, 574, 286),
(299, '2022-07-19', 4500, 3000, 5, 10, 5100000, 1815000, 3285000, 730, 605, 286),
(300, '2022-07-19', 5000, 100, 5, 10, 3710500, 60500, 3650000, 730, 605, 286),
(301, '2022-07-20', 500, 200, 5, 10, 486000, 121000, 365000, 730, 605, 286),
(302, '2022-07-20', 555, 555, 5, 5, 743700, 338550, 405150, 730, 610, 286),
(303, '2022-07-20', 200, 200, 10, 10, 266000, 121000, 145000, 725, 605, 286),
(319, '2022-07-23', 100, 100, 1, 1, 134800, 61400, 73400, 734, 614, 286),
(322, '2022-07-23', 25, 25, 1, 1, 33700, 15350, 18350, 734, 614, 286),
(324, '2022-07-23', 25, 25, 1, 1, 33700, 15350, 18350, 734, 614, 286),
(326, '2022-07-23', 25, 25, 1, 1, 33700, 15350, 18350, 734, 614, 286),
(328, '2022-07-23', 25, 25, 1, 1, 33700, 15350, 18350, 734, 614, 286),
(333, '2022-07-24', 5555, 5555, 5, 5, 7443700, 3388550, 4055150, 730, 610, 286),
(410, '2022-07-27', 10, 10, 1, 1, 13480, 6140, 7340, 734, 614, 286);

-- --------------------------------------------------------

--
-- Structure de la table `doci_vente_comptant`
--

CREATE TABLE `doci_vente_comptant` (
  `id` bigint(20) NOT NULL,
  `date_eng` date DEFAULT NULL,
  `litrage_essence` double NOT NULL,
  `litrage_gazoil` double NOT NULL,
  `mnt_essence_remise` double NOT NULL,
  `mnt_gazoil_remise` double NOT NULL,
  `mnt_total` double NOT NULL,
  `mntgloba_gazoil` double NOT NULL,
  `mntglobal_essence` double NOT NULL,
  `pue` double NOT NULL,
  `pug` double NOT NULL,
  `clients_comptants_id` bigint(20) DEFAULT NULL
) ENGINE=MyISAM DEFAULT CHARSET=utf8mb4;

--
-- Déchargement des données de la table `doci_vente_comptant`
--

INSERT INTO `doci_vente_comptant` (`id`, `date_eng`, `litrage_essence`, `litrage_gazoil`, `mnt_essence_remise`, `mnt_gazoil_remise`, `mnt_total`, `mntgloba_gazoil`, `mntglobal_essence`, `pue`, `pug`, `clients_comptants_id`) VALUES
(148, '2022-07-05', 50, 50, 5, 0, 67250, 30750, 36500, 730, 615, 147),
(151, '2022-07-06', 10, 10, 1, 1, 13480, 6140, 7340, 734, 614, 150),
(152, '2022-07-06', 10, 10, 1, 1, 13480, 6140, 7340, 734, 614, 150),
(153, '2022-07-06', 44, 11, 1, 1, 39050, 6754, 32296, 734, 614, 150),
(154, '2022-07-06', 1, 1, 1, 1, 1348, 614, 734, 734, 614, 150),
(155, '2022-07-06', 2500, 2500, 5, 5, 3350000, 1525000, 1825000, 730, 610, 150),
(156, '2022-07-06', 500, 500, 10, 10, 665000, 302500, 362500, 725, 605, 147),
(158, '2022-07-06', 100, 100, 2, 2, 134600, 61300, 73300, 733, 613, 157),
(159, '2022-07-06', 1, 1, 0, 0, 1350, 615, 735, 735, 615, 157),
(160, '2022-07-06', 30, 30, 1, 1, 40440, 18420, 22020, 734, 614, 157),
(161, '2022-07-06', 40, 40, 4, 4, 53680, 24440, 29240, 731, 611, 147),
(162, '2022-07-06', 4, 4, 4, 4, 5368, 2444, 2924, 731, 611, 147),
(163, '2022-07-06', 300, 300, 58500, 50000, -32145000, -14815500, -17329500, -57765, -49385, 147),
(164, '2022-07-06', 5000, 5400, 5000, 50000, -288004000, -266679000, -21325000, -4265, -49385, 157),
(285, '2022-07-13', 500, 500, 5, 5, 670000, 305000, 365000, 730, 610, 284),
(317, '2022-07-23', 5000, 5000, 5, 10, 6675000, 3025000, 3650000, 730, 605, 316),
(335, '2022-07-24', 4444, 4444, 5, 5, 5954960, 2710840, 3244120, 730, 610, 316),
(406, '2022-07-27', 30, 30, 1, 1, 40440, 18420, 22020, 734, 614, 284),
(408, '2022-07-27', 10, 10, 1, 1, 13480, 6140, 7340, 734, 614, 284),
(684, '2023-01-22', 2, 2, 15, 15, 2720, 1200, 1520, 760, 600, 147);

-- --------------------------------------------------------

--
-- Structure de la table `doci_versement`
--

CREATE TABLE `doci_versement` (
  `id` bigint(20) NOT NULL,
  `montant` double NOT NULL,
  `commentaire` varchar(255) DEFAULT NULL,
  `date_enreg` date DEFAULT NULL,
  `user_id` bigint(20) DEFAULT NULL
) ENGINE=MyISAM DEFAULT CHARSET=utf8mb4;

--
-- Déchargement des données de la table `doci_versement`
--

INSERT INTO `doci_versement` (`id`, `montant`, `commentaire`, `date_enreg`, `user_id`) VALUES
(611, 45000000, 'TEST', '2022-11-23', 598);

-- --------------------------------------------------------

--
-- Structure de la table `doci_zone`
--

CREATE TABLE `doci_zone` (
  `id` bigint(20) NOT NULL,
  `create_by` varchar(255) DEFAULT NULL,
  `date_creation` date DEFAULT NULL,
  `description` varchar(255) DEFAULT NULL,
  `localisation` varchar(255) DEFAULT NULL,
  `nom` varchar(255) DEFAULT NULL
) ENGINE=InnoDB DEFAULT CHARSET=utf8mb4;

--
-- Déchargement des données de la table `doci_zone`
--

INSERT INTO `doci_zone` (`id`, `create_by`, `date_creation`, `description`, `localisation`, `nom`) VALUES
(6, 'Coulibaly Waopron', NULL, NULL, NULL, 'BOUNDIALI'),
(7, 'Coulibaly Waopron', NULL, NULL, NULL, 'DALOA'),
(8, 'Coulibaly Waopron', NULL, NULL, NULL, 'ABOBO'),
(443, 'Thomas', NULL, NULL, NULL, 'DOCI');

-- --------------------------------------------------------

--
-- Structure de la table `doci_zone_stations_list`
--

CREATE TABLE `doci_zone_stations_list` (
  `zone_id` bigint(20) NOT NULL,
  `stations_list_id` bigint(20) NOT NULL
) ENGINE=InnoDB DEFAULT CHARSET=utf8mb4;

-- --------------------------------------------------------

--
-- Structure de la table `facturation_clorporate`
--

CREATE TABLE `facturation_clorporate` (
  `id` bigint(20) NOT NULL,
  `nom_chauffeur` varchar(255) DEFAULT NULL,
  `client` varchar(255) DEFAULT NULL,
  `contact1` varchar(255) DEFAULT NULL,
  `datebl` date DEFAULT NULL,
  `des_es` varchar(255) DEFAULT NULL,
  `des_gaz` varchar(255) DEFAULT NULL,
  `dfe` varchar(255) DEFAULT NULL,
  `localisation` varchar(255) DEFAULT NULL,
  `prestataire` varchar(255) DEFAULT NULL,
  `pue` double DEFAULT NULL,
  `pug` double DEFAULT NULL,
  `qte_es` double DEFAULT NULL,
  `qte_gaz` double DEFAULT NULL,
  `ref_es` varchar(255) DEFAULT NULL,
  `ref_gaz` varchar(255) DEFAULT NULL,
  `remise_essence` double DEFAULT NULL,
  `remise_gazoil` double DEFAULT NULL
) ENGINE=MyISAM DEFAULT CHARSET=utf8mb4;

-- --------------------------------------------------------

--
-- Doublure de structure pour la vue `facturation_corporate`
-- (Voir ci-dessous la vue réelle)
--
CREATE TABLE `facturation_corporate` (
`id` bigint(20)
,`datebl` date
,`ref_es` varchar(255)
,`ref_gaz` varchar(255)
,`des_es` varchar(255)
,`des_gaz` varchar(255)
,`qte_es` bigint(20)
,`qte_gaz` bigint(20)
,`corporates_id` bigint(20)
,`prestataire` varchar(255)
,`nom_chauffeur` varchar(255)
,`client` varchar(255)
,`remise_essence` bigint(20)
,`remise_gazoil` bigint(20)
,`contact1` varchar(255)
,`localisation` varchar(255)
,`clientCorpId` bigint(20)
,`DFE` varchar(255)
,`pue` double
,`pug` double
);

-- --------------------------------------------------------

--
-- Doublure de structure pour la vue `facturation_corporateold`
-- (Voir ci-dessous la vue réelle)
--
CREATE TABLE `facturation_corporateold` (
`id` bigint(20)
,`datebl` date
,`ref_es` varchar(255)
,`ref_gaz` varchar(255)
,`des_es` varchar(255)
,`des_gaz` varchar(255)
,`qte_es` varchar(255)
,`qte_gaz` varchar(255)
,`client` varchar(255)
,`remise_essence` bigint(20)
,`remise_gazoil` bigint(20)
,`prestataire` varchar(255)
,`nom_chauffeur` varchar(255)
,`contact1` varchar(255)
,`localisation` varchar(255)
,`DFE` varchar(255)
,`pue` double
,`pug` double
);

-- --------------------------------------------------------

--
-- Structure de la table `garantie_daily`
--

CREATE TABLE `garantie_daily` (
  `id` bigint(20) NOT NULL,
  `local_date` date DEFAULT NULL,
  `traitement_garantie` varchar(255) DEFAULT NULL,
  `value` bigint(20) NOT NULL
) ENGINE=MyISAM DEFAULT CHARSET=utf8mb4;

-- --------------------------------------------------------

--
-- Structure de la table `garantie_monthy`
--

CREATE TABLE `garantie_monthy` (
  `id` bigint(20) NOT NULL,
  `local_date` date DEFAULT NULL,
  `traitement_garantie` varchar(255) DEFAULT NULL,
  `value` bigint(20) NOT NULL
) ENGINE=MyISAM DEFAULT CHARSET=utf8mb4;

-- --------------------------------------------------------

--
-- Structure de la table `garantie_type_garantie`
--

CREATE TABLE `garantie_type_garantie` (
  `garantie_id` bigint(20) NOT NULL,
  `type_garanties_id` bigint(20) NOT NULL
) ENGINE=MyISAM DEFAULT CHARSET=utf8mb4;

-- --------------------------------------------------------

--
-- Structure de la table `garantie_yearly`
--

CREATE TABLE `garantie_yearly` (
  `id` bigint(20) NOT NULL,
  `local_date` date DEFAULT NULL,
  `traitement_garantie` varchar(255) DEFAULT NULL,
  `value` bigint(20) NOT NULL
) ENGINE=MyISAM DEFAULT CHARSET=utf8mb4;

-- --------------------------------------------------------

--
-- Structure de la table `gest_gar_audit`
--

CREATE TABLE `gest_gar_audit` (
  `id` bigint(20) NOT NULL,
  `action` varchar(255) DEFAULT NULL,
  `datetime` datetime DEFAULT NULL,
  `local_date` date DEFAULT NULL,
  `matricule` varchar(255) DEFAULT NULL,
  `username` varchar(255) DEFAULT NULL
) ENGINE=MyISAM DEFAULT CHARSET=utf8mb4;

-- --------------------------------------------------------

--
-- Structure de la table `gest_gar_authority`
--

CREATE TABLE `gest_gar_authority` (
  `id` bigint(20) NOT NULL,
  `name` varchar(255) DEFAULT NULL
) ENGINE=MyISAM DEFAULT CHARSET=utf8mb4;

--
-- Déchargement des données de la table `gest_gar_authority`
--

INSERT INTO `gest_gar_authority` (`id`, `name`) VALUES
(627, 'ROLE_ADMIN'),
(628, 'ROLE_AGENT'),
(629, 'ROLE_VALIDEUR'),
(630, 'ROLE_CONSULTATION');

-- --------------------------------------------------------

--
-- Structure de la table `gest_gar_fichiers`
--

CREATE TABLE `gest_gar_fichiers` (
  `id` bigint(20) NOT NULL,
  `nom` varchar(255) DEFAULT NULL,
  `garantie_id` bigint(20) DEFAULT NULL
) ENGINE=MyISAM DEFAULT CHARSET=utf8mb4;

-- --------------------------------------------------------

--
-- Structure de la table `gest_gar_garantie`
--

CREATE TABLE `gest_gar_garantie` (
  `id` bigint(20) NOT NULL,
  `date_approbation_comite_credit` date DEFAULT NULL,
  `date_creation` bigint(20) NOT NULL,
  `date_echeance_garantie` date DEFAULT NULL,
  `date_entree_dossier` date DEFAULT NULL,
  `date_mise_en_place_garantie` date DEFAULT NULL,
  `date_modification` bigint(20) NOT NULL,
  `date_naissance_client` date DEFAULT NULL,
  `date_prise_effective_garantie` date DEFAULT NULL,
  `date_realisation` date DEFAULT NULL,
  `date_reception_acte_signe` date DEFAULT NULL,
  `date_redaction_convention` date DEFAULT NULL,
  `delai_traitement` varchar(255) DEFAULT NULL,
  `evaluation_garantie` bigint(20) DEFAULT NULL,
  `findesaisie` bit(1) NOT NULL,
  `miseadisposition_garantie` date DEFAULT NULL,
  `mise_enplace_anticipee` bit(1) NOT NULL,
  `modification_auteur` varchar(255) DEFAULT NULL,
  `nom_auteur` varchar(255) DEFAULT NULL,
  `nom_juriste` varchar(255) DEFAULT NULL,
  `numero_dossier` varchar(255) DEFAULT NULL,
  `observations` varchar(255) DEFAULT NULL,
  `traitement_garantie` varchar(255) DEFAULT NULL,
  `comptedto_compte` varchar(255) DEFAULT NULL,
  `pret_id` bigint(20) DEFAULT NULL,
  `type_dossier_pret_id` bigint(20) DEFAULT NULL
) ENGINE=MyISAM DEFAULT CHARSET=utf8mb4;

-- --------------------------------------------------------

--
-- Structure de la table `gest_gar_garantie_users`
--

CREATE TABLE `gest_gar_garantie_users` (
  `garantie_id` bigint(20) NOT NULL,
  `users_id` bigint(20) NOT NULL
) ENGINE=MyISAM DEFAULT CHARSET=utf8mb4;

-- --------------------------------------------------------

--
-- Structure de la table `gest_gar_module_audit`
--

CREATE TABLE `gest_gar_module_audit` (
  `id` bigint(20) NOT NULL,
  `module` varchar(255) DEFAULT NULL
) ENGINE=MyISAM DEFAULT CHARSET=utf8mb4;

-- --------------------------------------------------------

--
-- Structure de la table `gest_gar_parametrage`
--

CREATE TABLE `gest_gar_parametrage` (
  `id` bigint(20) NOT NULL,
  `mail` bit(1) NOT NULL,
  `nb_jours` varchar(255) DEFAULT NULL
) ENGINE=MyISAM DEFAULT CHARSET=utf8mb4;

--
-- Déchargement des données de la table `gest_gar_parametrage`
--

INSERT INTO `gest_gar_parametrage` (`id`, `mail`, `nb_jours`) VALUES
(640, b'1', '10');

-- --------------------------------------------------------

--
-- Structure de la table `gest_gar_pret`
--

CREATE TABLE `gest_gar_pret` (
  `id` bigint(20) NOT NULL,
  `cpt_prt` varchar(255) DEFAULT NULL,
  `dat_fin` date DEFAULT NULL,
  `date_oper` date DEFAULT NULL,
  `deblocage` date DEFAULT NULL,
  `duree_mois` bigint(20) NOT NULL,
  `echeance` bigint(20) NOT NULL,
  `encours` bigint(20) NOT NULL,
  `expl` varchar(255) DEFAULT NULL,
  `exploitant` varchar(255) DEFAULT NULL,
  `frais_dossier` bigint(20) NOT NULL,
  `garantie` bit(1) NOT NULL,
  `id_garantie` bigint(20) DEFAULT NULL,
  `impaye` bigint(20) NOT NULL,
  `libelle` varchar(255) DEFAULT NULL,
  `montant` bigint(20) NOT NULL,
  `ncg` varchar(255) DEFAULT NULL,
  `ncg_prt` varchar(255) DEFAULT NULL,
  `nom_client` varchar(255) DEFAULT NULL,
  `nooper` varchar(255) DEFAULT NULL,
  `notes` varchar(255) DEFAULT NULL,
  `numero_compte` varchar(255) DEFAULT NULL,
  `numseq` bigint(20) NOT NULL,
  `perrmb` varchar(255) DEFAULT NULL,
  `premierrmb` date DEFAULT NULL,
  `racine_client` varchar(255) DEFAULT NULL,
  `taux` double NOT NULL,
  `teg` double NOT NULL
) ENGINE=MyISAM DEFAULT CHARSET=utf8mb4;

-- --------------------------------------------------------

--
-- Structure de la table `gest_gar_type`
--

CREATE TABLE `gest_gar_type` (
  `id` bigint(20) NOT NULL,
  `nom` varchar(255) DEFAULT NULL
) ENGINE=MyISAM DEFAULT CHARSET=utf8mb4;

--
-- Déchargement des données de la table `gest_gar_type`
--

INSERT INTO `gest_gar_type` (`id`, `nom`) VALUES
(619, 'HYPOTHECAIRES'),
(620, 'INSCRIT AU GREFFES'),
(621, 'NANTISSEMENTS DE COMPTE'),
(622, 'CAUTIONS'),
(623, 'GAGES'),
(624, 'PEC'),
(625, 'PEL'),
(626, 'DAT');

-- --------------------------------------------------------

--
-- Structure de la table `gest_gar_type_dossier`
--

CREATE TABLE `gest_gar_type_dossier` (
  `id` bigint(20) NOT NULL,
  `nom` varchar(255) DEFAULT NULL
) ENGINE=MyISAM DEFAULT CHARSET=utf8mb4;

--
-- Déchargement des données de la table `gest_gar_type_dossier`
--

INSERT INTO `gest_gar_type_dossier` (`id`, `nom`) VALUES
(615, 'Prêts de consommation'),
(616, 'Prêt Immobilier'),
(617, 'Financement'),
(618, 'Product Program');

-- --------------------------------------------------------

--
-- Structure de la table `gest_gar_user`
--

CREATE TABLE `gest_gar_user` (
  `id` bigint(20) NOT NULL,
  `activated` bit(1) NOT NULL,
  `code_exploitant` varchar(255) DEFAULT NULL,
  `date_reactivation` datetime DEFAULT NULL,
  `departement` varchar(255) DEFAULT NULL,
  `email` varchar(255) DEFAULT NULL,
  `login` varchar(255) DEFAULT NULL,
  `password` varchar(255) DEFAULT NULL,
  `tel_bur` varchar(255) DEFAULT NULL,
  `username` varchar(255) DEFAULT NULL,
  `validateur_id` bigint(20) DEFAULT NULL
) ENGINE=MyISAM DEFAULT CHARSET=utf8mb4;

--
-- Déchargement des données de la table `gest_gar_user`
--

INSERT INTO `gest_gar_user` (`id`, `activated`, `code_exploitant`, `date_reactivation`, `departement`, `email`, `login`, `password`, `tel_bur`, `username`, `validateur_id`) VALUES
(631, b'1', NULL, NULL, NULL, NULL, 'Aucun', '$2a$10$hynFiNCEBKF..6CyeT8Ll.ukXcHsXFB58KSoszySXNAQyH2dM.Neq', NULL, 'Aucun', NULL),
(633, b'1', NULL, NULL, NULL, NULL, 'cedric.traore', '$2a$10$fx.5RUAepLEexN5wcZEZ0.UKwQTrqgVHeCo58NXmNlewAfiWgkF5u', NULL, NULL, 632),
(634, b'1', NULL, NULL, NULL, NULL, 'm1318', '$2a$10$025LbFOo8I6meYzxvwp5j.KHrzIgo5ECNzAkVpDWAUIWAn/XkweKy', NULL, NULL, 632),
(635, b'1', NULL, NULL, NULL, NULL, 'm986', '$2a$10$6nEXBJsu004Hpa4RHCNYK.RopIJd4x8h6zhpTP8F8YUEVQ8o05PLG', NULL, NULL, 632),
(636, b'1', NULL, NULL, NULL, NULL, 'm1153', '$2a$10$ZDs8kt9cbfdJxh1Y3sMGquwZ2Xd1./x/DUI2J9Hh.fjALcIe0abrS', NULL, NULL, 632),
(637, b'1', NULL, NULL, NULL, NULL, 'm1284', '$2a$10$49FZRsLBZhdoqAgHerkPZ.LctmrLEMjLNR6Gw07ihS4zHEns3J78.', NULL, NULL, 632),
(638, b'1', NULL, NULL, NULL, NULL, 'm1305', '$2a$10$hidAGgca7Llz3SMrPt1E6enKokdwoiIQUtE1z1O7GZHtLe7AOAWWC', NULL, NULL, 632),
(639, b'1', NULL, NULL, NULL, NULL, 'm1268', '$2a$10$SuBFaBKJIJZxx44eVo9RBuFDF5d1nE0MSMc1MJfnswAKJgdQ3XT2a', NULL, NULL, 632);

-- --------------------------------------------------------

--
-- Structure de la table `gest_gar_user_garanties`
--

CREATE TABLE `gest_gar_user_garanties` (
  `user_id` bigint(20) NOT NULL,
  `garanties_id` bigint(20) NOT NULL
) ENGINE=MyISAM DEFAULT CHARSET=utf8mb4;

-- --------------------------------------------------------

--
-- Structure de la table `gest_gar_user_roles`
--

CREATE TABLE `gest_gar_user_roles` (
  `user_id` bigint(20) NOT NULL,
  `roles_id` bigint(20) NOT NULL
) ENGINE=MyISAM DEFAULT CHARSET=utf8mb4;

--
-- Déchargement des données de la table `gest_gar_user_roles`
--

INSERT INTO `gest_gar_user_roles` (`user_id`, `roles_id`) VALUES
(633, 627),
(633, 628),
(633, 629),
(633, 630),
(634, 627),
(634, 628),
(634, 629),
(634, 630),
(635, 627),
(635, 628),
(635, 629),
(635, 630),
(636, 627),
(636, 628),
(636, 629),
(636, 630),
(637, 627),
(637, 628),
(637, 629),
(637, 630),
(638, 627),
(638, 628),
(638, 629),
(638, 630),
(639, 627),
(639, 628),
(639, 629),
(639, 630);

-- --------------------------------------------------------

--
-- Structure de la table `gest_gar_validateur`
--

CREATE TABLE `gest_gar_validateur` (
  `id` bigint(20) NOT NULL,
  `email` varchar(255) DEFAULT NULL,
  `login` varchar(255) DEFAULT NULL,
  `username` varchar(255) DEFAULT NULL
) ENGINE=MyISAM DEFAULT CHARSET=utf8mb4;

--
-- Déchargement des données de la table `gest_gar_validateur`
--

INSERT INTO `gest_gar_validateur` (`id`, `email`, `login`, `username`) VALUES
(632, NULL, 'Aucun', 'Aucun');

-- --------------------------------------------------------

--
-- Structure de la table `hibernate_sequence`
--

CREATE TABLE `hibernate_sequence` (
  `next_val` bigint(20) DEFAULT NULL
) ENGINE=InnoDB DEFAULT CHARSET=utf8mb4;

--
-- Déchargement des données de la table `hibernate_sequence`
--

INSERT INTO `hibernate_sequence` (`next_val`) VALUES
(699),
(699),
(699),
(699),
(699),
(699),
(699),
(699),
(699),
(699),
(699),
(699),
(699),
(699),
(699),
(699);

-- --------------------------------------------------------

--
-- Structure de la table `log_action`
--

CREATE TABLE `log_action` (
  `id` bigint(20) NOT NULL,
  `action_realisee` varchar(255) DEFAULT NULL,
  `impact_action` varchar(255) DEFAULT NULL,
  `local_date` date DEFAULT NULL,
  `nom_action` varchar(255) DEFAULT NULL,
  `role` varchar(255) DEFAULT NULL,
  `station` varchar(255) DEFAULT NULL,
  `user` varchar(255) DEFAULT NULL
) ENGINE=MyISAM DEFAULT CHARSET=utf8mb4;

--
-- Déchargement des données de la table `log_action`
--

INSERT INTO `log_action` (`id`, `action_realisee`, `impact_action`, `local_date`, `nom_action`, `role`, `station`, `user`) VALUES
(306, 'Création de BC', 'Ajout de BC dans la base de donnée', '2022-07-21', 'Création de BC', 'ROLE_ASSISTANTE', 'STATION DE PORT-BOUET', 'Assistance'),
(320, 'Enregistrement d\'une nouvelle vente corporate ', 'la vente ajouter apparait dans la liste de toutes les ventes au corporate', '2022-07-23', 'Ajout une vente au corporate', 'ROLE_GERANT', 'STATION DE DALOA', 'GERANT DALOA'),
(323, 'Enregistrement d\'une nouvelle vente corporate ', 'la vente ajouter apparait dans la liste de toutes les ventes au corporate', '2022-07-23', 'Ajout une vente au corporate', 'ROLE_GERANT', 'STATION DE DALOA', 'GERANT DALOA'),
(325, 'Enregistrement d\'une nouvelle vente corporate ', 'la vente ajouter apparait dans la liste de toutes les ventes au corporate', '2022-07-23', 'Ajout une vente au corporate', 'ROLE_GERANT', 'STATION DE DALOA', 'GERANT DALOA'),
(327, 'Enregistrement d\'une nouvelle vente corporate ', 'la vente ajouter apparait dans la liste de toutes les ventes au corporate', '2022-07-23', 'Ajout une vente au corporate', 'ROLE_GERANT', 'STATION DE DALOA', 'GERANT DALOA'),
(329, 'Enregistrement d\'une nouvelle vente corporate ', 'la vente ajouter apparait dans la liste de toutes les ventes au corporate', '2022-07-23', 'Ajout une vente au corporate', 'ROLE_GERANT', 'STATION DE DALOA', 'GERANT DALOA'),
(334, 'Enregistrement d\'une nouvelle vente corporate ', 'la vente ajouter apparait dans la liste de toutes les ventes au corporate', '2022-07-24', 'Ajout une vente au corporate', 'ROLE_GERANT', 'STATION DE DALOA', 'GERANT DALOA'),
(411, 'Enregistrement d\'une nouvelle vente corporate ', 'la vente ajouter apparait dans la liste de toutes les ventes au corporate', '2022-07-27', 'Ajout une vente au corporate', 'ROLE_GERANT', 'STATION DE DALOA', 'GERANT DALOA'),
(420, 'apporter un changement dans les valeurs saisies', 'un BC avec les valeurs modifiées', '2022-08-15', 'Modification de BC', 'ROLE_ASSISTANTE', 'STATION DE PORT-BOUET', 'Assistance'),
(422, 'apporter un changement dans les valeurs saisies', 'un BC avec les valeurs modifiées', '2022-08-15', 'Modification de BC', 'ROLE_ASSISTANTE', 'STATION DE PORT-BOUET', 'Assistance'),
(424, 'apporter un changement dans les valeurs saisies', 'un BC avec les valeurs modifiées', '2022-08-15', 'Modification de BC', 'ROLE_ASSISTANTE', 'STATION DE PORT-BOUET', 'Assistance'),
(426, 'apporter un changement dans les valeurs saisies', 'un BC avec les valeurs modifiées', '2022-08-15', 'Modification de BC', 'ROLE_ASSISTANTE', 'STATION DE PORT-BOUET', 'Assistance'),
(428, 'apporter un changement dans les valeurs saisies', 'un BC avec les valeurs modifiées', '2022-08-15', 'Modification de BC', 'ROLE_ASSISTANTE', 'STATION DE PORT-BOUET', 'Assistance'),
(430, 'apporter un changement dans les valeurs saisies', 'un BC avec les valeurs modifiées', '2022-08-15', 'Modification de BC', 'ROLE_ASSISTANTE', 'STATION DE PORT-BOUET', 'Assistance'),
(432, 'apporter un changement dans les valeurs saisies', 'un BC avec les valeurs modifiées', '2022-08-15', 'Modification de BC', 'ROLE_ASSISTANTE', 'STATION DE PORT-BOUET', 'Assistance'),
(449, 'Acceptation du BL Corporate avec ecart', 'Impact du stock de GESTOCI', '2022-08-21', 'Validation BL Corporate avec ecart', 'ROLE_RESPCOM', 'Divine Oil CI', 'Responsable Commercial'),
(450, 'Acceptation du BL Corporate avec ecart', 'Mise à jour qte livrée et Impact du stock de GESTOCI', '2022-08-21', 'Validation BL Corporate avec ecart', 'ROLE_RESPCOM', 'Divine Oil CI', 'Responsable Commercial'),
(451, 'Acceptation du BL Corporate avec ecart', 'Mise à jour qte livrée et Impact du stock de GESTOCI', '2022-08-21', 'Validation BL Corporate avec ecart', 'ROLE_RESPCOM', 'Divine Oil CI', 'Responsable Commercial'),
(454, 'Acceptation du BL Corporate avec ecart', 'Mise à jour qte livrée et Impact du stock de GESTOCI', '2022-08-21', 'Validation BL Corporate avec ecart', 'ROLE_RESPCOM', 'Divine Oil CI', 'Responsable Commercial'),
(461, 'Acceptation du BL Corporate avec ecart', 'Mise à jour qte livrée et Impact du stock de GESTOCI', '2022-08-29', 'Validation BL Corporate avec ecart', 'ROLE_ADMIN', 'STATION DE DIANRA', 'Thomas'),
(548, 'Acceptation du BL Corporate avec ecart', 'Mise à jour qte livrée et Impact du stock de GESTOCI', '2022-10-04', 'Validation BL Corporate avec ecart', 'ROLE_RESPCOM', 'Divine Oil CI', 'Responsable Commercial'),
(553, 'Enregistrement de BC pour la SIR', 'Ajout de BC dans la base de donnée et afficher dans la liste de tous les BC', '2022-10-25', 'Création de BC', 'ROLE_ASSISTANTE', 'STATION DE PORT-BOUET', 'Assistance'),
(556, 'Enregistrement de BC pour la SIR', 'Ajout de BC dans la base de donnée et afficher dans la liste de tous les BC', '2022-10-25', 'Création de BC', 'ROLE_ASSISTANTE', 'STATION DE PORT-BOUET', 'Assistance'),
(559, 'Enregistrement de BC pour la SIR', 'Ajout de BC dans la base de donnée et afficher dans la liste de tous les BC', '2022-10-25', 'Création de BC', 'ROLE_ASSISTANTE', 'STATION DE PORT-BOUET', 'Assistance'),
(562, 'Enregistrement de BC pour la SIR', 'Ajout de BC dans la base de donnée et afficher dans la liste de tous les BC', '2022-10-25', 'Création de BC', 'ROLE_ASSISTANTE', 'STATION DE PORT-BOUET', 'Assistance'),
(565, 'Enregistrement de BC pour la SIR', 'Ajout de BC dans la base de donnée et afficher dans la liste de tous les BC', '2022-10-25', 'Création de BC', 'ROLE_ASSISTANTE', 'STATION DE PORT-BOUET', 'Assistance'),
(567, 'apporter un changement dans les valeurs saisies', 'un BC avec les valeurs modifiées', '2022-10-25', 'Modification de BC', 'ROLE_ASSISTANTE', 'STATION DE PORT-BOUET', 'Assistance'),
(569, 'apporter un changement dans les valeurs saisies', 'un BC avec les valeurs modifiées', '2022-10-25', 'Modification de BC', 'ROLE_ASSISTANTE', 'STATION DE PORT-BOUET', 'Assistance'),
(571, 'apporter un changement dans les valeurs saisies', 'un BC avec les valeurs modifiées', '2022-10-25', 'Modification de BC', 'ROLE_ASSISTANTE', 'STATION DE PORT-BOUET', 'Assistance'),
(574, 'Enregistrement de BC pour la SIR', 'Ajout de BC dans la base de donnée et afficher dans la liste de tous les BC', '2022-10-25', 'Création de BC', 'ROLE_ASSISTANTE', 'STATION DE PORT-BOUET', 'Assistance'),
(577, 'la pièce ajoutéé est le BL livré par la SIR', 'Validation du BC et impactation des soldes de GESTOCI', '2022-10-26', 'Ajout de pieces jointes', 'ROLE_ASSISTANTE', 'STATION DE PORT-BOUET', 'Assistance'),
(582, 'Acceptation du BL Corporate avec ecart', 'Mise à jour qte livrée et Impact du stock de GESTOCI', '2022-10-27', 'Validation BL Corporate avec ecart', 'ROLE_ADMIN', 'STATION DE DIANRA', 'Thomas'),
(601, 'Enregistrement de BC pour la SIR', 'Ajout de BC dans la base de donnée et afficher dans la liste de tous les BC', '2022-11-04', 'Création de BC', 'ROLE_ASSISTANTE', 'STATION DE PORT-BOUET', 'Assistance'),
(604, 'la pièce ajoutéé est le BL livré par la SIR', 'Validation du BC et impactation des soldes de GESTOCI', '2022-11-04', 'Ajout de pieces jointes', 'ROLE_ASSISTANTE', 'STATION DE PORT-BOUET', 'Assistance'),
(643, 'Enregistrement de BC pour la SIR', 'Ajout de BC dans la base de donnée et afficher dans la liste de tous les BC', '2022-12-26', 'Création de BC', 'ROLE_ASSISTANTE', 'STATION DE PORT-BOUET', 'Assistance'),
(691, 'Enregistrement de BC pour la SIR', 'Ajout de BC dans la base de donnée et afficher dans la liste de tous les BC', '2023-01-24', 'Création de BC', 'ROLE_ASSISTANTE', 'STATION DE PORT-BOUET', 'Assistance'),
(694, 'Enregistrement de BC pour la SIR', 'Ajout de BC dans la base de donnée et afficher dans la liste de tous les BC', '2023-01-24', 'Création de BC', 'ROLE_ASSISTANTE', 'STATION DE PORT-BOUET', 'Assistance'),
(698, 'la pièce ajoutéé est le BL livré par la SIR', 'Validation du BC et impactation des soldes de GESTOCI', '2023-01-30', 'Ajout de pieces jointes', 'ROLE_ASSISTANTE', 'STATION DE PORT-BOUET', 'Assistance');

-- --------------------------------------------------------

--
-- Structure de la table `stock_init_gestoci`
--

CREATE TABLE `stock_init_gestoci` (
  `id` bigint(20) NOT NULL,
  `date_eng` date DEFAULT NULL,
  `qte_es_physique` varchar(255) DEFAULT NULL,
  `qte_gaz_physique` varchar(255) DEFAULT NULL,
  `qte_theorique_es` varchar(255) DEFAULT NULL,
  `qte_theorique_gaz` varchar(255) DEFAULT NULL,
  `user_id` bigint(20) DEFAULT NULL,
  `stations_id` bigint(20) DEFAULT NULL
) ENGINE=InnoDB DEFAULT CHARSET=utf8mb4;

-- --------------------------------------------------------

--
-- Structure de la vue `facturation_corporate`
--
DROP TABLE IF EXISTS `facturation_corporate`;

CREATE ALGORITHM=UNDEFINED DEFINER=`root`@`localhost` SQL SECURITY DEFINER VIEW `facturation_corporate`  AS   (select distinct `d`.`id` AS `id`,`d`.`datebl` AS `datebl`,`d`.`ref_es` AS `ref_es`,`d`.`ref_gaz` AS `ref_gaz`,`d`.`designation_es` AS `des_es`,`d`.`designation_gaz` AS `des_gaz`,`d`.`qte_es` AS `qte_es`,`d`.`qte_gaz` AS `qte_gaz`,`d`.`corporates_id` AS `corporates_id`,`p`.`nom` AS `prestataire`,`p`.`nom_chauffeur` AS `nom_chauffeur`,`c`.`nom` AS `client`,`c`.`remise_essence` AS `remise_essence`,`c`.`remise_gazoil` AS `remise_gazoil`,`c`.`contact1` AS `contact1`,`c`.`localisation` AS `localisation`,`c`.`id` AS `clientCorpId`,`c`.`num_doc` AS `DFE`,`i`.`pue` AS `pue`,`i`.`pug` AS `pug` from ((((`doci_prixpompe_init` `i` join `doci_bonlivraison` `b`) join `doci_clientcorporates` `c`) join `doci_corporate_directe` `d`) join `doci_prestataire` `p`) where `c`.`id` = `d`.`corporates_id` and `d`.`accepter` = 1 and `p`.`id` = `d`.`prestataire_id`)  ;

-- --------------------------------------------------------

--
-- Structure de la vue `facturation_corporateold`
--
DROP TABLE IF EXISTS `facturation_corporateold`;

CREATE ALGORITHM=UNDEFINED DEFINER=`root`@`localhost` SQL SECURITY DEFINER VIEW `facturation_corporateold`  AS   (select `b`.`id` AS `id`,`b`.`datebl` AS `datebl`,`b`.`ref_es` AS `ref_es`,`b`.`ref_gaz` AS `ref_gaz`,`b`.`designation_es` AS `des_es`,`b`.`designation_gaz` AS `des_gaz`,`b`.`qte_es` AS `qte_es`,`b`.`qte_gaz` AS `qte_gaz`,`c`.`nom` AS `client`,`c`.`remise_essence` AS `remise_essence`,`c`.`remise_gazoil` AS `remise_gazoil`,`p`.`nom` AS `prestataire`,`p`.`nom_chauffeur` AS `nom_chauffeur`,`c`.`contact1` AS `contact1`,`c`.`localisation` AS `localisation`,`c`.`num_doc` AS `DFE`,`i`.`pue` AS `pue`,`i`.`pug` AS `pug` from (((`doci_prixpompe_init` `i` join `doci_bonlivraison` `b`) join `doci_clientcorporates` `c`) join `doci_prestataire` `p`) where `c`.`stations_id` = `b`.`station_id` and `b`.`prestataire_id` = `p`.`id` and `b`.`accepter` = 1)  ;

--
-- Index pour les tables déchargées
--

--
-- Index pour la table `ci_interim`
--
ALTER TABLE `ci_interim`
  ADD PRIMARY KEY (`id`);

--
-- Index pour la table `doci_beneficiaire`
--
ALTER TABLE `doci_beneficiaire`
  ADD PRIMARY KEY (`id`),
  ADD KEY `FKcctdhj20q9voyck6409bgedn5` (`clients_corporates_id`);

--
-- Index pour la table `doci_bondecommande`
--
ALTER TABLE `doci_bondecommande`
  ADD PRIMARY KEY (`id`),
  ADD KEY `FK5c8uwiyy6ruwnnhvexugcpqr0` (`doc_id`);

--
-- Index pour la table `doci_bonlivraison`
--
ALTER TABLE `doci_bonlivraison`
  ADD KEY `FKesmfqy1sgd73ckqik1qnmbqre` (`gerant_id`),
  ADD KEY `FKrn74odea21qmh42nt0b4jgy71` (`prestataire_id`),
  ADD KEY `FK742qsm0264t2fwb64865paq7v` (`station_id`),
  ADD KEY `FK4kw0ob571qfrqax2s5d9hsxxe` (`user_id`);

--
-- Index pour la table `doci_clientcorporates`
--
ALTER TABLE `doci_clientcorporates`
  ADD PRIMARY KEY (`id`),
  ADD KEY `FKstxld0fd8da4aou8b93tb9n4n` (`stations_id`),
  ADD KEY `FKgy9pk50m2jxd0oshugv4pbv40` (`user_id`);

--
-- Index pour la table `doci_clientcorporates_beneficiaire_list`
--
ALTER TABLE `doci_clientcorporates_beneficiaire_list`
  ADD UNIQUE KEY `UK_o5ni7uv8gny8o1jyyit7ufhav` (`beneficiaire_list_id`),
  ADD KEY `FKtdcigh4t9be3x36tht5d3m4gq` (`clients_corporates_id`);

--
-- Index pour la table `doci_clients`
--
ALTER TABLE `doci_clients`
  ADD PRIMARY KEY (`id`),
  ADD KEY `FKogja2dne5w1l3mtbgnlc5g1vp` (`station_id`);

--
-- Index pour la table `doci_clientscomptants`
--
ALTER TABLE `doci_clientscomptants`
  ADD PRIMARY KEY (`id`),
  ADD KEY `FK1tluu2o06egx8c8c7y2dcajf5` (`stations_id`),
  ADD KEY `FKgg63onpc36tbkesqrjevdt9r9` (`user_id`);

--
-- Index pour la table `doci_corporate_directe`
--
ALTER TABLE `doci_corporate_directe`
  ADD PRIMARY KEY (`id`),
  ADD KEY `FK7p3robfsmee6wdahuxm3phh40` (`corporates_id`),
  ADD KEY `FKnvxda77kalx3fw2ee5x1qxjcw` (`doc_id`),
  ADD KEY `FKif4ag59reutljfygdcqswojqp` (`prestataire_id`),
  ADD KEY `FKerkmoqo0x80lb8vqqbettdjr` (`user_id`);

--
-- Index pour la table `doci_docs`
--
ALTER TABLE `doci_docs`
  ADD PRIMARY KEY (`id`);

--
-- Index pour la table `doci_historystockstation`
--
ALTER TABLE `doci_historystockstation`
  ADD PRIMARY KEY (`id`),
  ADD KEY `FKa2dk1odgcwiqkcrhgdkjwxuut` (`stations_id`);

--
-- Index pour la table `doci_history_stockgestoci`
--
ALTER TABLE `doci_history_stockgestoci`
  ADD PRIMARY KEY (`id`),
  ADD KEY `FK7ds908yg9oo9sn5eafml2v71r` (`stock_init_gestoci_id`);

--
-- Index pour la table `doci_indexes`
--
ALTER TABLE `doci_indexes`
  ADD PRIMARY KEY (`id`),
  ADD KEY `FKb7xgde8msw6tj5wg8kvy7t5ey` (`stations_id`);

--
-- Index pour la table `doci_mouvements`
--
ALTER TABLE `doci_mouvements`
  ADD PRIMARY KEY (`id`),
  ADD KEY `FKa89wmglgk5h46kxoquivd4acg` (`stations_id`);

--
-- Index pour la table `doci_mouvements_ventes_comptant_list`
--
ALTER TABLE `doci_mouvements_ventes_comptant_list`
  ADD UNIQUE KEY `UK_5kb028ff7uaqb35j41a394be2` (`ventes_comptant_list_id`),
  ADD KEY `FK1yfhq6ro2le11eojgm7n5kusf` (`mouvements_id`);

--
-- Index pour la table `doci_mouvements_ventes_corporate_list`
--
ALTER TABLE `doci_mouvements_ventes_corporate_list`
  ADD UNIQUE KEY `UK_9hlaakeb6i5mshcwef0xf4x8y` (`ventes_corporate_list_id`),
  ADD KEY `FKb8ur28pab7vetqejpbx1n3ksm` (`mouvements_id`);

--
-- Index pour la table `doci_pompe`
--
ALTER TABLE `doci_pompe`
  ADD PRIMARY KEY (`id`);

--
-- Index pour la table `doci_prestataire`
--
ALTER TABLE `doci_prestataire`
  ADD PRIMARY KEY (`id`);

--
-- Index pour la table `doci_prixpompe_init`
--
ALTER TABLE `doci_prixpompe_init`
  ADD PRIMARY KEY (`id`);

--
-- Index pour la table `doci_roles`
--
ALTER TABLE `doci_roles`
  ADD PRIMARY KEY (`id`);

--
-- Index pour la table `doci_stations`
--
ALTER TABLE `doci_stations`
  ADD PRIMARY KEY (`id`),
  ADD KEY `FKoatu3eildlhwnaarjr5u4g0ve` (`user_id`),
  ADD KEY `FKgliaeniyw5pnlktu3v2jv6ixo` (`zone_id`);

--
-- Index pour la table `doci_stations_indexe1_list`
--
ALTER TABLE `doci_stations_indexe1_list`
  ADD UNIQUE KEY `UK_na2da5ivmmek21h5xq0t9oihi` (`indexe_list_id`),
  ADD KEY `FKsmqahrk6rkqw5n1852iah55y0` (`stations_id`);

--
-- Index pour la table `doci_stations_indexe_list`
--
ALTER TABLE `doci_stations_indexe_list`
  ADD UNIQUE KEY `UK_na2da5ivmmek21h5xq0t9oihi` (`indexe_list_id`),
  ADD KEY `FKsmqahrk6rkqw5n1852iah55y0` (`stations_id`);

--
-- Index pour la table `doci_stations_mouvements_list`
--
ALTER TABLE `doci_stations_mouvements_list`
  ADD UNIQUE KEY `UK_2tu7ltncaeoku93nqi1nlpeau` (`mouvements_list_id`),
  ADD KEY `FKf7evid14mh5t8j0lr3j5iwlsr` (`stations_id`);

--
-- Index pour la table `doci_stock`
--
ALTER TABLE `doci_stock`
  ADD PRIMARY KEY (`id`),
  ADD KEY `FKrkjiwmo9l3jxba16wpfk58how` (`stations_id`),
  ADD KEY `FKsxtku2bqe4alrqa6qstwucbuj` (`stock_init_station_id`);

--
-- Index pour la table `doci_stockgestoci`
--
ALTER TABLE `doci_stockgestoci`
  ADD PRIMARY KEY (`id`),
  ADD KEY `FKer1peiaeomb4wi0g964bxtro1` (`stock_init_gestoci_id`);

--
-- Index pour la table `doci_stockinitgestoci`
--
ALTER TABLE `doci_stockinitgestoci`
  ADD PRIMARY KEY (`id`),
  ADD KEY `FK5yuu7mn7r7cfs6leygsvdjau0` (`stations_id`),
  ADD KEY `FKfl2wfotgpu71wxae3nm34wbht` (`user_id`);

--
-- Index pour la table `doci_stockinitstation`
--
ALTER TABLE `doci_stockinitstation`
  ADD PRIMARY KEY (`id`),
  ADD KEY `FKafat7wvrd3gbegqpkm859e0ss` (`stations_id`),
  ADD KEY `FKmbw6oi0fqify82rld09no0985` (`user_id`);

--
-- Index pour la table `doci_stock_station`
--
ALTER TABLE `doci_stock_station`
  ADD PRIMARY KEY (`id`),
  ADD KEY `FK2gt421c112a3l6p3de78hf1lw` (`stations_id`),
  ADD KEY `FK2dt4324i0bifjqwg8am5qy9h0` (`stock_init_station_id`);

--
-- Index pour la table `doci_type_client`
--
ALTER TABLE `doci_type_client`
  ADD PRIMARY KEY (`id`);

--
-- Index pour la table `doci_type_ventes`
--
ALTER TABLE `doci_type_ventes`
  ADD PRIMARY KEY (`id`);

--
-- Index pour la table `doci_user`
--
ALTER TABLE `doci_user`
  ADD PRIMARY KEY (`id`),
  ADD KEY `FKa6ev7ohrjy7gnvg9gvyjvnifj` (`interim_id`),
  ADD KEY `FKol5xn5wwt74fxy5tvi50vp8oe` (`stations_id`);

--
-- Index pour la table `doci_user_roles`
--
ALTER TABLE `doci_user_roles`
  ADD KEY `FKs0s3r271e180w1qtwlvvnh985` (`roles_id`),
  ADD KEY `FK8gdx7cr6i76nb6ji5jmdj9ldx` (`user_id`);

--
-- Index pour la table `doci_ventes`
--
ALTER TABLE `doci_ventes`
  ADD PRIMARY KEY (`id`),
  ADD KEY `FK59ffeckgy9bwjc99m5ysf02sh` (`type_ventes_id`);

--
-- Index pour la table `doci_ventes_corporates`
--
ALTER TABLE `doci_ventes_corporates`
  ADD PRIMARY KEY (`id`),
  ADD KEY `FKrceej8r4pbw1lb0ijjyvnr52d` (`clients_corporates_id`);

--
-- Index pour la table `doci_vente_comptant`
--
ALTER TABLE `doci_vente_comptant`
  ADD PRIMARY KEY (`id`),
  ADD KEY `FKplx2hhjkc3tjxrln4wdjk8jq7` (`clients_comptants_id`);

--
-- Index pour la table `doci_versement`
--
ALTER TABLE `doci_versement`
  ADD PRIMARY KEY (`id`),
  ADD KEY `FKbj30h05xfjjtij2ij5vp67h8h` (`user_id`);

--
-- Index pour la table `doci_zone`
--
ALTER TABLE `doci_zone`
  ADD PRIMARY KEY (`id`);

--
-- Index pour la table `doci_zone_stations_list`
--
ALTER TABLE `doci_zone_stations_list`
  ADD UNIQUE KEY `UK_bccg730r5ijn384avrsrgvrsa` (`stations_list_id`),
  ADD KEY `FKkr4dmutysfigyvxv07k4xtsaq` (`zone_id`);

--
-- Index pour la table `facturation_clorporate`
--
ALTER TABLE `facturation_clorporate`
  ADD PRIMARY KEY (`id`);

--
-- Index pour la table `garantie_daily`
--
ALTER TABLE `garantie_daily`
  ADD PRIMARY KEY (`id`);

--
-- Index pour la table `garantie_monthy`
--
ALTER TABLE `garantie_monthy`
  ADD PRIMARY KEY (`id`);

--
-- Index pour la table `garantie_type_garantie`
--
ALTER TABLE `garantie_type_garantie`
  ADD KEY `FK36dv2tubwyj49v6mtnba60o30` (`type_garanties_id`),
  ADD KEY `FKgb4w11vpj3h4xjsky866fr1t4` (`garantie_id`);

--
-- Index pour la table `garantie_yearly`
--
ALTER TABLE `garantie_yearly`
  ADD PRIMARY KEY (`id`);

--
-- Index pour la table `gest_gar_audit`
--
ALTER TABLE `gest_gar_audit`
  ADD PRIMARY KEY (`id`);

--
-- Index pour la table `gest_gar_authority`
--
ALTER TABLE `gest_gar_authority`
  ADD PRIMARY KEY (`id`);

--
-- Index pour la table `gest_gar_fichiers`
--
ALTER TABLE `gest_gar_fichiers`
  ADD PRIMARY KEY (`id`),
  ADD KEY `FKoq9e6b6p9jjsye00l0sh92chr` (`garantie_id`);

--
-- Index pour la table `gest_gar_garantie`
--
ALTER TABLE `gest_gar_garantie`
  ADD PRIMARY KEY (`id`),
  ADD KEY `FKdpoiysjianui084r40j9m5m9r` (`comptedto_compte`(250)),
  ADD KEY `FKhaxbpfph97s4n8i84v24d7dm6` (`pret_id`),
  ADD KEY `FKjp2qiqhw1g2hvwwd1hhrlxryb` (`type_dossier_pret_id`);

--
-- Index pour la table `gest_gar_garantie_users`
--
ALTER TABLE `gest_gar_garantie_users`
  ADD KEY `FK3drjci8umiitx5u8mx5eso8up` (`users_id`),
  ADD KEY `FKaotq8art33bwqs7yq4k3croui` (`garantie_id`);

--
-- Index pour la table `gest_gar_module_audit`
--
ALTER TABLE `gest_gar_module_audit`
  ADD PRIMARY KEY (`id`);

--
-- Index pour la table `gest_gar_parametrage`
--
ALTER TABLE `gest_gar_parametrage`
  ADD PRIMARY KEY (`id`);

--
-- Index pour la table `gest_gar_pret`
--
ALTER TABLE `gest_gar_pret`
  ADD PRIMARY KEY (`id`);

--
-- Index pour la table `gest_gar_type`
--
ALTER TABLE `gest_gar_type`
  ADD PRIMARY KEY (`id`);

--
-- Index pour la table `gest_gar_type_dossier`
--
ALTER TABLE `gest_gar_type_dossier`
  ADD PRIMARY KEY (`id`);

--
-- Index pour la table `gest_gar_user`
--
ALTER TABLE `gest_gar_user`
  ADD PRIMARY KEY (`id`),
  ADD KEY `FK6iiljdgdyalw62ew3wbcr98sn` (`validateur_id`);

--
-- Index pour la table `gest_gar_user_garanties`
--
ALTER TABLE `gest_gar_user_garanties`
  ADD KEY `FKrxfbba72ctpbnvxum3289ihm2` (`garanties_id`),
  ADD KEY `FKmrk6armumm1uen0u2atiydox3` (`user_id`);

--
-- Index pour la table `gest_gar_user_roles`
--
ALTER TABLE `gest_gar_user_roles`
  ADD PRIMARY KEY (`user_id`,`roles_id`),
  ADD KEY `FKghdtu2x5g7kr0kjri2ygiaps4` (`roles_id`);

--
-- Index pour la table `gest_gar_validateur`
--
ALTER TABLE `gest_gar_validateur`
  ADD PRIMARY KEY (`id`);

--
-- Index pour la table `log_action`
--
ALTER TABLE `log_action`
  ADD PRIMARY KEY (`id`);

--
-- Index pour la table `stock_init_gestoci`
--
ALTER TABLE `stock_init_gestoci`
  ADD PRIMARY KEY (`id`),
  ADD KEY `FKp0xsqciykclrv00ifxmybhq1m` (`stations_id`),
  ADD KEY `FKh2cqpu8ndeqste0jmcmguykdt` (`user_id`);

--
-- AUTO_INCREMENT pour les tables déchargées
--

--
-- AUTO_INCREMENT pour la table `doci_indexes`
--
ALTER TABLE `doci_indexes`
  MODIFY `id` bigint(20) NOT NULL AUTO_INCREMENT, AUTO_INCREMENT=684;

--
-- AUTO_INCREMENT pour la table `doci_type_client`
--
ALTER TABLE `doci_type_client`
  MODIFY `id` bigint(20) NOT NULL AUTO_INCREMENT, AUTO_INCREMENT=3;

--
-- AUTO_INCREMENT pour la table `facturation_clorporate`
--
ALTER TABLE `facturation_clorporate`
  MODIFY `id` bigint(20) NOT NULL AUTO_INCREMENT;

--
-- Contraintes pour les tables déchargées
--

--
-- Contraintes pour la table `doci_bonlivraison`
--
ALTER TABLE `doci_bonlivraison`
  ADD CONSTRAINT `FK4kw0ob571qfrqax2s5d9hsxxe` FOREIGN KEY (`user_id`) REFERENCES `doci_user` (`id`),
  ADD CONSTRAINT `FK742qsm0264t2fwb64865paq7v` FOREIGN KEY (`station_id`) REFERENCES `doci_stations` (`id`),
  ADD CONSTRAINT `FKesmfqy1sgd73ckqik1qnmbqre` FOREIGN KEY (`gerant_id`) REFERENCES `doci_user` (`id`),
  ADD CONSTRAINT `FKrn74odea21qmh42nt0b4jgy71` FOREIGN KEY (`prestataire_id`) REFERENCES `doci_prestataire` (`id`);

--
-- Contraintes pour la table `doci_historystockstation`
--
ALTER TABLE `doci_historystockstation`
  ADD CONSTRAINT `FKa2dk1odgcwiqkcrhgdkjwxuut` FOREIGN KEY (`stations_id`) REFERENCES `doci_stations` (`id`);

--
-- Contraintes pour la table `doci_history_stockgestoci`
--
ALTER TABLE `doci_history_stockgestoci`
  ADD CONSTRAINT `FK7ds908yg9oo9sn5eafml2v71r` FOREIGN KEY (`stock_init_gestoci_id`) REFERENCES `doci_stockinitgestoci` (`id`);

--
-- Contraintes pour la table `doci_indexes`
--
ALTER TABLE `doci_indexes`
  ADD CONSTRAINT `FKb7xgde8msw6tj5wg8kvy7t5ey` FOREIGN KEY (`stations_id`) REFERENCES `doci_stations` (`id`);

--
-- Contraintes pour la table `doci_stations`
--
ALTER TABLE `doci_stations`
  ADD CONSTRAINT `FKgliaeniyw5pnlktu3v2jv6ixo` FOREIGN KEY (`zone_id`) REFERENCES `doci_zone` (`id`),
  ADD CONSTRAINT `FKoatu3eildlhwnaarjr5u4g0ve` FOREIGN KEY (`user_id`) REFERENCES `doci_user` (`id`);

--
-- Contraintes pour la table `doci_stockgestoci`
--
ALTER TABLE `doci_stockgestoci`
  ADD CONSTRAINT `FKer1peiaeomb4wi0g964bxtro1` FOREIGN KEY (`stock_init_gestoci_id`) REFERENCES `doci_stockinitgestoci` (`id`);

--
-- Contraintes pour la table `doci_stockinitgestoci`
--
ALTER TABLE `doci_stockinitgestoci`
  ADD CONSTRAINT `FKfl2wfotgpu71wxae3nm34wbht` FOREIGN KEY (`user_id`) REFERENCES `doci_user` (`id`);

--
-- Contraintes pour la table `doci_stockinitstation`
--
ALTER TABLE `doci_stockinitstation`
  ADD CONSTRAINT `FKafat7wvrd3gbegqpkm859e0ss` FOREIGN KEY (`stations_id`) REFERENCES `doci_stations` (`id`),
  ADD CONSTRAINT `FKmbw6oi0fqify82rld09no0985` FOREIGN KEY (`user_id`) REFERENCES `doci_user` (`id`);

--
-- Contraintes pour la table `doci_user`
--
ALTER TABLE `doci_user`
  ADD CONSTRAINT `FKa6ev7ohrjy7gnvg9gvyjvnifj` FOREIGN KEY (`interim_id`) REFERENCES `ci_interim` (`id`),
  ADD CONSTRAINT `FKol5xn5wwt74fxy5tvi50vp8oe` FOREIGN KEY (`stations_id`) REFERENCES `doci_stations` (`id`);

--
-- Contraintes pour la table `doci_user_roles`
--
ALTER TABLE `doci_user_roles`
  ADD CONSTRAINT `FK8gdx7cr6i76nb6ji5jmdj9ldx` FOREIGN KEY (`user_id`) REFERENCES `doci_user` (`id`) ON DELETE CASCADE ON UPDATE CASCADE,
  ADD CONSTRAINT `FKs0s3r271e180w1qtwlvvnh985` FOREIGN KEY (`roles_id`) REFERENCES `doci_roles` (`id`) ON DELETE CASCADE ON UPDATE CASCADE;

--
-- Contraintes pour la table `doci_ventes`
--
ALTER TABLE `doci_ventes`
  ADD CONSTRAINT `FK59ffeckgy9bwjc99m5ysf02sh` FOREIGN KEY (`type_ventes_id`) REFERENCES `doci_type_ventes` (`id`);

--
-- Contraintes pour la table `doci_zone_stations_list`
--
ALTER TABLE `doci_zone_stations_list`
  ADD CONSTRAINT `FKkr4dmutysfigyvxv07k4xtsaq` FOREIGN KEY (`zone_id`) REFERENCES `doci_zone` (`id`),
  ADD CONSTRAINT `FKr4ocwekyys2g42u007t3fqoc0` FOREIGN KEY (`stations_list_id`) REFERENCES `doci_stations` (`id`);
COMMIT;

/*!40101 SET CHARACTER_SET_CLIENT=@OLD_CHARACTER_SET_CLIENT */;
/*!40101 SET CHARACTER_SET_RESULTS=@OLD_CHARACTER_SET_RESULTS */;
/*!40101 SET COLLATION_CONNECTION=@OLD_COLLATION_CONNECTION */;
